"order","header","sdkPath","partition","namespace","status"
"1","AdsHlp.h","/um/AdsHlp.h","ActiveDirectory","Windows.Win32.Networking.ActiveDirectory","matched"
"2","adsiid.h","/um/adsiid.h","ActiveDirectory","Windows.Win32.Networking.ActiveDirectory","queued"
"3","AdsProp.h","/um/AdsProp.h","ActiveDirectory","Windows.Win32.Networking.ActiveDirectory","queued"
"4","CmnQuery.h","/um/CmnQuery.h","ActiveDirectory","Windows.Win32.Networking.ActiveDirectory","queued"
"5","DSAdmin.h","/um/DSAdmin.h","ActiveDirectory","Windows.Win32.Networking.ActiveDirectory","queued"
"6","DSClient.h","/um/DSClient.h","ActiveDirectory","Windows.Win32.Networking.ActiveDirectory","queued"
"7","DsGetDC.h","/um/DsGetDC.h","ActiveDirectory","Windows.Win32.Networking.ActiveDirectory","queued"
"8","dsparse.h","/um/dsparse.h","ActiveDirectory","Windows.Win32.Networking.ActiveDirectory","queued"
"9","dsquery.h","/um/dsquery.h","ActiveDirectory","Windows.Win32.Networking.ActiveDirectory","queued"
"10","DSRole.h","/um/DSRole.h","ActiveDirectory","Windows.Win32.Networking.ActiveDirectory","queued"
"11","Iads.h","/um/Iads.h","ActiveDirectory","Windows.Win32.Networking.ActiveDirectory","queued"
"12","NtDsAPI.h","/um/NtDsAPI.h","ActiveDirectory","Windows.Win32.Networking.ActiveDirectory","queued"
"13","ntdsbmsg.h","/um/ntdsbmsg.h","ActiveDirectory","Windows.Win32.Networking.ActiveDirectory","queued"
"14","ObjSel.h","/um/ObjSel.h","ActiveDirectory","Windows.Win32.Networking.ActiveDirectory","queued"
"15","schedule.h","/um/schedule.h","ActiveDirectory","Windows.Win32.Networking.ActiveDirectory","queued"
"16","adoctint.h","/um/adoctint.h","Ado","Windows.Win32.System.Ado","queued"
"17","adodef.h","/um/adodef.h","Ado","Windows.Win32.System.Ado","queued"
"18","adogpool_backcompat.h","/um/adogpool_backcompat.h","Ado","Windows.Win32.System.Ado","queued"
"19","adogpool.h","/um/adogpool.h","Ado","Windows.Win32.System.Ado","queued"
"20","adoguids.h","/um/adoguids.h","Ado","Windows.Win32.System.Ado","queued"
"21","adoid.h","/um/adoid.h","Ado","Windows.Win32.System.Ado","queued"
"22","adoint_backcompat.h","/um/adoint_backcompat.h","Ado","Windows.Win32.System.Ado","queued"
"23","adoint.h","/um/adoint.h","Ado","Windows.Win32.System.Ado","queued"
"24","adojet.h","/um/adojet.h","Ado","Windows.Win32.System.Ado","queued"
"25","adomd.h","/um/adomd.h","Ado","Windows.Win32.System.Ado","queued"
"26","icrsint.h","/um/icrsint.h","Ado","Windows.Win32.System.Ado","queued"
"27","AboutData.h","/um/alljoyn_c/AboutData.h","AllJoyn","Windows.Win32.Devices.AllJoyn","queued"
"28","AboutDataListener.h","/um/alljoyn_c/AboutDataListener.h","AllJoyn","Windows.Win32.Devices.AllJoyn","queued"
"29","AboutIcon.h","/um/alljoyn_c/AboutIcon.h","AllJoyn","Windows.Win32.Devices.AllJoyn","queued"
"30","AboutIconObj.h","/um/alljoyn_c/AboutIconObj.h","AllJoyn","Windows.Win32.Devices.AllJoyn","queued"
"31","AboutIconProxy.h","/um/alljoyn_c/AboutIconProxy.h","AllJoyn","Windows.Win32.Devices.AllJoyn","queued"
"32","AboutListener.h","/um/alljoyn_c/AboutListener.h","AllJoyn","Windows.Win32.Devices.AllJoyn","queued"
"33","AboutObj.h","/um/alljoyn_c/AboutObj.h","AllJoyn","Windows.Win32.Devices.AllJoyn","queued"
"34","AboutObjectDescription.h","/um/alljoyn_c/AboutObjectDescription.h","AllJoyn","Windows.Win32.Devices.AllJoyn","queued"
"35","AboutProxy.h","/um/alljoyn_c/AboutProxy.h","AllJoyn","Windows.Win32.Devices.AllJoyn","queued"
"36","AjAPI.h","/um/alljoyn_c/AjAPI.h","AllJoyn","Windows.Win32.Devices.AllJoyn","queued"
"37","ApplicationStateListener.h","/um/alljoyn_c/ApplicationStateListener.h","AllJoyn","Windows.Win32.Devices.AllJoyn","queued"
"38","AuthListener.h","/um/alljoyn_c/AuthListener.h","AllJoyn","Windows.Win32.Devices.AllJoyn","queued"
"39","AutoPinger.h","/um/alljoyn_c/AutoPinger.h","AllJoyn","Windows.Win32.Devices.AllJoyn","queued"
"40","BusAttachment.h","/um/alljoyn_c/BusAttachment.h","AllJoyn","Windows.Win32.Devices.AllJoyn","queued"
"41","BusListener.h","/um/alljoyn_c/BusListener.h","AllJoyn","Windows.Win32.Devices.AllJoyn","queued"
"42","BusObject.h","/um/alljoyn_c/BusObject.h","AllJoyn","Windows.Win32.Devices.AllJoyn","queued"
"43","DBusStdDefines.h","/um/alljoyn_c/DBusStdDefines.h","AllJoyn","Windows.Win32.Devices.AllJoyn","queued"
"44","Init.h","/um/alljoyn_c/Init.h","AllJoyn","Windows.Win32.Devices.AllJoyn","queued"
"45","InterfaceDescription.h","/um/alljoyn_c/InterfaceDescription.h","AllJoyn","Windows.Win32.Devices.AllJoyn","queued"
"46","KeyStoreListener.h","/um/alljoyn_c/KeyStoreListener.h","AllJoyn","Windows.Win32.Devices.AllJoyn","queued"
"47","Message.h","/um/alljoyn_c/Message.h","AllJoyn","Windows.Win32.Devices.AllJoyn","queued"
"48","MessageReceiver.h","/um/alljoyn_c/MessageReceiver.h","AllJoyn","Windows.Win32.Devices.AllJoyn","queued"
"49","MsgArg.h","/um/alljoyn_c/MsgArg.h","AllJoyn","Windows.Win32.Devices.AllJoyn","queued"
"50","Observer.h","/um/alljoyn_c/Observer.h","AllJoyn","Windows.Win32.Devices.AllJoyn","queued"
"51","PasswordManager.h","/um/alljoyn_c/PasswordManager.h","AllJoyn","Windows.Win32.Devices.AllJoyn","queued"
"52","PermissionConfigurationListener.h","/um/alljoyn_c/PermissionConfigurationListener.h","AllJoyn","Windows.Win32.Devices.AllJoyn","queued"
"53","PermissionConfigurator.h","/um/alljoyn_c/PermissionConfigurator.h","AllJoyn","Windows.Win32.Devices.AllJoyn","queued"
"54","ProxyBusObject.h","/um/alljoyn_c/ProxyBusObject.h","AllJoyn","Windows.Win32.Devices.AllJoyn","queued"
"55","SecurityApplicationProxy.h","/um/alljoyn_c/SecurityApplicationProxy.h","AllJoyn","Windows.Win32.Devices.AllJoyn","queued"
"56","Session.h","/um/alljoyn_c/Session.h","AllJoyn","Windows.Win32.Devices.AllJoyn","queued"
"57","SessionListener.h","/um/alljoyn_c/SessionListener.h","AllJoyn","Windows.Win32.Devices.AllJoyn","queued"
"58","SessionPortListener.h","/um/alljoyn_c/SessionPortListener.h","AllJoyn","Windows.Win32.Devices.AllJoyn","queued"
"59","Status.h","/um/alljoyn_c/Status.h","AllJoyn","Windows.Win32.Devices.AllJoyn","queued"
"60","TransportMask.h","/um/alljoyn_c/TransportMask.h","AllJoyn","Windows.Win32.Devices.AllJoyn","queued"
"61","version.h","/um/alljoyn_c/version.h","AllJoyn","Windows.Win32.Devices.AllJoyn","queued"
"62","MSAJTransport.h","/um/MSAJTransport.h","AllJoyn","Windows.Win32.Devices.AllJoyn","queued"
"63","amsi.h","/um/amsi.h","Antimalware","Windows.Win32.System.Antimalware","queued"
"64","avrfsdk.h","/um/avrfsdk.h","ApplicationVerifier","Windows.Win32.System.ApplicationVerifier","queued"
"65","appmodel.h","/um/appmodel.h","AppxPackaging","Windows.Win32.Storage.Packaging.Appx","queued"
"66","AppxPackaging.h","/um/AppxPackaging.h","AppxPackaging","Windows.Win32.Storage.Packaging.Appx","queued"
"67","getcurrentpackageinfo3.h","/um/getcurrentpackageinfo3.h","AppxPackaging","Windows.Win32.Storage.Packaging.Appx","queued"
"68","minappmodel.h","/um/minappmodel.h","AppxPackaging","Windows.Win32.Storage.Packaging.Appx","queued"
"69","packagevirtualizationcontext.h","/um/packagevirtualizationcontext.h","AppxPackaging","Windows.Win32.Storage.Packaging.Appx","queued"
"70","Audioclient.h","/um/Audioclient.h","Audio","Windows.Win32.Media.Audio","queued"
"71","audioclientactivationparams.h","/um/audioclientactivationparams.h","Audio","Windows.Win32.Media.Audio","queued"
"72","audioendpoints.h","/um/audioendpoints.h","Audio","Windows.Win32.Media.Audio","queued"
"73","audiopolicy.h","/um/audiopolicy.h","Audio","Windows.Win32.Media.Audio","queued"
"74","audiosessiontypes.h","/um/audiosessiontypes.h","Audio","Windows.Win32.Media.Audio","queued"
"75","audiostatemonitorapi.h","/um/audiostatemonitorapi.h","Audio","Windows.Win32.Media.Audio","queued"
"76","devicetopology.h","/um/devicetopology.h","Audio","Windows.Win32.Media.Audio","queued"
"77","endpointvolume.h","/um/endpointvolume.h","Audio","Windows.Win32.Media.Audio","queued"
"78","mmdeviceapi.h","/um/mmdeviceapi.h","Audio","Windows.Win32.Media.Audio","queued"
"79","mmeapi.h","/um/mmeapi.h","Audio","Windows.Win32.Media.Audio","queued"
"80","MSAcm.h","/um/MSAcm.h","Audio","Windows.Win32.Media.Audio","queued"
"81","msacmdrv.h","/um/msacmdrv.h","Audio","Windows.Win32.Media.Audio","queued"
"82","playsoundapi.h","/um/playsoundapi.h","Audio","Windows.Win32.Media.Audio","queued"
"83","SpatialAudioClient.h","/um/SpatialAudioClient.h","Audio","Windows.Win32.Media.Audio","queued"
"84","SpatialAudioHrtf.h","/um/SpatialAudioHrtf.h","Audio","Windows.Win32.Media.Audio","queued"
"85","SpatialAudioMetadata.h","/um/SpatialAudioMetadata.h","Audio","Windows.Win32.Media.Audio","queued"
"86","msapofxproxy.h","/shared/msapofxproxy.h","Audio.Apo","Windows.Win32.Media.Audio.Apo","queued"
"87","AudioAPOTypes.h","/um/AudioAPOTypes.h","Audio.Apo","Windows.Win32.Media.Audio.Apo","queued"
"88","audioenginebaseapo.h","/um/audioenginebaseapo.h","Audio.Apo","Windows.Win32.Media.Audio.Apo","queued"
"89","audioengineextensionapo.h","/um/audioengineextensionapo.h","Audio.Apo","Windows.Win32.Media.Audio.Apo","queued"
"90","audiomediatype.h","/um/audiomediatype.h","Audio.Apo","Windows.Win32.Media.Audio.Apo","queued"
"91","dls1.h","/shared/dls1.h","Audio.DirectMusic","Windows.Win32.Media.Audio.DirectMusic","queued"
"92","dls2.h","/shared/dls2.h","Audio.DirectMusic","Windows.Win32.Media.Audio.DirectMusic","queued"
"93","dmdls.h","/shared/dmdls.h","Audio.DirectMusic","Windows.Win32.Media.Audio.DirectMusic","queued"
"94","dmusbuff.h","/shared/dmusbuff.h","Audio.DirectMusic","Windows.Win32.Media.Audio.DirectMusic","queued"
"95","dmusicc.h","/um/dmusicc.h","Audio.DirectMusic","Windows.Win32.Media.Audio.DirectMusic","queued"
"96","dmusics.h","/um/dmusics.h","Audio.DirectMusic","Windows.Win32.Media.Audio.DirectMusic","queued"
"97","dsconf.h","/um/dsconf.h","Audio.DirectMusic","Windows.Win32.Media.Audio.DirectMusic","queued"
"98","dv.h","/um/dv.h","Audio.DirectMusic","Windows.Win32.Media.Audio.DirectMusic","queued"
"99","dsound.h","/um/dsound.h","Audio.DirectSound","Windows.Win32.Media.Audio.DirectSound","queued"
"100","audioendpoints.h","/um/audioendpoints.h","Audio.Endpoints","Windows.Win32.Media.Audio.Endpoints","queued"
"101","AudioEngineEndpoint.h","/um/AudioEngineEndpoint.h","Audio.Endpoints","Windows.Win32.Media.Audio.Endpoints","queued"
"102","endpointvolume.h","/um/endpointvolume.h","Audio.Endpoints","Windows.Win32.Media.Audio.Endpoints","queued"
"103","sddl.h","/shared/sddl.h","Authorization","Windows.Win32.Security.Authorization","queued"
"104","accctrl.h","/um/accctrl.h","Authorization","Windows.Win32.Security.Authorization","queued"
"105","AclAPI.h","/um/AclAPI.h","Authorization","Windows.Win32.Security.Authorization","queued"
"106","adtgen.h","/um/adtgen.h","Authorization","Windows.Win32.Security.Authorization","queued"
"107","AuthZ.h","/um/AuthZ.h","Authorization","Windows.Win32.Security.Authorization","queued"
"108","azroles.h","/um/azroles.h","Authorization","Windows.Win32.Security.Authorization","queued"
"109","AclUI.h","/um/AclUI.h","Authorization.UI","Windows.Win32.Security.Authorization.UI","queued"
"110","DispEx.h","/um/DispEx.h","Automation","Windows.Win32.System.Ole","queued"
"111","OAIdl.h","/um/OAIdl.h","Automation","Windows.Win32.System.Ole","queued"
"112","OleAuto.h","/um/OleAuto.h","Automation","Windows.Win32.System.Ole","queued"
"113","winnt.h","/um/winnt.h","Backup","Windows.Win32.System.SystemServices","queued"
"114","wtypes.h","/shared/wtypes.h","Base","Windows.Win32.System.SystemServices","queued"
"115","minwinbase.h","/um/minwinbase.h","Base","Windows.Win32.System.SystemServices","queued"
"116","storprop.h","/um/storprop.h","Base","Windows.Win32.System.SystemServices","queued"
"117","Bits.h","/um/Bits.h","Bits","Windows.Win32.Networking.BackgroundIntelligentTransferService","queued"
"118","bits1_5.h","/um/bits1_5.h","Bits","Windows.Win32.Networking.BackgroundIntelligentTransferService","queued"
"119","bits10_1.h","/um/bits10_1.h","Bits","Windows.Win32.Networking.BackgroundIntelligentTransferService","queued"
"120","bits10_2.h","/um/bits10_2.h","Bits","Windows.Win32.Networking.BackgroundIntelligentTransferService","queued"
"121","bits10_3.h","/um/bits10_3.h","Bits","Windows.Win32.Networking.BackgroundIntelligentTransferService","queued"
"122","bits2_0.h","/um/bits2_0.h","Bits","Windows.Win32.Networking.BackgroundIntelligentTransferService","queued"
"123","bits2_5.h","/um/bits2_5.h","Bits","Windows.Win32.Networking.BackgroundIntelligentTransferService","queued"
"124","Bits3_0.h","/um/Bits3_0.h","Bits","Windows.Win32.Networking.BackgroundIntelligentTransferService","queued"
"125","bits4_0.h","/um/bits4_0.h","Bits","Windows.Win32.Networking.BackgroundIntelligentTransferService","queued"
"126","bits5_0.h","/um/bits5_0.h","Bits","Windows.Win32.Networking.BackgroundIntelligentTransferService","queued"
"127","bitscfg.h","/um/bitscfg.h","Bits","Windows.Win32.Networking.BackgroundIntelligentTransferService","queued"
"128","bitsmsg.h","/um/bitsmsg.h","Bits","Windows.Win32.Networking.BackgroundIntelligentTransferService","queued"
"129","qmgr.h","/um/qmgr.h","Bits","Windows.Win32.Networking.BackgroundIntelligentTransferService","queued"
"130","bthdef.h","/shared/bthdef.h","Bluetooth","Windows.Win32.Devices.Bluetooth","queued"
"131","bthioctl.h","/shared/bthioctl.h","Bluetooth","Windows.Win32.Devices.Bluetooth","queued"
"132","bthsdpdef.h","/shared/bthsdpdef.h","Bluetooth","Windows.Win32.Devices.Bluetooth","queued"
"133","bluetoothapis.h","/um/bluetoothapis.h","Bluetooth","Windows.Win32.Devices.Bluetooth","queued"
"134","bluetoothleapis.h","/um/bluetoothleapis.h","Bluetooth","Windows.Win32.Devices.Bluetooth","queued"
"135","bthledef.h","/um/bthledef.h","Bluetooth","Windows.Win32.Devices.Bluetooth","queued"
"136","ws2bth.h","/um/ws2bth.h","Bluetooth","Windows.Win32.Devices.Bluetooth","queued"
"137","genericusbfnioctl.h","/shared/genericusbfnioctl.h","Buses","Windows.Win32.Devices.Usb","queued"
"138","usb.h","/shared/usb.h","Buses","Windows.Win32.Devices.Usb","queued"
"139","usb4dbgioctl.h","/shared/usb4dbgioctl.h","Buses","Windows.Win32.Devices.Usb","queued"
"140","usbfnbase.h","/shared/usbfnbase.h","Buses","Windows.Win32.Devices.Usb","queued"
"141","usbioctl.h","/shared/usbioctl.h","Buses","Windows.Win32.Devices.Usb","queued"
"142","usbiodef.h","/shared/usbiodef.h","Buses","Windows.Win32.Devices.Usb","queued"
"143","usbscan.h","/shared/usbscan.h","Buses","Windows.Win32.Devices.Usb","queued"
"144","usbspec.h","/shared/usbspec.h","Buses","Windows.Win32.Devices.Usb","queued"
"145","winusbio.h","/shared/winusbio.h","Buses","Windows.Win32.Devices.Usb","queued"
"146","usb.h","/um/usb.h","Buses","Windows.Win32.Devices.Usb","queued"
"147","usbuser.h","/um/usbuser.h","Buses","Windows.Win32.Devices.Usb","queued"
"148","winusb.h","/um/winusb.h","Buses","Windows.Win32.Devices.Usb","queued"
"149","fci.h","/um/fci.h","Cabinets","Windows.Win32.Storage.Cabinets","queued"
"150","fdi_fci_types.h","/um/fdi_fci_types.h","Cabinets","Windows.Win32.Storage.Cabinets","queued"
"151","fdi.h","/um/fdi.h","Cabinets","Windows.Win32.Storage.Cabinets","queued"
"152","windowsceip.h","/um/windowsceip.h","CEIP","Windows.Win32.System.Diagnostics.Ceip","queued"
"153","CertAdm.h","/um/CertAdm.h","Certificates","Windows.Win32.Security.Cryptography.Certificates","queued"
"154","certbase.h","/um/certbase.h","Certificates","Windows.Win32.Security.Cryptography.Certificates","queued"
"155","CertBCli.h","/um/CertBCli.h","Certificates","Windows.Win32.Security.Cryptography.Certificates","queued"
"156","CertCli.h","/um/CertCli.h","Certificates","Windows.Win32.Security.Cryptography.Certificates","queued"
"157","CertEnc.h","/um/CertEnc.h","Certificates","Windows.Win32.Security.Cryptography.Certificates","queued"
"158","certenroll.h","/um/certenroll.h","Certificates","Windows.Win32.Security.Cryptography.Certificates","queued"
"159","CertExit.h","/um/CertExit.h","Certificates","Windows.Win32.Security.Cryptography.Certificates","queued"
"160","Certif.h","/um/Certif.h","Certificates","Windows.Win32.Security.Cryptography.Certificates","queued"
"161","CertMod.h","/um/CertMod.h","Certificates","Windows.Win32.Security.Cryptography.Certificates","queued"
"162","CertPol.h","/um/CertPol.h","Certificates","Windows.Win32.Security.Cryptography.Certificates","queued"
"163","CertPolEng.h","/um/CertPolEng.h","Certificates","Windows.Win32.Security.Cryptography.Certificates","queued"
"164","certreqd.h","/um/certreqd.h","Certificates","Windows.Win32.Security.Cryptography.Certificates","queued"
"165","certsrv.h","/um/certsrv.h","Certificates","Windows.Win32.Security.Cryptography.Certificates","queued"
"166","CertView.h","/um/CertView.h","Certificates","Windows.Win32.Security.Cryptography.Certificates","queued"
"167","xenroll.h","/um/xenroll.h","Certificates","Windows.Win32.Security.Cryptography.Certificates","queued"
"168","cfapi.h","/um/cfapi.h","Cloudapi","Windows.Win32.Storage.CloudFilters","queued"
"169","gchost.h","/um/gchost.h","ClrHosting","Windows.Win32.System.ClrHosting","queued"
"170","metahost.h","/um/metahost.h","ClrHosting","Windows.Win32.System.ClrHosting","queued"
"171","mscoree.h","/um/mscoree.h","ClrHosting","Windows.Win32.System.ClrHosting","queued"
"172","corprof.h","/um/corprof.h","ClrProfiling","Windows.Win32.System.Diagnostics.ClrProfiling","queued"
"173","compressapi.h","/um/compressapi.h","CmpApi","Windows.Win32.Storage.Compression","queued"
"174","dmerror.h","/shared/dmerror.h","Com","Windows.Win32.System.Com","queued"
"175","guiddef.h","/shared/guiddef.h","Com","Windows.Win32.System.Com","queued"
"176","WTypesbase.h","/shared/WTypesbase.h","Com","Windows.Win32.System.Com","queued"
"177","cguid.h","/um/cguid.h","Com","Windows.Win32.System.Com","queued"
"178","combaseapi.h","/um/combaseapi.h","Com","Windows.Win32.System.Com","queued"
"179","comcat.h","/um/comcat.h","Com","Windows.Win32.System.Com","queued"
"180","ctxtcall.h","/um/ctxtcall.h","Com","Windows.Win32.System.Com","queued"
"181","IAccess.h","/um/IAccess.h","Com","Windows.Win32.System.Com","queued"
"182","objbase.h","/um/objbase.h","Com","Windows.Win32.System.Com","queued"
"183","ObjIdl.h","/um/ObjIdl.h","Com","Windows.Win32.System.Com","queued"
"184","ObjIdlbase.h","/um/ObjIdlbase.h","Com","Windows.Win32.System.Com","queued"
"185","servprov.h","/um/servprov.h","Com","Windows.Win32.System.Com","queued"
"186","txlogpub.h","/um/txlogpub.h","Com","Windows.Win32.System.Com","queued"
"187","Unknwn.h","/um/Unknwn.h","Com","Windows.Win32.System.Com","queued"
"188","Unknwnbase.h","/um/Unknwnbase.h","Com","Windows.Win32.System.Com","queued"
"189","callobj.h","/um/callobj.h","Com.CallObj","Windows.Win32.System.Com.CallObj","queued"
"190","ichannelcredentials.h","/um/ichannelcredentials.h","Com.ChannelCreds","Windows.Win32.System.Com.ChannelCredentials","queued"
"191","EventSys.h","/um/EventSys.h","Com.Events","Windows.Win32.System.Com.Events","queued"
"192","coml2api.h","/um/coml2api.h","Com.StructuredStorage","Windows.Win32.System.Com.StructuredStorage","queued"
"193","propapi.h","/um/propapi.h","Com.StructuredStorage","Windows.Win32.System.Com.StructuredStorage","queued"
"194","PropIdl.h","/um/PropIdl.h","Com.StructuredStorage","Windows.Win32.System.Com.StructuredStorage","queued"
"195","PropIdlBase.h","/um/PropIdlBase.h","Com.StructuredStorage","Windows.Win32.System.Com.StructuredStorage","queued"
"196","urlmon.h","/um/urlmon.h","Com.Urlmon","Windows.Win32.System.Com.Urlmon","queued"
"197","cellularapi_oem.h","/um/cellularapi_oem.h","Communication","Windows.Win32.Devices.Communication","queued"
"198","mcx.h","/um/mcx.h","Communication","Windows.Win32.Devices.Communication","queued"
"199","DispEx.h","/um/DispEx.h","ComOle","Windows.Win32.System.Ole","queued"
"200","DocObj.h","/um/DocObj.h","ComOle","Windows.Win32.System.Ole","queued"
"201","idispids.h","/um/idispids.h","ComOle","Windows.Win32.System.Ole","queued"
"202","OAIdl.h","/um/OAIdl.h","ComOle","Windows.Win32.System.Ole","queued"
"203","OCIdl.h","/um/OCIdl.h","ComOle","Windows.Win32.System.Ole","queued"
"204","ole.h","/um/ole.h","ComOle","Windows.Win32.System.Ole","queued"
"205","ole2.h","/um/ole2.h","ComOle","Windows.Win32.System.Ole","queued"
"206","OleAuto.h","/um/OleAuto.h","ComOle","Windows.Win32.System.Ole","queued"
"207","OleCtl.h","/um/OleCtl.h","ComOle","Windows.Win32.System.Ole","queued"
"208","OleDlg.h","/um/OleDlg.h","ComOle","Windows.Win32.System.Ole","queued"
"209","oleidl.h","/um/oleidl.h","ComOle","Windows.Win32.System.Ole","queued"
"210","vbinterf.h","/um/vbinterf.h","ComOle","Windows.Win32.System.Ole","queued"
"211","presentation.h","/um/presentation.h","CompositionSwapchain","Windows.Win32.Graphics.CompositionSwapchain","queued"
"212","presentationtypes.h","/um/presentationtypes.h","CompositionSwapchain","Windows.Win32.Graphics.CompositionSwapchain","queued"
"213","consoleapi.h","/um/consoleapi.h","Console","Windows.Win32.System.Console","queued"
"214","consoleapi2.h","/um/consoleapi2.h","Console","Windows.Win32.System.Console","queued"
"215","consoleapi3.h","/um/consoleapi3.h","Console","Windows.Win32.System.Console","queued"
"216","consoleapis.h","/um/consoleapis.h","Console","Windows.Win32.System.Console","queued"
"217","wincon.h","/um/wincon.h","Console","Windows.Win32.System.Console","queued"
"218","winconp.h","/um/winconp.h","Console","Windows.Win32.System.Console","queued"
"219","wincontypes.h","/um/wincontypes.h","Console","Windows.Win32.System.Console","queued"
"220","windowsx.h","/shared/windowsx.h","Controls","Windows.Win32.UI.Controls","queued"
"221","CommCtrl.h","/um/CommCtrl.h","Controls","Windows.Win32.UI.Controls","queued"
"222","commoncontrols.h","/um/commoncontrols.h","Controls","Windows.Win32.UI.Controls","queued"
"223","custcntl.h","/um/custcntl.h","Controls","Windows.Win32.UI.Controls","queued"
"224","dlgs.h","/um/dlgs.h","Controls","Windows.Win32.UI.Controls","queued"
"225","dpa_dsa.h","/um/dpa_dsa.h","Controls","Windows.Win32.UI.Controls","queued"
"226","prsht.h","/um/prsht.h","Controls","Windows.Win32.UI.Controls","queued"
"227","Uxtheme.h","/um/Uxtheme.h","Controls","Windows.Win32.UI.Controls","queued"
"228","vsstyle.h","/um/vsstyle.h","Controls","Windows.Win32.UI.Controls","queued"
"229","vssym32.h","/um/vssym32.h","Controls","Windows.Win32.UI.Controls","queued"
"230","Richedit.h","/um/Richedit.h","Controls.RichEdit","Windows.Win32.UI.Controls.RichEdit","queued"
"231","RichOle.h","/um/RichOle.h","Controls.RichEdit","Windows.Win32.UI.Controls.RichEdit","queued"
"232","TextServ.h","/um/TextServ.h","Controls.RichEdit","Windows.Win32.UI.Controls.RichEdit","queued"
"233","TOM.h","/um/TOM.h","Controls.RichEdit","Windows.Win32.UI.Controls.RichEdit","queued"
"234","ComAdmin.h","/um/ComAdmin.h","Cos","Windows.Win32.System.ComponentServices","queued"
"235","ComSvcs.h","/um/ComSvcs.h","Cos","Windows.Win32.System.ComponentServices","queued"
"236","Mtxdm.h","/um/Mtxdm.h","Cos","Windows.Win32.System.ComponentServices","queued"
"237","winsmcrd.h","/shared/winsmcrd.h","Credentials","Windows.Win32.Security.Credentials","queued"
"238","credssp.h","/um/credssp.h","Credentials","Windows.Win32.Security.Credentials","queued"
"239","keycredmgr.h","/um/keycredmgr.h","Credentials","Windows.Win32.Security.Credentials","queued"
"240","wincred.h","/um/wincred.h","Credentials","Windows.Win32.Security.Credentials","queued"
"241","winscard.h","/um/winscard.h","Credentials","Windows.Win32.Security.Credentials","queued"
"242","dde.h","/um/dde.h","DataXchg","Windows.Win32.System.DataExchange","queued"
"243","ddeml.h","/um/ddeml.h","DataXchg","Windows.Win32.System.DataExchange","queued"
"244","bugcodes.h","/shared/bugcodes.h","Debug","Windows.Win32.System.Diagnostics.Debug","queued"
"245","dbgprop.h","/um/dbgprop.h","Debug","Windows.Win32.System.Diagnostics.Debug","queued"
"246","debugapi.h","/um/debugapi.h","Debug","Windows.Win32.System.Diagnostics.Debug","queued"
"247","errhandlingapi.h","/um/errhandlingapi.h","Debug","Windows.Win32.System.Diagnostics.Debug","queued"
"248","ImageHlp.h","/um/ImageHlp.h","Debug","Windows.Win32.System.Diagnostics.Debug","queued"
"249","mindumpdef.h","/um/mindumpdef.h","Debug","Windows.Win32.System.Diagnostics.Debug","queued"
"250","minidumpapiset.h","/um/minidumpapiset.h","Debug","Windows.Win32.System.Diagnostics.Debug","queued"
"251","objsafe.h","/um/objsafe.h","Debug","Windows.Win32.System.Diagnostics.Debug","queued"
"252","utilapiset.h","/um/utilapiset.h","Debug","Windows.Win32.System.Diagnostics.Debug","queued"
"253","wct.h","/um/wct.h","Debug","Windows.Win32.System.Diagnostics.Debug","queued"
"254","wheadef.h","/um/wheadef.h","Debug","Windows.Win32.System.Diagnostics.Debug","queued"
"255","activaut.h","/um/activaut.h","Debug.ActiveScript","Windows.Win32.System.Diagnostics.Debug.ActiveScript","queued"
"256","activdbg.h","/um/activdbg.h","Debug.ActiveScript","Windows.Win32.System.Diagnostics.Debug.ActiveScript","queued"
"257","activdbg100.h","/um/activdbg100.h","Debug.ActiveScript","Windows.Win32.System.Diagnostics.Debug.ActiveScript","queued"
"258","activprof.h","/um/activprof.h","Debug.ActiveScript","Windows.Win32.System.Diagnostics.Debug.ActiveScript","queued"
"259","activscp.h","/um/activscp.h","Debug.ActiveScript","Windows.Win32.System.Diagnostics.Debug.ActiveScript","queued"
"260","jscript9diag.h","/um/jscript9diag.h","Debug.ActiveScript","Windows.Win32.System.Diagnostics.Debug.ActiveScript","queued"
"261","DbgEng.h","/um/DbgEng.h","Debug.Extensions","Windows.Win32.System.Diagnostics.Debug.Extensions","queued"
"262","DbgModel.h","/um/DbgModel.h","Debug.Extensions","Windows.Win32.System.Diagnostics.Debug.Extensions","queued"
"263","extsfns.h","/um/extsfns.h","Debug.Extensions","Windows.Win32.System.Diagnostics.Debug.Extensions","queued"
"264","WDBGEXTS.H","/um/WDBGEXTS.H","Debug.Extensions","Windows.Win32.System.Diagnostics.Debug.Extensions","queued"
"265","webapplication.h","/winrt/webapplication.h","Debug.WebApp","Windows.Win32.System.Diagnostics.Debug.WebApp","queued"
"266","ddpbackup.h","/um/ddpbackup.h","Dedup","Windows.Win32.Storage.DataDeduplication","queued"
"267","ddpchunk.h","/um/ddpchunk.h","Dedup","Windows.Win32.Storage.DataDeduplication","queued"
"268","ddpcommon.h","/um/ddpcommon.h","Dedup","Windows.Win32.Storage.DataDeduplication","queued"
"269","ddpdataport.h","/um/ddpdataport.h","Dedup","Windows.Win32.Storage.DataDeduplication","queued"
"270","deliveryoptimization.h","/um/deliveryoptimization.h","DeliveryOptimization","Windows.Win32.Networking.DeliveryOptimization","queued"
"271","deviceaccess.h","/um/deviceaccess.h","DeviceAccess","Windows.Win32.Devices.DeviceAccess","queued"
"272","edevdefs.h","/um/edevdefs.h","DeviceAccess","Windows.Win32.Devices.DeviceAccess","queued"
"273","devfiltertypes.h","/um/devfiltertypes.h","DeviceQuery","Windows.Win32.Devices.DeviceQuery","queued"
"274","devquery.h","/um/devquery.h","DeviceQuery","Windows.Win32.Devices.DeviceQuery","queued"
"275","devquerydef.h","/um/devquerydef.h","DeviceQuery","Windows.Win32.Devices.DeviceQuery","queued"
"276","ntdd1394.h","/shared/ntdd1394.h","Devices.1394","Windows.Win32.Devices.1394","queued"
"277","ntddbeep.h","/shared/ntddbeep.h","Devices.Beep","Windows.Win32.Devices.Beep","queued"
"278","ntddcdrm.h","/shared/ntddcdrm.h","Devices.Cdrom","Windows.Win32.Devices.Cdrom","queued"
"279","ntddcdvd.h","/shared/ntddcdvd.h","Devices.Dvd","Windows.Win32.Devices.Dvd","queued"
"280","apdevpkey.h","/shared/apdevpkey.h","Devices.Properties","Windows.Win32.Devices.Properties","queued"
"281","devpkey.h","/shared/devpkey.h","Devices.Properties","Windows.Win32.Devices.Properties","queued"
"282","devpropdef.h","/shared/devpropdef.h","Devices.Properties","Windows.Win32.Devices.Properties","queued"
"283","cfg.h","/shared/cfg.h","DevInst","Windows.Win32.Devices.DeviceAndDriverInstallation","queued"
"284","devguid.h","/shared/devguid.h","DevInst","Windows.Win32.Devices.DeviceAndDriverInstallation","queued"
"285","infstr.h","/shared/infstr.h","DevInst","Windows.Win32.Devices.DeviceAndDriverInstallation","queued"
"286","wdmguid.h","/shared/wdmguid.h","DevInst","Windows.Win32.Devices.DeviceAndDriverInstallation","queued"
"287","cfgmgr32.h","/um/cfgmgr32.h","DevInst","Windows.Win32.Devices.DeviceAndDriverInstallation","queued"
"288","newdev.h","/um/newdev.h","DevInst","Windows.Win32.Devices.DeviceAndDriverInstallation","queued"
"289","SetupAPI.h","/um/SetupAPI.h","DevInst","Windows.Win32.Devices.DeviceAndDriverInstallation","queued"
"290","Wsdevlicensing.h","/winrt/Wsdevlicensing.h","DevLic","Windows.Win32.System.DeveloperLicensing","queued"
"291","LMDFS.h","/um/LMDFS.h","Dfs","Windows.Win32.Storage.DistributedFileSystem","queued"
"292","DhcpCSdk.h","/um/DhcpCSdk.h","Dhcp","Windows.Win32.NetworkManagement.Dhcp","queued"
"293","dhcpsapi.h","/um/dhcpsapi.h","Dhcp","Windows.Win32.NetworkManagement.Dhcp","queued"
"294","dhcpssdk.h","/um/dhcpssdk.h","Dhcp","Windows.Win32.NetworkManagement.Dhcp","queued"
"295","Dhcpv6cSdk.h","/um/Dhcpv6cSdk.h","Dhcp","Windows.Win32.NetworkManagement.Dhcp","queued"
"296","d2d1_1.h","/um/d2d1_1.h","Direct2D","Windows.Win32.Graphics.Direct2D","queued"
"297","d2d1_1helper.h","/um/d2d1_1helper.h","Direct2D","Windows.Win32.Graphics.Direct2D","queued"
"298","d2d1_2.h","/um/d2d1_2.h","Direct2D","Windows.Win32.Graphics.Direct2D","queued"
"299","d2d1_2helper.h","/um/d2d1_2helper.h","Direct2D","Windows.Win32.Graphics.Direct2D","queued"
"300","d2d1_3.h","/um/d2d1_3.h","Direct2D","Windows.Win32.Graphics.Direct2D","queued"
"301","d2d1_3helper.h","/um/d2d1_3helper.h","Direct2D","Windows.Win32.Graphics.Direct2D","queued"
"302","d2d1.h","/um/d2d1.h","Direct2D","Windows.Win32.Graphics.Direct2D","queued"
"303","d2d1effectauthor_1.h","/um/d2d1effectauthor_1.h","Direct2D","Windows.Win32.Graphics.Direct2D","queued"
"304","d2d1effectauthor.h","/um/d2d1effectauthor.h","Direct2D","Windows.Win32.Graphics.Direct2D","queued"
"305","d2d1effects_1.h","/um/d2d1effects_1.h","Direct2D","Windows.Win32.Graphics.Direct2D","queued"
"306","d2d1effects_2.h","/um/d2d1effects_2.h","Direct2D","Windows.Win32.Graphics.Direct2D","queued"
"307","d2d1effects.h","/um/d2d1effects.h","Direct2D","Windows.Win32.Graphics.Direct2D","queued"
"308","d2d1svg.h","/um/d2d1svg.h","Direct2D","Windows.Win32.Graphics.Direct2D","queued"
"309","d2dbasetypes.h","/um/d2dbasetypes.h","Direct2D","Windows.Win32.Graphics.Direct2D","queued"
"310","d2derr.h","/um/d2derr.h","Direct2D","Windows.Win32.Graphics.Direct2D","queued"
"311","dciddi.h","/um/dciddi.h","Direct2D","Windows.Win32.Graphics.Direct2D","queued"
"312","dcommon.h","/um/dcommon.h","Direct2D.Common","Windows.Win32.Graphics.Direct2D.Common","queued"
"313","d3dcommon.h","/um/d3dcommon.h","Direct3D","Windows.Win32.Graphics.Direct3D","queued"
"314","d3dshadercacheregistration.h","/um/d3dshadercacheregistration.h","Direct3D","Windows.Win32.Graphics.Direct3D","queued"
"315","d3d10_1.h","/um/d3d10_1.h","Direct3D10","Windows.Win32.Graphics.Direct3D10","queued"
"316","d3d10_1shader.h","/um/d3d10_1shader.h","Direct3D10","Windows.Win32.Graphics.Direct3D10","queued"
"317","d3d10.h","/um/d3d10.h","Direct3D10","Windows.Win32.Graphics.Direct3D10","queued"
"318","d3d10effect.h","/um/d3d10effect.h","Direct3D10","Windows.Win32.Graphics.Direct3D10","queued"
"319","d3d10misc.h","/um/d3d10misc.h","Direct3D10","Windows.Win32.Graphics.Direct3D10","queued"
"320","d3d10sdklayers.h","/um/d3d10sdklayers.h","Direct3D10","Windows.Win32.Graphics.Direct3D10","queued"
"321","d3d10shader.h","/um/d3d10shader.h","Direct3D10","Windows.Win32.Graphics.Direct3D10","queued"
"322","d3d11_1.h","/um/d3d11_1.h","Direct3D11","Windows.Win32.Graphics.Direct3D11","queued"
"323","d3d11_2.h","/um/d3d11_2.h","Direct3D11","Windows.Win32.Graphics.Direct3D11","queued"
"324","d3d11_3.h","/um/d3d11_3.h","Direct3D11","Windows.Win32.Graphics.Direct3D11","queued"
"325","d3d11_4.h","/um/d3d11_4.h","Direct3D11","Windows.Win32.Graphics.Direct3D11","queued"
"326","d3d11.h","/um/d3d11.h","Direct3D11","Windows.Win32.Graphics.Direct3D11","queued"
"327","d3d11sdklayers.h","/um/d3d11sdklayers.h","Direct3D11","Windows.Win32.Graphics.Direct3D11","queued"
"328","d3d11shader.h","/um/d3d11shader.h","Direct3D11","Windows.Win32.Graphics.Direct3D11","queued"
"329","d3d11shadertracing.h","/um/d3d11shadertracing.h","Direct3D11","Windows.Win32.Graphics.Direct3D11","queued"
"330","d3dcsx.h","/um/d3dcsx.h","Direct3D11","Windows.Win32.Graphics.Direct3D11","queued"
"331","d3d11on12.h","/um/d3d11on12.h","Direct3D11on12","Windows.Win32.Graphics.Direct3D11on12","queued"
"332","d3d12.h","/um/d3d12.h","Direct3D12","Windows.Win32.Graphics.Direct3D12","queued"
"333","d3d12compiler.h","/um/d3d12compiler.h","Direct3D12","Windows.Win32.Graphics.Direct3D12","queued"
"334","d3d12sdklayers.h","/um/d3d12sdklayers.h","Direct3D12","Windows.Win32.Graphics.Direct3D12","queued"
"335","d3d12shader.h","/um/d3d12shader.h","Direct3D12","Windows.Win32.Graphics.Direct3D12","queued"
"336","d3d9.h","/shared/d3d9.h","Direct3D9","Windows.Win32.Graphics.Direct3D9","queued"
"337","d3d9caps.h","/shared/d3d9caps.h","Direct3D9","Windows.Win32.Graphics.Direct3D9","queued"
"338","d3d9types.h","/shared/d3d9types.h","Direct3D9","Windows.Win32.Graphics.Direct3D9","queued"
"339","d3d9helper.h","/um/d3d9helper.h","Direct3D9","Windows.Win32.Graphics.Direct3D9","queued"
"340","d3dcaps.h","/um/d3dcaps.h","Direct3D9","Windows.Win32.Graphics.Direct3D9","queued"
"341","d3dtypes.h","/um/d3dtypes.h","Direct3D9","Windows.Win32.Graphics.Direct3D9","queued"
"342","d3d9on12.h","/um/d3d9on12.h","Direct3D9on12","Windows.Win32.Graphics.Direct3D9on12","queued"
"343","dxcapi.h","/um/dxcapi.h","Direct3DDxc","Windows.Win32.Graphics.Direct3D.Dxc","queued"
"344","d3dcompiler.h","/um/d3dcompiler.h","Direct3DFxc","Windows.Win32.Graphics.Direct3D.Fxc","queued"
"345","dcomptypes.h","/shared/dcomptypes.h","DirectComp","Windows.Win32.Graphics.DirectComposition","queued"
"346","dcomp.h","/um/dcomp.h","DirectComp","Windows.Win32.Graphics.DirectComposition","queued"
"347","dcompanimation.h","/um/dcompanimation.h","DirectComp","Windows.Win32.Graphics.DirectComposition","queued"
"348","ddkernel.h","/um/ddkernel.h","DirectDraw","Windows.Win32.Graphics.DirectDraw","queued"
"349","ddraw.h","/um/ddraw.h","DirectDraw","Windows.Win32.Graphics.DirectDraw","queued"
"350","ddrawi.h","/um/ddrawi.h","DirectDraw","Windows.Win32.Graphics.DirectDraw","queued"
"351","ddrawint.h","/um/ddrawint.h","DirectDraw","Windows.Win32.Graphics.DirectDraw","queued"
"352","dmemmgr.h","/um/dmemmgr.h","DirectDraw","Windows.Win32.Graphics.DirectDraw","queued"
"353","dvp.h","/um/dvp.h","DirectDraw","Windows.Win32.Graphics.DirectDraw","queued"
"354","dxmini.h","/um/dxmini.h","DirectDraw","Windows.Win32.Graphics.DirectDraw","queued"
"355","directmanipulation.h","/um/directmanipulation.h","DirectManipulation","Windows.Win32.Graphics.DirectManipulation","queued"
"356","DirectML.h","/um/DirectML.h","DirectML","Windows.Win32.AI.MachineLearning.DirectML","queued"
"357","dwrite_1.h","/um/dwrite_1.h","DirectWrite","Windows.Win32.Graphics.DirectWrite","queued"
"358","dwrite_2.h","/um/dwrite_2.h","DirectWrite","Windows.Win32.Graphics.DirectWrite","queued"
"359","dwrite_3.h","/um/dwrite_3.h","DirectWrite","Windows.Win32.Graphics.DirectWrite","queued"
"360","dwrite.h","/um/dwrite.h","DirectWrite","Windows.Win32.Graphics.DirectWrite","queued"
"361","ntddvdeo.h","/shared/ntddvdeo.h","Display","Windows.Win32.Devices.Display","queued"
"362","dxcore_interface.h","/um/dxcore_interface.h","Display","Windows.Win32.Devices.Display","queued"
"363","dxcore.h","/um/dxcore.h","Display","Windows.Win32.Devices.Display","queued"
"364","winddi.h","/um/winddi.h","Display","Windows.Win32.Devices.Display","queued"
"365","cderr.h","/shared/cderr.h","DlgBox","Windows.Win32.UI.Controls.Dialogs","queued"
"366","colordlg.h","/um/colordlg.h","DlgBox","Windows.Win32.UI.Controls.Dialogs","queued"
"367","commdlg.h","/um/commdlg.h","DlgBox","Windows.Win32.UI.Controls.Dialogs","queued"
"368","dlnadeviceinterfaceids.h","/um/dlnadeviceinterfaceids.h","Dlna","Windows.Win32.Media.Streaming","queued"
"369","dlnametadataproviderproperties.h","/um/dlnametadataproviderproperties.h","Dlna","Windows.Win32.Media.Streaming","queued"
"370","windnsdef.h","/shared/windnsdef.h","Dns","Windows.Win32.NetworkManagement.Dns","queued"
"371","WinDNS.h","/um/WinDNS.h","Dns","Windows.Win32.NetworkManagement.Dns","queued"
"372","dtchelp.h","/um/dtchelp.h","DTC","Windows.Win32.System.DistributedTransactionCoordinator","queued"
"373","oletx2xa.h","/um/oletx2xa.h","DTC","Windows.Win32.System.DistributedTransactionCoordinator","queued"
"374","transact.h","/um/transact.h","DTC","Windows.Win32.System.DistributedTransactionCoordinator","queued"
"375","txcoord.h","/um/txcoord.h","DTC","Windows.Win32.System.DistributedTransactionCoordinator","queued"
"376","txdtc.h","/um/txdtc.h","DTC","Windows.Win32.System.DistributedTransactionCoordinator","queued"
"377","xa.h","/um/xa.h","DTC","Windows.Win32.System.DistributedTransactionCoordinator","queued"
"378","xolehlp.h","/um/xolehlp.h","DTC","Windows.Win32.System.DistributedTransactionCoordinator","queued"
"379","dwmapi.h","/um/dwmapi.h","Dwm","Windows.Win32.Graphics.Dwm","queued"
"380","dxcore_interface.h","/um/dxcore_interface.h","DXCore","Windows.Win32.Graphics.DXCore","queued"
"381","dxcore.h","/um/dxcore.h","DXCore","Windows.Win32.Graphics.DXCore","queued"
"382","dxgi.h","/shared/dxgi.h","Dxgi","Windows.Win32.Graphics.Dxgi","queued"
"383","dxgi1_2.h","/shared/dxgi1_2.h","Dxgi","Windows.Win32.Graphics.Dxgi","queued"
"384","dxgi1_3.h","/shared/dxgi1_3.h","Dxgi","Windows.Win32.Graphics.Dxgi","queued"
"385","dxgi1_4.h","/shared/dxgi1_4.h","Dxgi","Windows.Win32.Graphics.Dxgi","queued"
"386","dxgi1_5.h","/shared/dxgi1_5.h","Dxgi","Windows.Win32.Graphics.Dxgi","queued"
"387","dxgi1_6.h","/shared/dxgi1_6.h","Dxgi","Windows.Win32.Graphics.Dxgi","queued"
"388","dxgidebug.h","/um/dxgidebug.h","Dxgi","Windows.Win32.Graphics.Dxgi","queued"
"389","dxgimessages.h","/um/dxgimessages.h","Dxgi","Windows.Win32.Graphics.Dxgi","queued"
"390","dxprogrammablecapture.h","/um/dxprogrammablecapture.h","Dxgi","Windows.Win32.Graphics.Dxgi","queued"
"391","dxgicommon.h","/shared/dxgicommon.h","Dxgi.Common","Windows.Win32.Graphics.Dxgi.Common","queued"
"392","dxgiformat.h","/shared/dxgiformat.h","Dxgi.Common","Windows.Win32.Graphics.Dxgi.Common","queued"
"393","dxgitype.h","/shared/dxgitype.h","Dxgi.Common","Windows.Win32.Graphics.Dxgi.Common","queued"
"394","Raseapif.h","/um/Raseapif.h","Eap","Windows.Win32.Security.ExtensibleAuthenticationProtocol","queued"
"395","RrasCfg.h","/um/RrasCfg.h","Eap","Windows.Win32.Security.ExtensibleAuthenticationProtocol","queued"
"396","eapauthenticatoractiondefine.h","/um/eapauthenticatoractiondefine.h","EapHost","Windows.Win32.Security.ExtensibleAuthenticationProtocol","queued"
"397","eapauthenticatortypes.h","/um/eapauthenticatortypes.h","EapHost","Windows.Win32.Security.ExtensibleAuthenticationProtocol","queued"
"398","eaphosterror.h","/um/eaphosterror.h","EapHost","Windows.Win32.Security.ExtensibleAuthenticationProtocol","queued"
"399","eaphostpeerconfigapis.h","/um/eaphostpeerconfigapis.h","EapHost","Windows.Win32.Security.ExtensibleAuthenticationProtocol","queued"
"400","eaphostpeertypes.h","/um/eaphostpeertypes.h","EapHost","Windows.Win32.Security.ExtensibleAuthenticationProtocol","queued"
"401","eapmethodauthenticatorapis.h","/um/eapmethodauthenticatorapis.h","EapHost","Windows.Win32.Security.ExtensibleAuthenticationProtocol","queued"
"402","eapmethodpeerapis.h","/um/eapmethodpeerapis.h","EapHost","Windows.Win32.Security.ExtensibleAuthenticationProtocol","queued"
"403","EapMethodTypes.h","/um/EapMethodTypes.h","EapHost","Windows.Win32.Security.ExtensibleAuthenticationProtocol","queued"
"404","eappapis.h","/um/eappapis.h","EapHost","Windows.Win32.Security.ExtensibleAuthenticationProtocol","queued"
"405","EapTypes.h","/um/EapTypes.h","EapHost","Windows.Win32.Security.ExtensibleAuthenticationProtocol","queued"
"406","edpwin32.h","/um/edpwin32.h","Edp","Windows.Win32.Security.EnterpriseData","queued"
"407","efswrtinterop.h","/um/efswrtinterop.h","Edp","Windows.Win32.Security.EnterpriseData","queued"
"408","srpapi.h","/um/srpapi.h","Edp","Windows.Win32.Security.EnterpriseData","queued"
"409","enclaveapi.h","/um/enclaveapi.h","Enclave","Windows.Win32.System.Environment","queued"
"410","enclaveium.h","/um/enclaveium.h","Enclave","Windows.Win32.System.Environment","queued"
"411","ntenclv.h","/um/ntenclv.h","Enclave","Windows.Win32.System.Environment","queued"
"412","winenclave.h","/um/winenclave.h","Enclave","Windows.Win32.System.Environment","queued"
"413","winenclaveapi.h","/um/winenclaveapi.h","Enclave","Windows.Win32.System.Environment","queued"
"414","ehstorapi.h","/um/ehstorapi.h","Enstor","Windows.Win32.Storage.EnhancedStorage","queued"
"415","ehstorextensions.h","/um/ehstorextensions.h","Enstor","Windows.Win32.Storage.EnhancedStorage","queued"
"416","ehstormsg.h","/um/ehstormsg.h","Enstor","Windows.Win32.Storage.EnhancedStorage","queued"
"417","propkey.h","/um/propkey.h","Enstor","Windows.Win32.Storage.EnhancedStorage","queued"
"418","processenv.h","/um/processenv.h","Environment","Windows.Win32.System.Environment","queued"
"419","evntprov.h","/shared/evntprov.h","Etw","Windows.Win32.System.Diagnostics.Etw","queued"
"420","evntrace.h","/shared/evntrace.h","Etw","Windows.Win32.System.Diagnostics.Etw","queued"
"421","wmistr.h","/shared/wmistr.h","Etw","Windows.Win32.System.Diagnostics.Etw","queued"
"422","evntcons.h","/um/evntcons.h","Etw","Windows.Win32.System.Diagnostics.Etw","queued"
"423","relogger.h","/um/relogger.h","Etw","Windows.Win32.System.Diagnostics.Etw","queued"
"424","tdh.h","/um/tdh.h","Etw","Windows.Win32.System.Diagnostics.Etw","queued"
"425","FaxCom.h","/um/FaxCom.h","Fax","Windows.Win32.Devices.Fax","queued"
"426","FaxComEx.h","/um/FaxComEx.h","Fax","Windows.Win32.Devices.Fax","queued"
"427","FaxDev.h","/um/FaxDev.h","Fax","Windows.Win32.Devices.Fax","queued"
"428","FaxExt.h","/um/FaxExt.h","Fax","Windows.Win32.Devices.Fax","queued"
"429","faxmmc.h","/um/faxmmc.h","Fax","Windows.Win32.Devices.Fax","queued"
"430","FaxRoute.h","/um/FaxRoute.h","Fax","Windows.Win32.Devices.Fax","queued"
"431","fxsutility.h","/um/fxsutility.h","Fax","Windows.Win32.Devices.Fax","queued"
"432","WinFax.h","/um/WinFax.h","Fax","Windows.Win32.Devices.Fax","queued"
"433","FhCfg.h","/um/FhCfg.h","FileHistory","Windows.Win32.Storage.FileHistory","queued"
"434","fherrors.h","/um/fherrors.h","FileHistory","Windows.Win32.Storage.FileHistory","queued"
"435","fhstatus.h","/um/fhstatus.h","FileHistory","Windows.Win32.Storage.FileHistory","queued"
"436","FhSvcCtl.h","/um/FhSvcCtl.h","FileHistory","Windows.Win32.Storage.FileHistory","queued"
"437","minwindef.h","/shared/minwindef.h","Foundation","Windows.Win32.Foundation","queued"
"438","ntiologc.h","/shared/ntiologc.h","Foundation","Windows.Win32.Foundation","queued"
"439","ntstatus.h","/shared/ntstatus.h","Foundation","Windows.Win32.Foundation","queued"
"440","rpcnterr.h","/shared/rpcnterr.h","Foundation","Windows.Win32.Foundation","queued"
"441","windef.h","/shared/windef.h","Foundation","Windows.Win32.Foundation","queued"
"442","winerror.h","/shared/winerror.h","Foundation","Windows.Win32.Foundation","queued"
"443","cierror.h","/um/cierror.h","Foundation","Windows.Win32.Foundation","queued"
"444","handleapi.h","/um/handleapi.h","Foundation","Windows.Win32.Foundation","queued"
"445","mprerror.h","/um/mprerror.h","Foundation","Windows.Win32.Foundation","queued"
"446","winsdkver.h","/um/winsdkver.h","Foundation","Windows.Win32.Foundation","queued"
"447","clfs.h","/shared/clfs.h","Fs","Windows.Win32.Storage.FileSystem","queued"
"448","diskguid.h","/shared/diskguid.h","Fs","Windows.Win32.Storage.FileSystem","queued"
"449","fttypes.h","/shared/fttypes.h","Fs","Windows.Win32.Storage.FileSystem","queued"
"450","ktmtypes.h","/shared/ktmtypes.h","Fs","Windows.Win32.Storage.FileSystem","queued"
"451","ntddstor.h","/shared/ntddstor.h","Fs","Windows.Win32.Storage.FileSystem","queued"
"452","ntddvol.h","/shared/ntddvol.h","Fs","Windows.Win32.Storage.FileSystem","queued"
"453","bindlink.h","/um/bindlink.h","Fs","Windows.Win32.Storage.FileSystem","queued"
"454","clfsmgmt.h","/um/clfsmgmt.h","Fs","Windows.Win32.Storage.FileSystem","queued"
"455","clfsmgmtw32.h","/um/clfsmgmtw32.h","Fs","Windows.Win32.Storage.FileSystem","queued"
"456","clfsw32.h","/um/clfsw32.h","Fs","Windows.Win32.Storage.FileSystem","queued"
"457","DskQuota.h","/um/DskQuota.h","Fs","Windows.Win32.Storage.FileSystem","queued"
"458","fileapi.h","/um/fileapi.h","Fs","Windows.Win32.Storage.FileSystem","queued"
"459","fileapifromapp.h","/um/fileapifromapp.h","Fs","Windows.Win32.Storage.FileSystem","queued"
"460","FileHC.h","/um/FileHC.h","Fs","Windows.Win32.Storage.FileSystem","queued"
"461","ioringapi.h","/um/ioringapi.h","Fs","Windows.Win32.Storage.FileSystem","queued"
"462","ktmw32.h","/um/ktmw32.h","Fs","Windows.Win32.Storage.FileSystem","queued"
"463","LMShare.h","/um/LMShare.h","Fs","Windows.Win32.Storage.FileSystem","queued"
"464","lmstats.h","/um/lmstats.h","Fs","Windows.Win32.Storage.FileSystem","queued"
"465","lzexpand.h","/um/lzexpand.h","Fs","Windows.Win32.Storage.FileSystem","queued"
"466","ntioring_x.h","/um/ntioring_x.h","Fs","Windows.Win32.Storage.FileSystem","queued"
"467","NTMSAPI.h","/um/NTMSAPI.h","Fs","Windows.Win32.Storage.FileSystem","queued"
"468","ntmsmli.h","/um/ntmsmli.h","Fs","Windows.Win32.Storage.FileSystem","queued"
"469","txfw32.h","/um/txfw32.h","Fs","Windows.Win32.Storage.FileSystem","queued"
"470","verrsrc.h","/um/verrsrc.h","Fs","Windows.Win32.Storage.FileSystem","queued"
"471","winefs.h","/um/winefs.h","Fs","Windows.Win32.Storage.FileSystem","queued"
"472","winver.h","/um/winver.h","Fs","Windows.Win32.Storage.FileSystem","queued"
"473","wofapi.h","/um/wofapi.h","Fs","Windows.Win32.Storage.FileSystem","queued"
"474","fsrm.h","/um/fsrm.h","Fsrm","Windows.Win32.Storage.FileServerResourceManager","queued"
"475","fsrmenums.h","/um/fsrmenums.h","Fsrm","Windows.Win32.Storage.FileServerResourceManager","queued"
"476","fsrmerr.h","/um/fsrmerr.h","Fsrm","Windows.Win32.Storage.FileServerResourceManager","queued"
"477","fsrmpipeline.h","/um/fsrmpipeline.h","Fsrm","Windows.Win32.Storage.FileServerResourceManager","queued"
"478","fsrmquota.h","/um/fsrmquota.h","Fsrm","Windows.Win32.Storage.FileServerResourceManager","queued"
"479","fsrmreports.h","/um/fsrmreports.h","Fsrm","Windows.Win32.Storage.FileServerResourceManager","queued"
"480","fsrmscreen.h","/um/fsrmscreen.h","Fsrm","Windows.Win32.Storage.FileServerResourceManager","queued"
"481","fsrmtlb.h","/um/fsrmtlb.h","Fsrm","Windows.Win32.Storage.FileServerResourceManager","queued"
"482","functiondiscovery.h","/um/functiondiscovery.h","FunctionDiscovery","Windows.Win32.Devices.FunctionDiscovery","queued"
"483","functiondiscoveryapi.h","/um/functiondiscoveryapi.h","FunctionDiscovery","Windows.Win32.Devices.FunctionDiscovery","queued"
"484","functiondiscoverycategories.h","/um/functiondiscoverycategories.h","FunctionDiscovery","Windows.Win32.Devices.FunctionDiscovery","queued"
"485","functiondiscoveryconstraints.h","/um/functiondiscoveryconstraints.h","FunctionDiscovery","Windows.Win32.Devices.FunctionDiscovery","queued"
"486","functiondiscoveryerror.h","/um/functiondiscoveryerror.h","FunctionDiscovery","Windows.Win32.Devices.FunctionDiscovery","queued"
"487","functiondiscoverykeys_devpkey.h","/um/functiondiscoverykeys_devpkey.h","FunctionDiscovery","Windows.Win32.Devices.FunctionDiscovery","queued"
"488","FunctionDiscoveryKeys.h","/um/FunctionDiscoveryKeys.h","FunctionDiscovery","Windows.Win32.Devices.FunctionDiscovery","queued"
"489","FunctionDiscoveryNotification.h","/um/FunctionDiscoveryNotification.h","FunctionDiscovery","Windows.Win32.Devices.FunctionDiscovery","queued"
"490","functiondiscoveryprovider.h","/um/functiondiscoveryprovider.h","FunctionDiscovery","Windows.Win32.Devices.FunctionDiscovery","queued"
"491","FunctionDiscoveryServiceIDs.h","/um/FunctionDiscoveryServiceIDs.h","FunctionDiscovery","Windows.Win32.Devices.FunctionDiscovery","queued"
"492","PNPXAssoc.h","/um/PNPXAssoc.h","FunctionDiscovery","Windows.Win32.Devices.FunctionDiscovery","queued"
"493","GameInput.h","/um/GameInput.h","GameInput","Windows.Win32.UI.Input.GameInput","queued"
"494","expandedresources.h","/um/expandedresources.h","GameMode","Windows.Win32.Gaming","queued"
"495","gameux.h","/um/gameux.h","GameMode","Windows.Win32.Gaming","queued"
"496","gamingdeviceinformation.h","/um/gamingdeviceinformation.h","GamingDvcInfo","Windows.Win32.Gaming","queued"
"497","fontsub.h","/um/fontsub.h","Gdi","Windows.Win32.Graphics.Gdi","queued"
"498","mmsystem.h","/um/mmsystem.h","Gdi","Windows.Win32.Graphics.Gdi","queued"
"499","t2embapi.h","/um/t2embapi.h","Gdi","Windows.Win32.Graphics.Gdi","queued"
"500","wingdi.h","/um/wingdi.h","Gdi","Windows.Win32.Graphics.Gdi","classified"
"501","gdipluscolor.h","/um/gdipluscolor.h","Gdiplus","Windows.Win32.Graphics.GdiPlus","queued"
"502","gdipluscolormatrix.h","/um/gdipluscolormatrix.h","Gdiplus","Windows.Win32.Graphics.GdiPlus","queued"
"503","gdipluseffects.h","/um/gdipluseffects.h","Gdiplus","Windows.Win32.Graphics.GdiPlus","queued"
"504","gdiplusenums.h","/um/gdiplusenums.h","Gdiplus","Windows.Win32.Graphics.GdiPlus","queued"
"505","gdiplusflat.h","/um/gdiplusflat.h","Gdiplus","Windows.Win32.Graphics.GdiPlus","queued"
"506","gdiplusgpstubs.h","/um/gdiplusgpstubs.h","Gdiplus","Windows.Win32.Graphics.GdiPlus","queued"
"507","gdiplusimaging.h","/um/gdiplusimaging.h","Gdiplus","Windows.Win32.Graphics.GdiPlus","queued"
"508","gdiplusinit.h","/um/gdiplusinit.h","Gdiplus","Windows.Win32.Graphics.GdiPlus","queued"
"509","gdiplusmem.h","/um/gdiplusmem.h","Gdiplus","Windows.Win32.Graphics.GdiPlus","queued"
"510","gdiplusmetaheader.h","/um/gdiplusmetaheader.h","Gdiplus","Windows.Win32.Graphics.GdiPlus","queued"
"511","gdipluspixelformats.h","/um/gdipluspixelformats.h","Gdiplus","Windows.Win32.Graphics.GdiPlus","queued"
"512","gdiplustypes.h","/um/gdiplustypes.h","Gdiplus","Windows.Win32.Graphics.GdiPlus","queued"
"513","gpmgmt.h","/um/gpmgmt.h","Gpmc","Windows.Win32.System.GroupPolicy","queued"
"514","dinputd.h","/shared/dinputd.h","Hid","Windows.Win32.Devices.HumanInterfaceDevice","queued"
"515","dinputd.h","/shared/dinputd.h","Hid","Windows.Win32.Devices.HumanInterfaceDevice","queued"
"516","hidclass.h","/shared/hidclass.h","Hid","Windows.Win32.Devices.HumanInterfaceDevice","queued"
"517","hidpi.h","/shared/hidpi.h","Hid","Windows.Win32.Devices.HumanInterfaceDevice","queued"
"518","hidsdi.h","/shared/hidsdi.h","Hid","Windows.Win32.Devices.HumanInterfaceDevice","queued"
"519","hidusage.h","/shared/hidusage.h","Hid","Windows.Win32.Devices.HumanInterfaceDevice","queued"
"520","ntddkbd.h","/shared/ntddkbd.h","Hid","Windows.Win32.Devices.HumanInterfaceDevice","queued"
"521","ntddmou.h","/shared/ntddmou.h","Hid","Windows.Win32.Devices.HumanInterfaceDevice","queued"
"522","dinput.h","/um/dinput.h","Hid","Windows.Win32.Devices.HumanInterfaceDevice","queued"
"523","gpiobuttontypes.h","/um/gpiobuttontypes.h","Hid","Windows.Win32.Devices.HumanInterfaceDevice","queued"
"524","computenetwork.h","/um/computenetwork.h","HostComputeNetwork","Windows.Win32.System.HostComputeNetwork","queued"
"525","computecore.h","/um/computecore.h","HostComputeSystem","Windows.Win32.System.HostComputeSystem","queued"
"526","computedefs.h","/um/computedefs.h","HostComputeSystem","Windows.Win32.System.HostComputeSystem","queued"
"527","computestorage.h","/um/computestorage.h","HostComputeSystem","Windows.Win32.System.HostComputeSystem","queued"
"528","HtmlHelp.h","/um/HtmlHelp.h","HtmlHelp","Windows.Win32.Data.HtmlHelp","queued"
"529","infotech.h","/um/infotech.h","HtmlHelp","Windows.Win32.Data.HtmlHelp","queued"
"530","http.h","/um/http.h","HttpServer","Windows.Win32.Networking.HttpServer","queued"
"531","hvsocket.h","/shared/hvsocket.h","Hypervisor","Windows.Win32.System.Hypervisor","queued"
"532","vmgenerationcounter.h","/shared/vmgenerationcounter.h","Hypervisor","Windows.Win32.System.Hypervisor","queued"
"533","hypervdevicevirtualization.h","/um/hypervdevicevirtualization.h","Hypervisor","Windows.Win32.System.Hypervisor","queued"
"534","vmsavedstatedump.h","/um/vmsavedstatedump.h","Hypervisor","Windows.Win32.System.Hypervisor","queued"
"535","vmsavedstatedumpdefs.h","/um/vmsavedstatedumpdefs.h","Hypervisor","Windows.Win32.System.Hypervisor","queued"
"536","WinHvEmulation.h","/um/WinHvEmulation.h","Hypervisor","Windows.Win32.System.Hypervisor","queued"
"537","WinHvPlatform.h","/um/WinHvPlatform.h","Hypervisor","Windows.Win32.System.Hypervisor","queued"
"538","WinHvPlatformDefs.h","/um/WinHvPlatformDefs.h","Hypervisor","Windows.Win32.System.Hypervisor","queued"
"539","issper16.h","/shared/issper16.h","Identity","Windows.Win32.Security.Authentication.Identity","queued"
"540","secext.h","/shared/secext.h","Identity","Windows.Win32.Security.Authentication.Identity","queued"
"541","security.h","/shared/security.h","Identity","Windows.Win32.Security.Authentication.Identity","queued"
"542","sspi.h","/shared/sspi.h","Identity","Windows.Win32.Security.Authentication.Identity","queued"
"543","ccgplugins.h","/um/ccgplugins.h","Identity","Windows.Win32.Security.Authentication.Identity","queued"
"544","lsalookup.h","/um/lsalookup.h","Identity","Windows.Win32.Security.Authentication.Identity","queued"
"545","minschannel.h","/um/minschannel.h","Identity","Windows.Win32.Security.Authentication.Identity","queued"
"546","ntlsa.h","/um/ntlsa.h","Identity","Windows.Win32.Security.Authentication.Identity","queued"
"547","NTSecAPI.h","/um/NTSecAPI.h","Identity","Windows.Win32.Security.Authentication.Identity","queued"
"548","NTSecPKG.h","/um/NTSecPKG.h","Identity","Windows.Win32.Security.Authentication.Identity","queued"
"549","sas.h","/um/sas.h","Identity","Windows.Win32.Security.Authentication.Identity","queued"
"550","schannel.h","/um/schannel.h","Identity","Windows.Win32.Security.Authentication.Identity","queued"
"551","schnlsp.h","/um/schnlsp.h","Identity","Windows.Win32.Security.Authentication.Identity","queued"
"552","slerror.h","/um/slerror.h","Identity","Windows.Win32.Security.Authentication.Identity","queued"
"553","sliddefs.h","/um/sliddefs.h","Identity","Windows.Win32.Security.Authentication.Identity","queued"
"554","slpublic.h","/um/slpublic.h","Identity","Windows.Win32.Security.Authentication.Identity","queued"
"555","SubAuth.h","/um/SubAuth.h","Identity","Windows.Win32.Security.Authentication.Identity","queued"
"556","tokenbinding.h","/um/tokenbinding.h","Identity","Windows.Win32.Security.Authentication.Identity","queued"
"557","wdigest.h","/um/wdigest.h","Identity","Windows.Win32.Security.Authentication.Identity","queued"
"558","IdentityCommon.h","/um/IdentityCommon.h","IdentityProvider","Windows.Win32.Security.Authentication.Identity.Provider","queued"
"559","IdentityProvider.h","/um/IdentityProvider.h","IdentityProvider","Windows.Win32.Security.Authentication.Identity.Provider","queued"
"560","IdentityStore.h","/um/IdentityStore.h","IdentityProvider","Windows.Win32.Security.Authentication.Identity.Provider","queued"
"561","fltUserStructures.h","/shared/fltUserStructures.h","Ifsk","Windows.Win32.Storage.InstallableFileSystems","queued"
"562","wnnc.h","/shared/wnnc.h","Ifsk","Windows.Win32.Storage.InstallableFileSystems","queued"
"563","fltUser.h","/um/fltUser.h","Ifsk","Windows.Win32.Storage.InstallableFileSystems","queued"
"564","ahadmin.h","/um/ahadmin.h","Iis","Windows.Win32.System.Iis","queued"
"565","asptlb.h","/um/asptlb.h","Iis","Windows.Win32.System.Iis","queued"
"566","ftpext.h","/um/ftpext.h","Iis","Windows.Win32.System.Iis","queued"
"567","httpext.h","/um/httpext.h","Iis","Windows.Win32.System.Iis","queued"
"568","httpfilt.h","/um/httpfilt.h","Iis","Windows.Win32.System.Iis","queued"
"569","httprequestid.h","/um/httprequestid.h","Iis","Windows.Win32.System.Iis","queued"
"570","httptrace.h","/um/httptrace.h","Iis","Windows.Win32.System.Iis","queued"
"571","hwebcore.h","/um/hwebcore.h","Iis","Windows.Win32.System.Iis","queued"
"572","iadmext.h","/um/iadmext.h","Iis","Windows.Win32.System.Iis","queued"
"573","iadmw.h","/um/iadmw.h","Iis","Windows.Win32.System.Iis","queued"
"574","iiisext.h","/um/iiisext.h","Iis","Windows.Win32.System.Iis","queued"
"575","iimgctx.h","/um/iimgctx.h","Iis","Windows.Win32.System.Iis","queued"
"576","iiscnfg.h","/um/iiscnfg.h","Iis","Windows.Win32.System.Iis","queued"
"577","iisrsta.h","/um/iisrsta.h","Iis","Windows.Win32.System.Iis","queued"
"578","iiswebsocket.h","/um/iiswebsocket.h","Iis","Windows.Win32.System.Iis","queued"
"579","iwamreg.h","/um/iwamreg.h","Iis","Windows.Win32.System.Iis","queued"
"580","listeneradapter.h","/um/listeneradapter.h","Iis","Windows.Win32.System.Iis","queued"
"581","mddefw.h","/um/mddefw.h","Iis","Windows.Win32.System.Iis","queued"
"582","mdmsg.h","/um/mdmsg.h","Iis","Windows.Win32.System.Iis","queued"
"583","webhost.h","/um/webhost.h","Iis","Windows.Win32.System.Iis","queued"
"584","sti.h","/um/sti.h","ImagingDevice","Windows.Win32.Devices.Fax","queued"
"585","stierr.h","/um/stierr.h","ImagingDevice","Windows.Win32.Devices.Fax","queued"
"586","stireg.h","/um/stireg.h","ImagingDevice","Windows.Win32.Devices.Fax","queued"
"587","stiusd.h","/um/stiusd.h","ImagingDevice","Windows.Win32.Devices.Fax","queued"
"588","imapi.h","/um/imapi.h","IMapi","Windows.Win32.Storage.Imapi","queued"
"589","imapi2.h","/um/imapi2.h","IMapi","Windows.Win32.Storage.Imapi","queued"
"590","imapi2fs.h","/um/imapi2fs.h","IMapi","Windows.Win32.Storage.Imapi","queued"
"591","imapierror.h","/um/imapierror.h","IMapi","Windows.Win32.Storage.Imapi","queued"
"592","imessage.h","/um/imessage.h","IMapi","Windows.Win32.Storage.Imapi","queued"
"593","mailmsgprops.h","/um/mailmsgprops.h","IMapi","Windows.Win32.Storage.Imapi","queued"
"594","smtpguid.h","/um/smtpguid.h","IMapi","Windows.Win32.Storage.Imapi","queued"
"595","cmdtree.h","/um/cmdtree.h","IndexSrv","Windows.Win32.Storage.IndexServer","queued"
"596","Filter.h","/um/Filter.h","IndexSrv","Windows.Win32.Storage.IndexServer","queued"
"597","filterr.h","/um/filterr.h","IndexSrv","Windows.Win32.Storage.IndexServer","queued"
"598","NTQuery.h","/um/NTQuery.h","IndexSrv","Windows.Win32.Storage.IndexServer","queued"
"599","InkPresenterDesktop.h","/um/InkPresenterDesktop.h","Input_Ink","Windows.Win32.UI.Input.Ink","queued"
"600","inkrenderer.h","/um/inkrenderer.h","Input_Ink","Windows.Win32.UI.Input.Ink","queued"
"601","InteractionContext.h","/um/InteractionContext.h","Input_IntContext","Windows.Win32.UI.InteractionContext","queued"
"602","dimm.h","/um/dimm.h","Input.Ime","Windows.Win32.UI.Input.Ime","queued"
"603","ime_cmodes.h","/um/ime_cmodes.h","Input.Ime","Windows.Win32.UI.Input.Ime","queued"
"604","imepad.h","/um/imepad.h","Input.Ime","Windows.Win32.UI.Input.Ime","queued"
"605","imm.h","/um/imm.h","Input.Ime","Windows.Win32.UI.Input.Ime","queued"
"606","immdev.h","/um/immdev.h","Input.Ime","Windows.Win32.UI.Input.Ime","queued"
"607","msime.h","/um/msime.h","Input.Ime","Windows.Win32.UI.Input.Ime","queued"
"608","msimeapi.h","/um/msimeapi.h","Input.Ime","Windows.Win32.UI.Input.Ime","queued"
"609","RadialControllerInterop.h","/um/RadialControllerInterop.h","InputRadial","Windows.Win32.UI.Input.Radial","queued"
"610","icwcfg.h","/um/icwcfg.h","InternetConnectionWizard","Windows.Win32.NetworkManagement.InternetConnectionWizard","queued"
"611","docobjectservice.h","/um/docobjectservice.h","InternetExplorer","Windows.Win32.Web.InternetExplorer","queued"
"612","downloadmgr.h","/um/downloadmgr.h","InternetExplorer","Windows.Win32.Web.InternetExplorer","queued"
"613","exdispid.h","/um/exdispid.h","InternetExplorer","Windows.Win32.Web.InternetExplorer","queued"
"614","extensionvalidation.h","/um/extensionvalidation.h","InternetExplorer","Windows.Win32.Web.InternetExplorer","queued"
"615","homepagesetting.h","/um/homepagesetting.h","InternetExplorer","Windows.Win32.Web.InternetExplorer","queued"
"616","htiface.h","/um/htiface.h","InternetExplorer","Windows.Win32.Web.InternetExplorer","queued"
"617","htiframe.h","/um/htiframe.h","InternetExplorer","Windows.Win32.Web.InternetExplorer","queued"
"618","idispids.h","/um/idispids.h","InternetExplorer","Windows.Win32.Web.InternetExplorer","queued"
"619","ie12plugin.h","/um/ie12plugin.h","InternetExplorer","Windows.Win32.Web.InternetExplorer","queued"
"620","ieautomation.h","/um/ieautomation.h","InternetExplorer","Windows.Win32.Web.InternetExplorer","queued"
"621","ieobj.h","/um/ieobj.h","InternetExplorer","Windows.Win32.Web.InternetExplorer","queued"
"622","iepmapi.h","/um/iepmapi.h","InternetExplorer","Windows.Win32.Web.InternetExplorer","queued"
"623","ieprocess.h","/um/ieprocess.h","InternetExplorer","Windows.Win32.Web.InternetExplorer","queued"
"624","iewebdriver.h","/um/iewebdriver.h","InternetExplorer","Windows.Win32.Web.InternetExplorer","queued"
"625","iextag.h","/um/iextag.h","InternetExplorer","Windows.Win32.Web.InternetExplorer","queued"
"626","imgutil.h","/um/imgutil.h","InternetExplorer","Windows.Win32.Web.InternetExplorer","queued"
"627","inetreg.h","/um/inetreg.h","InternetExplorer","Windows.Win32.Web.InternetExplorer","queued"
"628","inetsdk.h","/um/inetsdk.h","InternetExplorer","Windows.Win32.Web.InternetExplorer","queued"
"629","msiehost.h","/um/msiehost.h","InternetExplorer","Windows.Win32.Web.InternetExplorer","queued"
"630","msoav.h","/um/msoav.h","InternetExplorer","Windows.Win32.Web.InternetExplorer","queued"
"631","ocmm.h","/um/ocmm.h","InternetExplorer","Windows.Win32.Web.InternetExplorer","queued"
"632","openservice.h","/um/openservice.h","InternetExplorer","Windows.Win32.Web.InternetExplorer","queued"
"633","perhist.h","/um/perhist.h","InternetExplorer","Windows.Win32.Web.InternetExplorer","queued"
"634","ratings.h","/um/ratings.h","InternetExplorer","Windows.Win32.Web.InternetExplorer","queued"
"635","urlhist.h","/um/urlhist.h","InternetExplorer","Windows.Win32.Web.InternetExplorer","queued"
"636","webevnts.h","/um/webevnts.h","InternetExplorer","Windows.Win32.Web.InternetExplorer","queued"
"637","bcp47mrm.h","/um/bcp47mrm.h","Intl","Windows.Win32.Globalization","queued"
"638","calendarapis.h","/um/calendarapis.h","Intl","Windows.Win32.Globalization","queued"
"639","datetimeapi.h","/um/datetimeapi.h","Intl","Windows.Win32.Globalization","queued"
"640","ElsCore.h","/um/ElsCore.h","Intl","Windows.Win32.Globalization","queued"
"641","elssrvc.h","/um/elssrvc.h","Intl","Windows.Win32.Globalization","queued"
"642","gb18030.h","/um/gb18030.h","Intl","Windows.Win32.Globalization","queued"
"643","icu.h","/um/icu.h","Intl","Windows.Win32.Globalization","queued"
"644","icucommon.h","/um/icucommon.h","Intl","Windows.Win32.Globalization","queued"
"645","icui18n.h","/um/icui18n.h","Intl","Windows.Win32.Globalization","queued"
"646","mlang.h","/um/mlang.h","Intl","Windows.Win32.Globalization","queued"
"647","muiload.h","/um/muiload.h","Intl","Windows.Win32.Globalization","queued"
"648","spellcheck.h","/um/spellcheck.h","Intl","Windows.Win32.Globalization","queued"
"649","spellcheckprovider.h","/um/spellcheckprovider.h","Intl","Windows.Win32.Globalization","queued"
"650","stringapiset.h","/um/stringapiset.h","Intl","Windows.Win32.Globalization","queued"
"651","usp10.h","/um/usp10.h","Intl","Windows.Win32.Globalization","queued"
"652","WinNls.h","/um/WinNls.h","Intl","Windows.Win32.Globalization","queued"
"653","ioapiset.h","/um/ioapiset.h","IO","Windows.Win32.System.IO","queued"
"654","ntddstor.h","/shared/ntddstor.h","Ioctl","Windows.Win32.System.Ioctl","queued"
"655","winioctl.h","/um/winioctl.h","Ioctl","Windows.Win32.System.Ioctl","queued"
"656","ifmib.h","/shared/ifmib.h","IpHlp","Windows.Win32.NetworkManagement.IpHelper","queued"
"657","ip2string.h","/shared/ip2string.h","IpHlp","Windows.Win32.NetworkManagement.IpHelper","queued"
"658","ipifcons.h","/shared/ipifcons.h","IpHlp","Windows.Win32.NetworkManagement.IpHelper","queued"
"659","ipmib.h","/shared/ipmib.h","IpHlp","Windows.Win32.NetworkManagement.IpHelper","queued"
"660","iprtrmib.h","/shared/iprtrmib.h","IpHlp","Windows.Win32.NetworkManagement.IpHelper","queued"
"661","netioapi.h","/shared/netioapi.h","IpHlp","Windows.Win32.NetworkManagement.IpHelper","queued"
"662","tcpestats.h","/shared/tcpestats.h","IpHlp","Windows.Win32.NetworkManagement.IpHelper","queued"
"663","tcpmib.h","/shared/tcpmib.h","IpHlp","Windows.Win32.NetworkManagement.IpHelper","queued"
"664","udpmib.h","/shared/udpmib.h","IpHlp","Windows.Win32.NetworkManagement.IpHelper","queued"
"665","fltdefs.h","/um/fltdefs.h","IpHlp","Windows.Win32.NetworkManagement.IpHelper","queued"
"666","IcmpAPI.h","/um/IcmpAPI.h","IpHlp","Windows.Win32.NetworkManagement.IpHelper","queued"
"667","IPExport.h","/um/IPExport.h","IpHlp","Windows.Win32.NetworkManagement.IpHelper","queued"
"668","iphlpapi.h","/um/iphlpapi.h","IpHlp","Windows.Win32.NetworkManagement.IpHelper","queued"
"669","ipinfoid.h","/um/ipinfoid.h","IpHlp","Windows.Win32.NetworkManagement.IpHelper","queued"
"670","iptypes.h","/um/iptypes.h","IpHlp","Windows.Win32.NetworkManagement.IpHelper","queued"
"671","iscsierr.h","/shared/iscsierr.h","IScsiDisc","Windows.Win32.Storage.IscsiDisc","queued"
"672","ntddscsi.h","/shared/ntddscsi.h","IScsiDisc","Windows.Win32.Storage.IscsiDisc","queued"
"673","iscsidsc.h","/um/iscsidsc.h","IScsiDisc","Windows.Win32.Storage.IscsiDisc","queued"
"674","isolatedapplauncher.h","/um/isolatedapplauncher.h","Isolation","Windows.Win32.Security.Isolation","queued"
"675","isolatedwindowsenvironmentutils.h","/um/isolatedwindowsenvironmentutils.h","Isolation","Windows.Win32.Security.Isolation","queued"
"676","securityappcontainer.h","/um/securityappcontainer.h","Isolation","Windows.Win32.Security.Isolation","queued"
"677","jobapi.h","/um/jobapi.h","JobObjects","Windows.Win32.System.JobObjects","queued"
"678","jobapi2.h","/um/jobapi2.h","JobObjects","Windows.Win32.System.JobObjects","queued"
"679","chakrart.h","/um/chakrart.h","Js","Windows.Win32.System.Js","queued"
"680","jsrt.h","/um/jsrt.h","Js","Windows.Win32.System.Js","queued"
"681","jsrt9.h","/um/jsrt9.h","Js","Windows.Win32.System.Js","queued"
"682","ntdef.h","/shared/ntdef.h","Kernel","Windows.Win32.System.Kernel","queued"
"683","kbd.h","/um/kbd.h","KeyboardAndMouseInput","Windows.Win32.UI.Input.KeyboardAndMouse","queued"
"684","ntldap.h","/um/ntldap.h","Ldap","Windows.Win32.Networking.Ldap","queued"
"685","WinBer.h","/um/WinBer.h","Ldap","Windows.Win32.Networking.Ldap","queued"
"686","Winldap.h","/um/Winldap.h","Ldap","Windows.Win32.Networking.Ldap","queued"
"687","libloaderapi.h","/um/libloaderapi.h","LibraryLoader","Windows.Win32.System.LibraryLoader","queued"
"688","libloaderapi2.h","/um/libloaderapi2.h","LibraryLoader","Windows.Win32.System.LibraryLoader","queued"
"689","EmptyVC.h","/um/EmptyVC.h","Lwef","Windows.Win32.UI.LegacyWindowsEnvironmentFeatures","queued"
"690","Reconcil.h","/um/Reconcil.h","Lwef","Windows.Win32.UI.LegacyWindowsEnvironmentFeatures","queued"
"691","WindowsDefender.h","/um/WindowsDefender.h","Lwef","Windows.Win32.UI.LegacyWindowsEnvironmentFeatures","queued"
"692","MLOperatorAuthor.h","/um/MLOperatorAuthor.h","MachineLearning","Windows.Win32.AI.MachineLearning.WinML","queued"
"693","winml.h","/um/winml.h","MachineLearning","Windows.Win32.AI.MachineLearning.WinML","queued"
"694","madcapcl.h","/um/madcapcl.h","MadCap","Windows.Win32.NetworkManagement.Multicast","queued"
"695","magnification.h","/um/magnification.h","MagApi","Windows.Win32.UI.Magnification","queued"
"696","MAPI.h","/um/MAPI.h","Mapi","Windows.Win32.System.Mapi","queued"
"697","MapiUnicodeHelp.h","/um/MapiUnicodeHelp.h","Mapi","Windows.Win32.System.Mapi","queued"
"698","mbnapi.h","/um/mbnapi.h","Mbn","Windows.Win32.NetworkManagement.MobileBroadband","queued"
"699","mdmlocalmanagement.h","/um/mdmlocalmanagement.h","MdmReg","Windows.Win32.Management.MobileDeviceManagementRegistration","queued"
"700","MDMRegistration.h","/um/MDMRegistration.h","MdmReg","Windows.Win32.Management.MobileDeviceManagementRegistration","queued"
"701","uuids.h","/shared/uuids.h","Media","Windows.Win32.Media","queued"
"702","mmiscapi2.h","/um/mmiscapi2.h","Media","Windows.Win32.Media","queued"
"703","mmsyscom.h","/um/mmsyscom.h","Media","Windows.Win32.Media","queued"
"704","timeapi.h","/um/timeapi.h","Media","Windows.Win32.Media","queued"
"705","bdatypes.h","/shared/bdatypes.h","Media.DShow","Windows.Win32.Media.DirectShow","queued"
"706","ksuuids.h","/shared/ksuuids.h","Media.DShow","Windows.Win32.Media.DirectShow","queued"
"707","activecf.h","/um/activecf.h","Media.DShow","Windows.Win32.Media.DirectShow","queued"
"708","amaudio.h","/um/amaudio.h","Media.DShow","Windows.Win32.Media.DirectShow","queued"
"709","amparse.h","/um/amparse.h","Media.DShow","Windows.Win32.Media.DirectShow","queued"
"710","amstream.h","/um/amstream.h","Media.DShow","Windows.Win32.Media.DirectShow","queued"
"711","amva.h","/um/amva.h","Media.DShow","Windows.Win32.Media.DirectShow","queued"
"712","amvideo.h","/um/amvideo.h","Media.DShow","Windows.Win32.Media.DirectShow","queued"
"713","audevcod.h","/um/audevcod.h","Media.DShow","Windows.Win32.Media.DirectShow","queued"
"714","austream.h","/um/austream.h","Media.DShow","Windows.Win32.Media.DirectShow","queued"
"715","avifmt.h","/um/avifmt.h","Media.DShow","Windows.Win32.Media.DirectShow","queued"
"716","aviriff.h","/um/aviriff.h","Media.DShow","Windows.Win32.Media.DirectShow","queued"
"717","bdaiface.h","/um/bdaiface.h","Media.DShow","Windows.Win32.Media.DirectShow","queued"
"718","control.h","/um/control.h","Media.DShow","Windows.Win32.Media.DirectShow","queued"
"719","ddstream.h","/um/ddstream.h","Media.DShow","Windows.Win32.Media.DirectShow","queued"
"720","dmodshow.h","/um/dmodshow.h","Media.DShow","Windows.Win32.Media.DirectShow","queued"
"721","dshowasf.h","/um/dshowasf.h","Media.DShow","Windows.Win32.Media.DirectShow","queued"
"722","dvdevcod.h","/um/dvdevcod.h","Media.DShow","Windows.Win32.Media.DirectShow","queued"
"723","dvdmedia.h","/um/dvdmedia.h","Media.DShow","Windows.Win32.Media.DirectShow","queued"
"724","dxva.h","/um/dxva.h","Media.DShow","Windows.Win32.Media.DirectShow","queued"
"725","dxva2swdev.h","/um/dxva2swdev.h","Media.DShow","Windows.Win32.Media.DirectShow","queued"
"726","dxva2trace.h","/um/dxva2trace.h","Media.DShow","Windows.Win32.Media.DirectShow","queued"
"727","errors.h","/um/errors.h","Media.DShow","Windows.Win32.Media.DirectShow","queued"
"728","evcode.h","/um/evcode.h","Media.DShow","Windows.Win32.Media.DirectShow","queued"
"729","il21dec.h","/um/il21dec.h","Media.DShow","Windows.Win32.Media.DirectShow","queued"
"730","iwstdec.h","/um/iwstdec.h","Media.DShow","Windows.Win32.Media.DirectShow","queued"
"731","medparam.h","/um/medparam.h","Media.DShow","Windows.Win32.Media.DirectShow","queued"
"732","mixerocx.h","/um/mixerocx.h","Media.DShow","Windows.Win32.Media.DirectShow","queued"
"733","mmstream.h","/um/mmstream.h","Media.DShow","Windows.Win32.Media.DirectShow","queued"
"734","mpconfig.h","/um/mpconfig.h","Media.DShow","Windows.Win32.Media.DirectShow","queued"
"735","mpeg2error.h","/um/mpeg2error.h","Media.DShow","Windows.Win32.Media.DirectShow","queued"
"736","MpegType.h","/um/MpegType.h","Media.DShow","Windows.Win32.Media.DirectShow","queued"
"737","pbdaerrors.h","/um/pbdaerrors.h","Media.DShow","Windows.Win32.Media.DirectShow","queued"
"738","playlist.h","/um/playlist.h","Media.DShow","Windows.Win32.Media.DirectShow","queued"
"739","qnetwork.h","/um/qnetwork.h","Media.DShow","Windows.Win32.Media.DirectShow","queued"
"740","strmif.h","/um/strmif.h","Media.DShow","Windows.Win32.Media.DirectShow","queued"
"741","vfwmsgs.h","/um/vfwmsgs.h","Media.DShow","Windows.Win32.Media.DirectShow","queued"
"742","vidcap.h","/um/vidcap.h","Media.DShow","Windows.Win32.Media.DirectShow","queued"
"743","videoacc.h","/um/videoacc.h","Media.DShow","Windows.Win32.Media.DirectShow","queued"
"744","vmr9.h","/um/vmr9.h","Media.DShow","Windows.Win32.Media.DirectShow","queued"
"745","vpconfig.h","/um/vpconfig.h","Media.DShow","Windows.Win32.Media.DirectShow","queued"
"746","vpnotify.h","/um/vpnotify.h","Media.DShow","Windows.Win32.Media.DirectShow","queued"
"747","vptype.h","/um/vptype.h","Media.DShow","Windows.Win32.Media.DirectShow","queued"
"748","xprtdefs.h","/um/xprtdefs.h","Media.DShow","Windows.Win32.Media.DirectShow","queued"
"749","amxmlgraphbuilder.h","/um/amxmlgraphbuilder.h","Media.DShow.Xml","Windows.Win32.Media.DirectShow.Xml","queued"
"750","dmoimpl.h","/um/dmoimpl.h","Media.DxMediaObjects","Windows.Win32.Media.DxMediaObjects","queued"
"751","dmoreg.h","/um/dmoreg.h","Media.DxMediaObjects","Windows.Win32.Media.DxMediaObjects","queued"
"752","dmort.h","/um/dmort.h","Media.DxMediaObjects","Windows.Win32.Media.DxMediaObjects","queued"
"753","mediaerr.h","/um/mediaerr.h","Media.DxMediaObjects","Windows.Win32.Media.DxMediaObjects","queued"
"754","mediaobj.h","/um/mediaobj.h","Media.DxMediaObjects","Windows.Win32.Media.DxMediaObjects","queued"
"755","ks.h","/shared/ks.h","Media.KernelStreaming","Windows.Win32.Media.KernelStreaming","queued"
"756","ksmedia.h","/shared/ksmedia.h","Media.KernelStreaming","Windows.Win32.Media.KernelStreaming","queued"
"757","ksproxy.h","/shared/ksproxy.h","Media.KernelStreaming","Windows.Win32.Media.KernelStreaming","queued"
"758","heapapi.h","/um/heapapi.h","Memory","Windows.Win32.System.Memory","queued"
"759","memoryapi.h","/um/memoryapi.h","Memory","Windows.Win32.System.Memory","queued"
"760","ioevent.h","/shared/ioevent.h","MenuRc","Windows.Win32.UI.WindowsAndMessaging","queued"
"761","strsafe.h","/shared/strsafe.h","MenuRc","Windows.Win32.UI.WindowsAndMessaging","queued"
"762","dbt.h","/um/dbt.h","MenuRc","Windows.Win32.UI.WindowsAndMessaging","queued"
"763","iswindowarranged.h","/um/iswindowarranged.h","MenuRc","Windows.Win32.UI.WindowsAndMessaging","queued"
"764","menutemplate.h","/um/menutemplate.h","MenuRc","Windows.Win32.UI.WindowsAndMessaging","queued"
"765","mrmresourceindexer.h","/um/mrmresourceindexer.h","MenuRc","Windows.Win32.UI.WindowsAndMessaging","queued"
"766","ResourceIndexer.h","/um/ResourceIndexer.h","MenuRc","Windows.Win32.UI.WindowsAndMessaging","queued"
"767","WinUser.h","/um/WinUser.h","MenuRc","Windows.Win32.UI.WindowsAndMessaging","queued"
"768","mq.h","/um/mq.h","MessageQueuing","Windows.Win32.System.MessageQueuing","queued"
"769","mqoai.h","/um/mqoai.h","MessageQueuing","Windows.Win32.System.MessageQueuing","queued"
"770","uuids.h","/shared/uuids.h","Mf","Windows.Win32.Media.MediaFoundation","queued"
"771","codecapi.h","/um/codecapi.h","Mf","Windows.Win32.Media.MediaFoundation","queued"
"772","d3d12video.h","/um/d3d12video.h","Mf","Windows.Win32.Media.MediaFoundation","queued"
"773","dxva2api.h","/um/dxva2api.h","Mf","Windows.Win32.Media.MediaFoundation","queued"
"774","dxva9typ.h","/um/dxva9typ.h","Mf","Windows.Win32.Media.MediaFoundation","queued"
"775","dxvahd.h","/um/dxvahd.h","Mf","Windows.Win32.Media.MediaFoundation","queued"
"776","evr.h","/um/evr.h","Mf","Windows.Win32.Media.MediaFoundation","queued"
"777","evr9.h","/um/evr9.h","Mf","Windows.Win32.Media.MediaFoundation","queued"
"778","icodecapi.h","/um/icodecapi.h","Mf","Windows.Win32.Media.MediaFoundation","queued"
"779","mfapi.h","/um/mfapi.h","Mf","Windows.Win32.Media.MediaFoundation","queued"
"780","mfcaptureengine.h","/um/mfcaptureengine.h","Mf","Windows.Win32.Media.MediaFoundation","queued"
"781","mfcontentdecryptionmodule.h","/um/mfcontentdecryptionmodule.h","Mf","Windows.Win32.Media.MediaFoundation","queued"
"782","mfd3d12.h","/um/mfd3d12.h","Mf","Windows.Win32.Media.MediaFoundation","queued"
"783","mferror.h","/um/mferror.h","Mf","Windows.Win32.Media.MediaFoundation","queued"
"784","mfidl.h","/um/mfidl.h","Mf","Windows.Win32.Media.MediaFoundation","queued"
"785","mfmediacapture.h","/um/mfmediacapture.h","Mf","Windows.Win32.Media.MediaFoundation","queued"
"786","mfmediaengine.h","/um/mfmediaengine.h","Mf","Windows.Win32.Media.MediaFoundation","queued"
"787","mfmp2dlna.h","/um/mfmp2dlna.h","Mf","Windows.Win32.Media.MediaFoundation","queued"
"788","mfobjects.h","/um/mfobjects.h","Mf","Windows.Win32.Media.MediaFoundation","queued"
"789","mfplay.h","/um/mfplay.h","Mf","Windows.Win32.Media.MediaFoundation","queued"
"790","mfreadwrite.h","/um/mfreadwrite.h","Mf","Windows.Win32.Media.MediaFoundation","queued"
"791","mfsharingengine.h","/um/mfsharingengine.h","Mf","Windows.Win32.Media.MediaFoundation","queued"
"792","mfspatialaudio.h","/um/mfspatialaudio.h","Mf","Windows.Win32.Media.MediaFoundation","queued"
"793","mftransform.h","/um/mftransform.h","Mf","Windows.Win32.Media.MediaFoundation","queued"
"794","mfvirtualcamera.h","/um/mfvirtualcamera.h","Mf","Windows.Win32.Media.MediaFoundation","queued"
"795","opmapi.h","/um/opmapi.h","Mf","Windows.Win32.Media.MediaFoundation","queued"
"796","opmxbox.h","/um/opmxbox.h","Mf","Windows.Win32.Media.MediaFoundation","queued"
"797","playto.h","/um/playto.h","Mf","Windows.Win32.Media.MediaFoundation","queued"
"798","wmcodecdsp.h","/um/wmcodecdsp.h","Mf","Windows.Win32.Media.MediaFoundation","queued"
"799","wmcontainer.h","/um/wmcontainer.h","Mf","Windows.Win32.Media.MediaFoundation","queued"
"800","mi.h","/um/mi.h","Mi","Windows.Win32.System.Wmi","queued"
"801","perceptiondevice.h","/um/perceptiondevice.h","MixedReality","Windows.Win32.System.MixedReality","queued"
"802","perceptiondevicecore.h","/um/perceptiondevicecore.h","MixedReality","Windows.Win32.System.MixedReality","queued"
"803","HolographicSpaceInterop.h","/um/HolographicSpaceInterop.h","MixedRealityInterop","Windows.Win32.System.WinRT","queued"
"804","SpatialInteractionManagerInterop.h","/um/SpatialInteractionManagerInterop.h","MixedRealityInterop","Windows.Win32.System.WinRT","queued"
"805","MMC.h","/um/MMC.h","Mmc","Windows.Win32.System.Mmc","queued"
"806","MMCObj.h","/um/MMCObj.h","Mmc","Windows.Win32.System.Mmc","queued"
"807","cloneviewhelper.h","/um/cloneviewhelper.h","Monitor","Windows.Win32.Devices.Display","queued"
"808","highlevelmonitorconfigurationapi.h","/um/highlevelmonitorconfigurationapi.h","Monitor","Windows.Win32.Devices.Display","queued"
"809","lowlevelmonitorconfigurationapi.h","/um/lowlevelmonitorconfigurationapi.h","Monitor","Windows.Win32.Devices.Display","queued"
"810","physicalmonitorenumerationapi.h","/um/physicalmonitorenumerationapi.h","Monitor","Windows.Win32.Devices.Display","queued"
"811","MSChapp.h","/um/MSChapp.h","MsChap","Windows.Win32.System.PasswordManagement","queued"
"812","CluAdmEx.h","/um/CluAdmEx.h","MsCs","Windows.Win32.Networking.Clustering","queued"
"813","ClusApi.h","/um/ClusApi.h","MsCs","Windows.Win32.Networking.Clustering","queued"
"814","msclus.h","/um/msclus.h","MsCs","Windows.Win32.Networking.Clustering","queued"
"815","Resapi.h","/um/Resapi.h","MsCs","Windows.Win32.Networking.Clustering","queued"
"816","smbclnt.h","/um/smbclnt.h","MsCs","Windows.Win32.Networking.Clustering","queued"
"817","mshtmcid.h","/um/mshtmcid.h","MsHtml","Windows.Win32.Web.MsHtml","queued"
"818","mshtmdid.h","/um/mshtmdid.h","MsHtml","Windows.Win32.Web.MsHtml","queued"
"819","mshtmhst.h","/um/mshtmhst.h","MsHtml","Windows.Win32.Web.MsHtml","queued"
"820","Mshtml.h","/um/Mshtml.h","MsHtml","Windows.Win32.Web.MsHtml","queued"
"821","mshtmlc.h","/um/mshtmlc.h","MsHtml","Windows.Win32.Web.MsHtml","queued"
"822","mshtmldiagnostics.h","/um/mshtmldiagnostics.h","MsHtml","Windows.Win32.Web.MsHtml","queued"
"823","atsmedia.h","/shared/atsmedia.h","MsTv","Windows.Win32.Media.DirectShow.Tv","queued"
"824","bdamedia.h","/shared/bdamedia.h","MsTv","Windows.Win32.Media.DirectShow.Tv","queued"
"825","AtscPsipParser.h","/um/AtscPsipParser.h","MsTv","Windows.Win32.Media.DirectShow.Tv","queued"
"826","bdatif.h","/um/bdatif.h","MsTv","Windows.Win32.Media.DirectShow.Tv","queued"
"827","DSAttrib.h","/um/DSAttrib.h","MsTv","Windows.Win32.Media.DirectShow.Tv","queued"
"828","DvbSiParser.h","/um/DvbSiParser.h","MsTv","Windows.Win32.Media.DirectShow.Tv","queued"
"829","encdec.h","/um/encdec.h","MsTv","Windows.Win32.Media.DirectShow.Tv","queued"
"830","mpeg2bits.h","/um/mpeg2bits.h","MsTv","Windows.Win32.Media.DirectShow.Tv","queued"
"831","mpeg2data.h","/um/mpeg2data.h","MsTv","Windows.Win32.Media.DirectShow.Tv","queued"
"832","mpeg2psiparser.h","/um/mpeg2psiparser.h","MsTv","Windows.Win32.Media.DirectShow.Tv","queued"
"833","mpeg2structs.h","/um/mpeg2structs.h","MsTv","Windows.Win32.Media.DirectShow.Tv","queued"
"834","msvidctl.h","/um/msvidctl.h","MsTv","Windows.Win32.Media.DirectShow.Tv","queued"
"835","regbag.h","/um/regbag.h","MsTv","Windows.Win32.Media.DirectShow.Tv","queued"
"836","sbe.h","/um/sbe.h","MsTv","Windows.Win32.Media.DirectShow.Tv","queued"
"837","segment.h","/um/segment.h","MsTv","Windows.Win32.Media.DirectShow.Tv","queued"
"838","tune.h","/um/tune.h","MsTv","Windows.Win32.Media.DirectShow.Tv","queued"
"839","tuner.h","/um/tuner.h","MsTv","Windows.Win32.Media.DirectShow.Tv","queued"
"840","tvratings_enum.h","/um/tvratings_enum.h","MsTv","Windows.Win32.Media.DirectShow.Tv","queued"
"841","tvratings.h","/um/tvratings.h","MsTv","Windows.Win32.Media.DirectShow.Tv","queued"
"842","msxml.h","/um/msxml.h","MsXml","Windows.Win32.Data.Xml.MsXml","queued"
"843","MsXml6.h","/um/MsXml6.h","MsXml","Windows.Win32.Data.Xml.MsXml","queued"
"844","msxml6did.h","/um/msxml6did.h","MsXml","Windows.Win32.Data.Xml.MsXml","queued"
"845","msxmldid.h","/um/msxmldid.h","MsXml","Windows.Win32.Data.Xml.MsXml","queued"
"846","mmreg.h","/shared/mmreg.h","Multimedia","Windows.Win32.Media.Multimedia","queued"
"847","tvout.h","/shared/tvout.h","Multimedia","Windows.Win32.Media.Multimedia","queued"
"848","asferr.h","/um/asferr.h","Multimedia","Windows.Win32.Media.Multimedia","queued"
"849","digitalv.h","/um/digitalv.h","Multimedia","Windows.Win32.Media.Multimedia","queued"
"850","joystickapi.h","/um/joystickapi.h","Multimedia","Windows.Win32.Media.Multimedia","queued"
"851","mciapi.h","/um/mciapi.h","Multimedia","Windows.Win32.Media.Multimedia","queued"
"852","mciavi.h","/um/mciavi.h","Multimedia","Windows.Win32.Media.Multimedia","queued"
"853","mmddk.h","/um/mmddk.h","Multimedia","Windows.Win32.Media.Multimedia","queued"
"854","mmiscapi.h","/um/mmiscapi.h","Multimedia","Windows.Win32.Media.Multimedia","queued"
"855","msacmdlg.h","/um/msacmdlg.h","Multimedia","Windows.Win32.Media.Multimedia","queued"
"856","nserror.h","/um/nserror.h","Multimedia","Windows.Win32.Media.Multimedia","queued"
"857","Vfw.h","/um/Vfw.h","Multimedia","Windows.Win32.Media.Multimedia","queued"
"858","vfwext.h","/um/vfwext.h","Multimedia","Windows.Win32.Media.Multimedia","queued"
"859","ndattrib.h","/um/ndattrib.h","Ndf","Windows.Win32.NetworkManagement.NetworkDiagnosticsFramework","queued"
"860","ndfapi.h","/um/ndfapi.h","Ndf","Windows.Win32.NetworkManagement.NetworkDiagnosticsFramework","queued"
"861","ndhelper.h","/um/ndhelper.h","Ndf","Windows.Win32.NetworkManagement.NetworkDiagnosticsFramework","queued"
"862","ifdef.h","/shared/ifdef.h","Ndis","Windows.Win32.NetworkManagement.Ndis","queued"
"863","hashtypes.h","/shared/ndis/hashtypes.h","Ndis","Windows.Win32.NetworkManagement.Ndis","queued"
"864","ioctltypes.h","/shared/ndis/ioctltypes.h","Ndis","Windows.Win32.NetworkManagement.Ndis","queued"
"865","ndisport.h","/shared/ndis/ndisport.h","Ndis","Windows.Win32.NetworkManagement.Ndis","queued"
"866","nicswitchtypes.h","/shared/ndis/nicswitchtypes.h","Ndis","Windows.Win32.NetworkManagement.Ndis","queued"
"867","objectheader.h","/shared/ndis/objectheader.h","Ndis","Windows.Win32.NetworkManagement.Ndis","queued"
"868","offloadtypes.h","/shared/ndis/offloadtypes.h","Ndis","Windows.Win32.NetworkManagement.Ndis","queued"
"869","oidtypes.h","/shared/ndis/oidtypes.h","Ndis","Windows.Win32.NetworkManagement.Ndis","queued"
"870","status.h","/shared/ndis/status.h","Ndis","Windows.Win32.NetworkManagement.Ndis","queued"
"871","types.h","/shared/ndis/types.h","Ndis","Windows.Win32.NetworkManagement.Ndis","queued"
"872","version.h","/shared/ndis/version.h","Ndis","Windows.Win32.NetworkManagement.Ndis","queued"
"873","ndisguid.h","/shared/ndisguid.h","Ndis","Windows.Win32.NetworkManagement.Ndis","queued"
"874","ndkinfo.h","/shared/ndkinfo.h","Ndis","Windows.Win32.NetworkManagement.Ndis","queued"
"875","ntddndis.h","/shared/ntddndis.h","Ndis","Windows.Win32.NetworkManagement.Ndis","queued"
"876","nb30.h","/um/nb30.h","NetBios","Windows.Win32.NetworkManagement.NetBios","queued"
"877","lmcons.h","/shared/lmcons.h","NetMgmt","Windows.Win32.NetworkManagement.NetManagement","queued"
"878","lmerr.h","/shared/lmerr.h","NetMgmt","Windows.Win32.NetworkManagement.NetManagement","queued"
"879","netevent.h","/shared/netevent.h","NetMgmt","Windows.Win32.NetworkManagement.NetManagement","queued"
"880","nettypes.h","/shared/nettypes.h","NetMgmt","Windows.Win32.NetworkManagement.NetManagement","queued"
"881","atacct.h","/um/atacct.h","NetMgmt","Windows.Win32.NetworkManagement.NetManagement","queued"
"882","lm.h","/um/lm.h","NetMgmt","Windows.Win32.NetworkManagement.NetManagement","queued"
"883","LMaccess.h","/um/LMaccess.h","NetMgmt","Windows.Win32.NetworkManagement.NetManagement","queued"
"884","LMalert.h","/um/LMalert.h","NetMgmt","Windows.Win32.NetworkManagement.NetManagement","queued"
"885","LMAPIbuf.h","/um/LMAPIbuf.h","NetMgmt","Windows.Win32.NetworkManagement.NetManagement","queued"
"886","LMat.h","/um/LMat.h","NetMgmt","Windows.Win32.NetworkManagement.NetManagement","queued"
"887","LMaudit.h","/um/LMaudit.h","NetMgmt","Windows.Win32.NetworkManagement.NetManagement","queued"
"888","LMConfig.h","/um/LMConfig.h","NetMgmt","Windows.Win32.NetworkManagement.NetManagement","queued"
"889","LMErrlog.h","/um/LMErrlog.h","NetMgmt","Windows.Win32.NetworkManagement.NetManagement","queued"
"890","LMJoin.h","/um/LMJoin.h","NetMgmt","Windows.Win32.NetworkManagement.NetManagement","queued"
"891","LMMsg.h","/um/LMMsg.h","NetMgmt","Windows.Win32.NetworkManagement.NetManagement","queued"
"892","LMRemUtl.h","/um/LMRemUtl.h","NetMgmt","Windows.Win32.NetworkManagement.NetManagement","queued"
"893","lmrepl.h","/um/lmrepl.h","NetMgmt","Windows.Win32.NetworkManagement.NetManagement","queued"
"894","lmserver.h","/um/lmserver.h","NetMgmt","Windows.Win32.NetworkManagement.NetManagement","queued"
"895","lmsname.h","/um/lmsname.h","NetMgmt","Windows.Win32.NetworkManagement.NetManagement","queued"
"896","LMSvc.h","/um/LMSvc.h","NetMgmt","Windows.Win32.NetworkManagement.NetManagement","queued"
"897","LMUse.h","/um/LMUse.h","NetMgmt","Windows.Win32.NetworkManagement.NetManagement","queued"
"898","lmuseflg.h","/um/lmuseflg.h","NetMgmt","Windows.Win32.NetworkManagement.NetManagement","queued"
"899","lmwksta.h","/um/lmwksta.h","NetMgmt","Windows.Win32.NetworkManagement.NetManagement","queued"
"900","netcfgn.h","/um/netcfgn.h","NetMgmt","Windows.Win32.NetworkManagement.NetManagement","queued"
"901","netcfgx.h","/um/netcfgx.h","NetMgmt","Windows.Win32.NetworkManagement.NetManagement","queued"
"902","netprov.h","/um/netprov.h","NetMgmt","Windows.Win32.NetworkManagement.NetManagement","queued"
"903","routprot.h","/um/routprot.h","NetMgmt","Windows.Win32.NetworkManagement.NetManagement","queued"
"904","rtinfo.h","/um/rtinfo.h","NetMgmt","Windows.Win32.NetworkManagement.NetManagement","queued"
"905","rtutils.h","/um/rtutils.h","NetMgmt","Windows.Win32.NetworkManagement.NetManagement","queued"
"906","NetSh.h","/um/NetSh.h","NetShell","Windows.Win32.NetworkManagement.NetShell","queued"
"907","napmicrosoftvendorids.h","/um/napmicrosoftvendorids.h","NetworkAccessProtection","Windows.Win32.Security.NetworkAccessProtection","queued"
"908","naptypes.h","/um/naptypes.h","NetworkAccessProtection","Windows.Win32.Security.NetworkAccessProtection","queued"
"909","nfcdtadev.h","/shared/nfcdtadev.h","Nfc","Windows.Win32.Devices.Nfc","queued"
"910","nfcradiodev.h","/shared/nfcradiodev.h","Nfc","Windows.Win32.Devices.Nfc","queued"
"911","nfcsedev.h","/shared/nfcsedev.h","Nfc","Windows.Win32.Devices.Nfc","queued"
"912","nfpdev.h","/shared/nfpdev.h","Nfp","Windows.Win32.Devices.Nfp","queued"
"913","netlistmgr.h","/um/netlistmgr.h","Nla","Windows.Win32.Networking.NetworkListManager","queued"
"914","authif.h","/um/authif.h","Nps","Windows.Win32.NetworkManagement.NetworkPolicyServer","queued"
"915","sdoias.h","/um/sdoias.h","Nps","Windows.Win32.NetworkManagement.NetworkPolicyServer","queued"
"916","pciprop.h","/shared/pciprop.h","NWifi","Windows.Win32.NetworkManagement.WiFi","queued"
"917","windot11.h","/shared/windot11.h","NWifi","Windows.Win32.NetworkManagement.WiFi","queued"
"918","WlanTypes.h","/shared/WlanTypes.h","NWifi","Windows.Win32.NetworkManagement.WiFi","queued"
"919","adhoc.h","/um/adhoc.h","NWifi","Windows.Win32.NetworkManagement.WiFi","queued"
"920","dot1x.h","/um/dot1x.h","NWifi","Windows.Win32.NetworkManagement.WiFi","queued"
"921","l2cmn.h","/um/l2cmn.h","NWifi","Windows.Win32.NetworkManagement.WiFi","queued"
"922","wlanapi.h","/um/wlanapi.h","NWifi","Windows.Win32.NetworkManagement.WiFi","queued"
"923","wlanihv.h","/um/wlanihv.h","NWifi","Windows.Win32.NetworkManagement.WiFi","queued"
"924","wlanihvtypes.h","/um/wlanihvtypes.h","NWifi","Windows.Win32.NetworkManagement.WiFi","queued"
"925","wlclient.h","/um/wlclient.h","NWifi","Windows.Win32.NetworkManagement.WiFi","queued"
"926","cscapi.h","/um/cscapi.h","Of","Windows.Win32.Storage.OfflineFiles","queued"
"927","cscobj.h","/um/cscobj.h","Of","Windows.Win32.Storage.OfflineFiles","queued"
"928","msopc.h","/um/msopc.h","Opc","Windows.Win32.Storage.Packaging.Opc","queued"
"929","gl.h","/um/gl/gl.h","OpenGL","Windows.Win32.Graphics.OpenGL","queued"
"930","glu.h","/um/gl/glu.h","OpenGL","Windows.Win32.Graphics.OpenGL","queued"
"931","drt.h","/um/drt.h","P2p","Windows.Win32.NetworkManagement.P2P","queued"
"932","p2p.h","/um/p2p.h","P2p","Windows.Win32.NetworkManagement.P2P","queued"
"933","PeerDist.h","/um/PeerDist.h","P2p","Windows.Win32.NetworkManagement.P2P","queued"
"934","pnrpdef.h","/um/pnrpdef.h","P2p","Windows.Win32.NetworkManagement.P2P","queued"
"935","pnrpns.h","/um/pnrpns.h","P2p","Windows.Win32.NetworkManagement.P2P","queued"
"936","wpc.h","/um/wpc.h","Parcon","Windows.Win32.System.ParentalControls","queued"
"937","wpcapi.h","/um/wpcapi.h","Parcon","Windows.Win32.System.ParentalControls","queued"
"938","wpcevent.h","/um/wpcevent.h","Parcon","Windows.Win32.System.ParentalControls","queued"
"939","isysmon.h","/um/isysmon.h","Perf","Windows.Win32.System.Performance","queued"
"940","LoadPerf.h","/um/LoadPerf.h","Perf","Windows.Win32.System.Performance","queued"
"941","Pdh.h","/um/Pdh.h","Perf","Windows.Win32.System.Performance","queued"
"942","pdhmsg.h","/um/pdhmsg.h","Perf","Windows.Win32.System.Performance","queued"
"943","perflib.h","/um/perflib.h","Perf","Windows.Win32.System.Performance","queued"
"944","profileapi.h","/um/profileapi.h","Perf","Windows.Win32.System.Performance","queued"
"945","winperf.h","/um/winperf.h","Perf","Windows.Win32.System.Performance","queued"
"946","PhotoAcquire.h","/um/PhotoAcquire.h","PicAcq","Windows.Win32.Media.PictureAcquisition","queued"
"947","PhotoAcquireProperties.h","/um/PhotoAcquireProperties.h","PicAcq","Windows.Win32.Media.PictureAcquisition","queued"
"948","namedpipeapi.h","/um/namedpipeapi.h","Pipes","Windows.Win32.System.Pipes","queued"
"949","pla.h","/um/pla.h","Pla","Windows.Win32.System.Performance","queued"
"950","appmgmt.h","/um/appmgmt.h","Policy","Windows.Win32.System.GroupPolicy","queued"
"951","GPEdit.h","/um/GPEdit.h","Policy","Windows.Win32.System.GroupPolicy","queued"
"952","UserEnv.h","/um/UserEnv.h","Policy","Windows.Win32.System.GroupPolicy","queued"
"953","batclass.h","/shared/batclass.h","Power","Windows.Win32.System.Power","queued"
"954","emi.h","/shared/emi.h","Power","Windows.Win32.System.Power","queued"
"955","poclass.h","/shared/poclass.h","Power","Windows.Win32.System.Power","queued"
"956","powerbase.h","/um/powerbase.h","Power","Windows.Win32.System.Power","queued"
"957","powersetting.h","/um/powersetting.h","Power","Windows.Win32.System.Power","queued"
"958","powrprof.h","/um/powrprof.h","Power","Windows.Win32.System.Power","queued"
"959","usbprint.h","/shared/usbprint.h","Printing","Windows.Win32.Graphics.Printing","queued"
"960","BiDiSpl.h","/um/BiDiSpl.h","Printing","Windows.Win32.Graphics.Printing","queued"
"961","compstui.h","/um/compstui.h","Printing","Windows.Win32.Graphics.Printing","queued"
"962","d4drvif.h","/um/d4drvif.h","Printing","Windows.Win32.Graphics.Printing","queued"
"963","d4iface.h","/um/d4iface.h","Printing","Windows.Win32.Graphics.Printing","queued"
"964","filterpipeline.h","/um/filterpipeline.h","Printing","Windows.Win32.Graphics.Printing","queued"
"965","imgerror.h","/um/imgerror.h","Printing","Windows.Win32.Graphics.Printing","queued"
"966","mxdc.h","/um/mxdc.h","Printing","Windows.Win32.Graphics.Printing","queued"
"967","prcomoem.h","/um/prcomoem.h","Printing","Windows.Win32.Graphics.Printing","queued"
"968","prdrvcom.h","/um/prdrvcom.h","Printing","Windows.Win32.Graphics.Printing","queued"
"969","PrinterExtension.h","/um/PrinterExtension.h","Printing","Windows.Win32.Graphics.Printing","queued"
"970","printerextensiondispid.h","/um/printerextensiondispid.h","Printing","Windows.Win32.Graphics.Printing","queued"
"971","printoem.h","/um/printoem.h","Printing","Windows.Win32.Graphics.Printing","queued"
"972","printpreview.h","/um/printpreview.h","Printing","Windows.Win32.Graphics.Printing","queued"
"973","prnasnot.h","/um/prnasnot.h","Printing","Windows.Win32.Graphics.Printing","queued"
"974","prnasntp.h","/um/prnasntp.h","Printing","Windows.Win32.Graphics.Printing","queued"
"975","prntfont.h","/um/prntfont.h","Printing","Windows.Win32.Graphics.Printing","queued"
"976","tcpxcv.h","/um/tcpxcv.h","Printing","Windows.Win32.Graphics.Printing","queued"
"977","winddiui.h","/um/winddiui.h","Printing","Windows.Win32.Graphics.Printing","queued"
"978","winppi.h","/um/winppi.h","Printing","Windows.Win32.Graphics.Printing","queued"
"979","winsplp.h","/um/winsplp.h","Printing","Windows.Win32.Graphics.Printing","queued"
"980","winspool.h","/um/winspool.h","Printing","Windows.Win32.Graphics.Printing","matched"
"981","wsdxcv.h","/um/wsdxcv.h","Printing","Windows.Win32.Graphics.Printing","queued"
"982","xpsrassvc.h","/um/xpsrassvc.h","Printing","Windows.Win32.Graphics.Printing","queued"
"983","prntvpt.h","/um/prntvpt.h","PrintTicket","Windows.Win32.Graphics.Printing.PrintTicket","queued"
"984","ProcessSnapshot.h","/um/ProcessSnapshot.h","Proc_Snap","Windows.Win32.System.Diagnostics.ProcessSnapshotting","queued"
"985","projectedfslib.h","/um/projectedfslib.h","ProjFs","Windows.Win32.Storage.ProjectedFileSystem","queued"
"986","propsys.h","/um/propsys.h","Properties","Windows.Win32.UI.Shell.PropertiesSystem","queued"
"987","Psapi.h","/um/Psapi.h","PsApi1","Windows.Win32.System.ProcessStatus","queued"
"988","Psapi.h","/um/Psapi.h","PsApi2","Windows.Win32.System.ProcessStatus","queued"
"989","pwm.h","/shared/pwm.h","PWM","Windows.Win32.Devices.Pwm","queued"
"990","qos.h","/shared/qos.h","Qos","Windows.Win32.NetworkManagement.QoS","queued"
"991","qosobjs.h","/shared/qosobjs.h","Qos","Windows.Win32.NetworkManagement.QoS","queued"
"992","qossp.h","/shared/qossp.h","Qos","Windows.Win32.NetworkManagement.QoS","queued"
"993","traffic.h","/shared/traffic.h","Qos","Windows.Win32.NetworkManagement.QoS","queued"
"994","qos2.h","/um/qos2.h","Qos","Windows.Win32.NetworkManagement.QoS","queued"
"995","qospol.h","/um/qospol.h","Qos","Windows.Win32.NetworkManagement.QoS","queued"
"996","tcerror.h","/um/tcerror.h","Qos","Windows.Win32.NetworkManagement.QoS","queued"
"997","tcguid.h","/um/tcguid.h","Qos","Windows.Win32.NetworkManagement.QoS","queued"
"998","tcpioctl.h","/um/tcpioctl.h","Qos","Windows.Win32.NetworkManagement.QoS","queued"
"999","wbcl.h","/um/wbcl.h","Qos","Windows.Win32.NetworkManagement.QoS","queued"
"1000","msrdc.h","/um/msrdc.h","Rdc","Windows.Win32.Networking.RemoteDifferentialCompression","queued"
"1001","rdpencomapi.h","/um/rdpencomapi.h","Rdp","Windows.Win32.System.DesktopSharing","queued"
"1002","rtccore.h","/um/rtccore.h","RealTimeCommunications","Windows.Win32.System.RealTimeCommunications","queued"
"1003","rtcerr.h","/um/rtcerr.h","RealTimeCommunications","Windows.Win32.System.RealTimeCommunications","queued"
"1004","transportsettings.h","/um/transportsettings.h","RealTimeCommunications","Windows.Win32.System.RealTimeCommunications","queued"
"1005","regstr.h","/um/regstr.h","Registry","Windows.Win32.System.Registry","queued"
"1006","statehelpers.h","/um/statehelpers.h","Registry","Windows.Win32.System.Registry","queued"
"1007","winreg.h","/um/winreg.h","Registry","Windows.Win32.System.Registry","queued"
"1008","rendezvoussession.h","/um/rendezvoussession.h","RemoteAssist","Windows.Win32.System.RemoteAssistance","queued"
"1009","msdrm.h","/um/msdrm.h","Rm","Windows.Win32.Data.RightsManagement","queued"
"1010","msdrmdefs.h","/um/msdrmdefs.h","Rm","Windows.Win32.Data.RightsManagement","queued"
"1011","msdrmerror.h","/um/msdrmerror.h","Rm","Windows.Win32.Data.RightsManagement","queued"
"1012","msdrmgetinfo.h","/um/msdrmgetinfo.h","Rm","Windows.Win32.Data.RightsManagement","queued"
"1013","rpc.h","/shared/rpc.h","Rpc","Windows.Win32.System.Rpc","queued"
"1014","rpcasync.h","/shared/rpcasync.h","Rpc","Windows.Win32.System.Rpc","queued"
"1015","rpcdce.h","/shared/rpcdce.h","Rpc","Windows.Win32.System.Rpc","queued"
"1016","rpcdcep.h","/shared/rpcdcep.h","Rpc","Windows.Win32.System.Rpc","queued"
"1017","rpcndr.h","/shared/rpcndr.h","Rpc","Windows.Win32.System.Rpc","queued"
"1018","Midles.h","/um/Midles.h","Rpc","Windows.Win32.System.Rpc","queued"
"1019","ndr64types.h","/um/ndr64types.h","Rpc","Windows.Win32.System.Rpc","queued"
"1020","rpcnsi.h","/um/rpcnsi.h","Rpc","Windows.Win32.System.Rpc","queued"
"1021","rpcnsip.h","/um/rpcnsip.h","Rpc","Windows.Win32.System.Rpc","queued"
"1022","rpcproxy.h","/um/rpcproxy.h","Rpc","Windows.Win32.System.Rpc","queued"
"1023","rpcssl.h","/um/rpcssl.h","Rpc","Windows.Win32.System.Rpc","queued"
"1024","Mgm.h","/um/Mgm.h","RRas","Windows.Win32.NetworkManagement.Rras","queued"
"1025","Mprapi.h","/um/Mprapi.h","RRas","Windows.Win32.NetworkManagement.Rras","queued"
"1026","Ras.h","/um/Ras.h","RRas","Windows.Win32.NetworkManagement.Rras","queued"
"1027","RasDlg.h","/um/RasDlg.h","RRas","Windows.Win32.NetworkManagement.Rras","queued"
"1028","raserror.h","/um/raserror.h","RRas","Windows.Win32.NetworkManagement.Rras","queued"
"1029","RassHost.h","/um/RassHost.h","RRas","Windows.Win32.NetworkManagement.Rras","queued"
"1030","RtmV2.h","/um/RtmV2.h","RRas","Windows.Win32.NetworkManagement.Rras","queued"
"1031","RestartManager.h","/um/RestartManager.h","RstMgr","Windows.Win32.System.RestartManager","queued"
"1032","filtereg.h","/um/filtereg.h","Search","Windows.Win32.System.Search","queued"
"1033","indexsrv.h","/um/indexsrv.h","Search","Windows.Win32.System.Search","queued"
"1034","msdadc.h","/um/msdadc.h","Search","Windows.Win32.System.Search","queued"
"1035","msdaguid.h","/um/msdaguid.h","Search","Windows.Win32.System.Search","queued"
"1036","msdaora.h","/um/msdaora.h","Search","Windows.Win32.System.Search","queued"
"1037","msdaosp.h","/um/msdaosp.h","Search","Windows.Win32.System.Search","queued"
"1038","msdasc.h","/um/msdasc.h","Search","Windows.Win32.System.Search","queued"
"1039","msdasql_interfaces.h","/um/msdasql_interfaces.h","Search","Windows.Win32.System.Search","queued"
"1040","msdasql.h","/um/msdasql.h","Search","Windows.Win32.System.Search","queued"
"1041","msdatsrc.h","/um/msdatsrc.h","Search","Windows.Win32.System.Search","queued"
"1042","msdshape.h","/um/msdshape.h","Search","Windows.Win32.System.Search","queued"
"1043","odbcinst.h","/um/odbcinst.h","Search","Windows.Win32.System.Search","queued"
"1044","odbcss.h","/um/odbcss.h","Search","Windows.Win32.System.Search","queued"
"1045","oledb.h","/um/oledb.h","Search","Windows.Win32.System.Search","queued"
"1046","oledbdep.h","/um/oledbdep.h","Search","Windows.Win32.System.Search","queued"
"1047","oledberr.h","/um/oledberr.h","Search","Windows.Win32.System.Search","queued"
"1048","oledbguid.h","/um/oledbguid.h","Search","Windows.Win32.System.Search","queued"
"1049","persist.h","/um/persist.h","Search","Windows.Win32.System.Search","queued"
"1050","query.h","/um/query.h","Search","Windows.Win32.System.Search","queued"
"1051","SearchAPI.h","/um/SearchAPI.h","Search","Windows.Win32.System.Search","queued"
"1052","simpdata.h","/um/simpdata.h","Search","Windows.Win32.System.Search","queued"
"1053","sql.h","/um/sql.h","Search","Windows.Win32.System.Search","queued"
"1054","sqlext.h","/um/sqlext.h","Search","Windows.Win32.System.Search","queued"
"1055","sqloledb.h","/um/sqloledb.h","Search","Windows.Win32.System.Search","queued"
"1056","sqlspi.h","/um/sqlspi.h","Search","Windows.Win32.System.Search","queued"
"1057","sqltypes.h","/um/sqltypes.h","Search","Windows.Win32.System.Search","queued"
"1058","sqlucode.h","/um/sqlucode.h","Search","Windows.Win32.System.Search","queued"
"1059","stgprop.h","/um/stgprop.h","Search","Windows.Win32.System.Search","queued"
"1060","structuredquery.h","/um/structuredquery.h","Search","Windows.Win32.System.Search","queued"
"1061","StructuredQueryCondition.h","/um/StructuredQueryCondition.h","Search","Windows.Win32.System.Search","queued"
"1062","subsmgr.h","/um/subsmgr.h","Search","Windows.Win32.System.Search","queued"
"1063","windowssearcherrors.h","/um/windowssearcherrors.h","Search","Windows.Win32.System.Search","queued"
"1064","winbio_err.h","/shared/winbio_err.h","SecBitomet","Windows.Win32.Devices.BiometricFramework","queued"
"1065","winbio_ioctl.h","/shared/winbio_ioctl.h","SecBitomet","Windows.Win32.Devices.BiometricFramework","queued"
"1066","winbio_types.h","/shared/winbio_types.h","SecBitomet","Windows.Win32.Devices.BiometricFramework","queued"
"1067","winbio_adapter.h","/um/winbio_adapter.h","SecBitomet","Windows.Win32.Devices.BiometricFramework","queued"
"1068","WinBio.h","/um/WinBio.h","SecBitomet","Windows.Win32.Devices.BiometricFramework","queued"
"1069","celib.h","/um/celib.h","Security","Windows.Win32.Security","queued"
"1070","securitybaseapi.h","/um/securitybaseapi.h","Security","Windows.Win32.Security","queued"
"1071","winsafer.h","/um/winsafer.h","Security.AppLocker","Windows.Win32.Security.AppLocker","queued"
"1072","scesvc.h","/um/scesvc.h","Security.ConfigurationSnapin","Windows.Win32.Security.ConfigurationSnapin","queued"
"1073","bcrypt.h","/shared/bcrypt.h","Security.Cryptography","Windows.Win32.Security.Cryptography","queued"
"1074","casetup.h","/um/casetup.h","Security.Cryptography","Windows.Win32.Security.Cryptography","queued"
"1075","bcrypt_provider.h","/um/cpdk/bcrypt_provider.h","Security.Cryptography","Windows.Win32.Security.Cryptography","queued"
"1076","cardmod.h","/um/cpdk/cardmod.h","Security.Cryptography","Windows.Win32.Security.Cryptography","queued"
"1077","cspdk.h","/um/cpdk/cspdk.h","Security.Cryptography","Windows.Win32.Security.Cryptography","queued"
"1078","msclmd.h","/um/cpdk/msclmd.h","Security.Cryptography","Windows.Win32.Security.Cryptography","queued"
"1079","ncrypt_provider.h","/um/cpdk/ncrypt_provider.h","Security.Cryptography","Windows.Win32.Security.Cryptography","queued"
"1080","sslprovider.h","/um/cpdk/sslprovider.h","Security.Cryptography","Windows.Win32.Security.Cryptography","queued"
"1081","cryptxml.h","/um/cryptxml.h","Security.Cryptography","Windows.Win32.Security.Cryptography","queued"
"1082","dpapi.h","/um/dpapi.h","Security.Cryptography","Windows.Win32.Security.Cryptography","queued"
"1083","i_cryptasn1tls.h","/um/i_cryptasn1tls.h","Security.Cryptography","Windows.Win32.Security.Cryptography","queued"
"1084","infocard.h","/um/infocard.h","Security.Cryptography","Windows.Win32.Security.Cryptography","queued"
"1085","mssign.h","/um/mssign.h","Security.Cryptography","Windows.Win32.Security.Cryptography","queued"
"1086","ncrypt.h","/um/ncrypt.h","Security.Cryptography","Windows.Win32.Security.Cryptography","queued"
"1087","ncryptprotect.h","/um/ncryptprotect.h","Security.Cryptography","Windows.Win32.Security.Cryptography","queued"
"1088","wincrypt.h","/um/wincrypt.h","Security.Cryptography","Windows.Win32.Security.Cryptography","queued"
"1089","cryptcat.h","/um/cryptcat.h","Security.Cryptography.Catalog","Windows.Win32.Security.Cryptography.Catalog","queued"
"1090","mscat.h","/um/mscat.h","Security.Cryptography.Catalog","Windows.Win32.Security.Cryptography.Catalog","queued"
"1091","mssip.h","/um/mssip.h","Security.Cryptography.Sip","Windows.Win32.Security.Cryptography.Sip","queued"
"1092","cryptdlg.h","/um/cryptdlg.h","Security.Cryptography.UI","Windows.Win32.Security.Cryptography.UI","queued"
"1093","cryptuiapi.h","/um/cryptuiapi.h","Security.Cryptography.UI","Windows.Win32.Security.Cryptography.UI","queued"
"1094","DiagnosticDataQuery.h","/um/DiagnosticDataQuery.h","Security.DiagnosticDataQuery","Windows.Win32.Security.DiagnosticDataQuery","queued"
"1095","diagnosticdataquerytypes.h","/um/diagnosticdataquerytypes.h","Security.DiagnosticDataQuery","Windows.Win32.Security.DiagnosticDataQuery","queued"
"1096","dssec.h","/um/dssec.h","Security.DirectoryServices","Windows.Win32.Security.DirectoryServices","queued"
"1097","licenseprotection.h","/um/licenseprotection.h","Security.LicenseProtection","Windows.Win32.Security.LicenseProtection","queued"
"1098","TpmVscAttestation.h","/um/TpmVscAttestation.h","Security.Tpm","Windows.Win32.Security.Tpm","queued"
"1099","tpmvscmgr.h","/um/tpmvscmgr.h","Security.Tpm","Windows.Win32.Security.Tpm","queued"
"1100","softpub.h","/um/softpub.h","Security.WinTrust","Windows.Win32.Security.WinTrust","queued"
"1101","WinTrust.h","/um/WinTrust.h","Security.WinTrust","Windows.Win32.Security.WinTrust","queued"
"1102","WinWlx.h","/um/WinWlx.h","Security.WinWlx","Windows.Win32.Security.WinWlx","queued"
"1103","iwscapi.h","/um/iwscapi.h","SecurityCenter","Windows.Win32.System.SecurityCenter","queued"
"1104","Wscapi.h","/um/Wscapi.h","SecurityCenter","Windows.Win32.System.SecurityCenter","queued"
"1105","sens.h","/um/sens.h","Sens","Windows.Win32.System.EventNotificationService","queued"
"1106","SensAPI.h","/um/SensAPI.h","Sens","Windows.Win32.System.EventNotificationService","queued"
"1107","SensEvts.h","/um/SensEvts.h","Sens","Windows.Win32.System.EventNotificationService","queued"
"1108","ntddser.h","/shared/ntddser.h","SerPorts","Windows.Win32.Devices.SerialCommunication","queued"
"1109","msports.h","/um/msports.h","SerPorts","Windows.Win32.Devices.SerialCommunication","queued"
"1110","winsvc.h","/um/winsvc.h","Services","Windows.Win32.System.Services","queued"
"1111","evalcom2.h","/um/evalcom2.h","Setup","Windows.Win32.System.ApplicationInstallationAndServicing","queued"
"1112","mergemod.h","/um/mergemod.h","Setup","Windows.Win32.System.ApplicationInstallationAndServicing","queued"
"1113","msdelta.h","/um/msdelta.h","Setup","Windows.Win32.System.ApplicationInstallationAndServicing","queued"
"1114","Msi.h","/um/Msi.h","Setup","Windows.Win32.System.ApplicationInstallationAndServicing","queued"
"1115","msidefs.h","/um/msidefs.h","Setup","Windows.Win32.System.ApplicationInstallationAndServicing","queued"
"1116","msiltcfg.h","/um/msiltcfg.h","Setup","Windows.Win32.System.ApplicationInstallationAndServicing","queued"
"1117","MsiQuery.h","/um/MsiQuery.h","Setup","Windows.Win32.System.ApplicationInstallationAndServicing","queued"
"1118","pacmanclientapi.h","/um/pacmanclientapi.h","Setup","Windows.Win32.System.ApplicationInstallationAndServicing","queued"
"1119","patchapi.h","/um/patchapi.h","Setup","Windows.Win32.System.ApplicationInstallationAndServicing","queued"
"1120","patchwiz.h","/um/patchwiz.h","Setup","Windows.Win32.System.ApplicationInstallationAndServicing","queued"
"1121","Sfc.h","/um/Sfc.h","Setup","Windows.Win32.System.ApplicationInstallationAndServicing","queued"
"1122","spapidef.h","/um/spapidef.h","Setup","Windows.Win32.System.ApplicationInstallationAndServicing","queued"
"1123","winsxs.h","/um/winsxs.h","Setup","Windows.Win32.System.ApplicationInstallationAndServicing","queued"
"1124","animationcoordinator.h","/um/animationcoordinator.h","Shell","Windows.Win32.UI.Shell","queued"
"1125","appnotify.h","/um/appnotify.h","Shell","Windows.Win32.UI.Shell","queued"
"1126","cpl.h","/um/cpl.h","Shell","Windows.Win32.UI.Shell","queued"
"1127","cplext.h","/um/cplext.h","Shell","Windows.Win32.UI.Shell","queued"
"1128","credentialprovider.h","/um/credentialprovider.h","Shell","Windows.Win32.UI.Shell","queued"
"1129","ExDisp.h","/um/ExDisp.h","Shell","Windows.Win32.UI.Shell","queued"
"1130","hlink.h","/um/hlink.h","Shell","Windows.Win32.UI.Shell","queued"
"1131","ImageTranscode.h","/um/ImageTranscode.h","Shell","Windows.Win32.UI.Shell","queued"
"1132","inputpanelconfiguration.h","/um/inputpanelconfiguration.h","Shell","Windows.Win32.UI.Shell","queued"
"1133","IntShCut.h","/um/IntShCut.h","Shell","Windows.Win32.UI.Shell","queued"
"1134","isguids.h","/um/isguids.h","Shell","Windows.Win32.UI.Shell","queued"
"1135","knownfolders.h","/um/knownfolders.h","Shell","Windows.Win32.UI.Shell","queued"
"1136","Mobsync.h","/um/Mobsync.h","Shell","Windows.Win32.UI.Shell","queued"
"1137","PathCch.h","/um/PathCch.h","Shell","Windows.Win32.UI.Shell","queued"
"1138","profinfo.h","/um/profinfo.h","Shell","Windows.Win32.UI.Shell","queued"
"1139","propkeydef.h","/um/propkeydef.h","Shell","Windows.Win32.UI.Shell","queued"
"1140","ScrnSave.h","/um/ScrnSave.h","Shell","Windows.Win32.UI.Shell","queued"
"1141","shappmgr.h","/um/shappmgr.h","Shell","Windows.Win32.UI.Shell","queued"
"1142","shdeprecated.h","/um/shdeprecated.h","Shell","Windows.Win32.UI.Shell","queued"
"1143","shdispid.h","/um/shdispid.h","Shell","Windows.Win32.UI.Shell","queued"
"1144","shellapi.h","/um/shellapi.h","Shell","Windows.Win32.UI.Shell","queued"
"1145","ShellScalingApi.h","/um/ShellScalingApi.h","Shell","Windows.Win32.UI.Shell","queued"
"1146","sherrors.h","/um/sherrors.h","Shell","Windows.Win32.UI.Shell","queued"
"1147","shidfact.h","/um/shidfact.h","Shell","Windows.Win32.UI.Shell","queued"
"1148","shimgdata.h","/um/shimgdata.h","Shell","Windows.Win32.UI.Shell","queued"
"1149","ShlDisp.h","/um/ShlDisp.h","Shell","Windows.Win32.UI.Shell","queued"
"1150","shlguid.h","/um/shlguid.h","Shell","Windows.Win32.UI.Shell","queued"
"1151","ShlObj_core.h","/um/ShlObj_core.h","Shell","Windows.Win32.UI.Shell","queued"
"1152","ShlObj.h","/um/ShlObj.h","Shell","Windows.Win32.UI.Shell","queued"
"1153","Shlwapi.h","/um/Shlwapi.h","Shell","Windows.Win32.UI.Shell","queued"
"1154","ShObjIdl_core.h","/um/ShObjIdl_core.h","Shell","Windows.Win32.UI.Shell","queued"
"1155","ShObjIdl.h","/um/ShObjIdl.h","Shell","Windows.Win32.UI.Shell","queued"
"1156","StorageProvider.h","/um/StorageProvider.h","Shell","Windows.Win32.UI.Shell","queued"
"1157","SyncMgr.h","/um/SyncMgr.h","Shell","Windows.Win32.UI.Shell","queued"
"1158","thumbcache.h","/um/thumbcache.h","Shell","Windows.Win32.UI.Shell","queued"
"1159","thumbnailstreamcache.h","/um/thumbnailstreamcache.h","Shell","Windows.Win32.UI.Shell","queued"
"1160","tlogstg.h","/um/tlogstg.h","Shell","Windows.Win32.UI.Shell","queued"
"1161","ObjectArray.h","/um/ObjectArray.h","Shell.Common","Windows.Win32.UI.Shell.Common","queued"
"1162","shtypes.h","/um/shtypes.h","Shell.Common","Windows.Win32.UI.Shell.Common","queued"
"1163","reason.h","/um/reason.h","Shutdown","Windows.Win32.System.Shutdown","queued"
"1164","windowssideshow.h","/um/windowssideshow.h","SideShow","Windows.Win32.System.SideShow","queued"
"1165","windowssideshowapi.h","/um/windowssideshowapi.h","SideShow","Windows.Win32.System.SideShow","queued"
"1166","windowssideshowdriverevents.h","/um/windowssideshowdriverevents.h","SideShow","Windows.Win32.System.SideShow","queued"
"1167","wcmconfig.h","/um/wcmconfig.h","Smi","Windows.Win32.System.SettingsManagementInfrastructure","queued"
"1168","wcmerrors.h","/um/wcmerrors.h","Smi","Windows.Win32.System.SettingsManagementInfrastructure","queued"
"1169","MgmtAPI.h","/um/MgmtAPI.h","Snmp","Windows.Win32.NetworkManagement.Snmp","queued"
"1170","Snmp.h","/um/Snmp.h","Snmp","Windows.Win32.NetworkManagement.Snmp","queued"
"1171","WinSnmp.h","/um/WinSnmp.h","Snmp","Windows.Win32.NetworkManagement.Snmp","queued"
"1172","sapi.h","/um/sapi.h","Speech","Windows.Win32.Media.Speech","queued"
"1173","sapi53.h","/um/sapi53.h","Speech","Windows.Win32.Media.Speech","queued"
"1174","sapiddk.h","/um/sapiddk.h","Speech","Windows.Win32.Media.Speech","queued"
"1175","sperror.h","/um/sperror.h","Speech","Windows.Win32.Media.Speech","queued"
"1176","SrRestorePtApi.h","/um/SrRestorePtApi.h","Sr","Windows.Win32.System.Restore","queued"
"1177","esent.h","/um/esent.h","Storage.Jet","Windows.Win32.Storage.Jet","queued"
"1178","nvme.h","/shared/nvme.h","Storage.Nvme","Windows.Win32.Storage.Nvme","queued"
"1179","swdevice.h","/um/swdevice.h","SwDevice","Windows.Win32.Devices.Enumeration.Pnp","queued"
"1180","swdevicedef.h","/um/swdevicedef.h","SwDevice","Windows.Win32.Devices.Enumeration.Pnp","queued"
"1181","sdkddkver.h","/shared/sdkddkver.h","SystemInformation","Windows.Win32.System.SystemInformation","queued"
"1182","sysinfoapi.h","/um/sysinfoapi.h","SystemInformation","Windows.Win32.System.SystemInformation","queued"
"1183","VersionHelpers.h","/um/VersionHelpers.h","SystemInformation","Windows.Win32.System.SystemInformation","queued"
"1184","inked.h","/um/inked.h","Tablet","Windows.Win32.UI.TabletPC","queued"
"1185","micaut.h","/um/micaut.h","Tablet","Windows.Win32.UI.TabletPC","queued"
"1186","msinkaut.h","/um/msinkaut.h","Tablet","Windows.Win32.UI.TabletPC","queued"
"1187","msinkaut15.h","/um/msinkaut15.h","Tablet","Windows.Win32.UI.TabletPC","queued"
"1188","peninputpanel.h","/um/peninputpanel.h","Tablet","Windows.Win32.UI.TabletPC","queued"
"1189","recapis.h","/um/recapis.h","Tablet","Windows.Win32.UI.TabletPC","queued"
"1190","recdefs.h","/um/recdefs.h","Tablet","Windows.Win32.UI.TabletPC","queued"
"1191","rectypes.h","/um/rectypes.h","Tablet","Windows.Win32.UI.TabletPC","queued"
"1192","RTSCOM.h","/um/RTSCOM.h","Tablet","Windows.Win32.UI.TabletPC","queued"
"1193","tabflicks.h","/um/tabflicks.h","Tablet","Windows.Win32.UI.TabletPC","queued"
"1194","tipautocomplete.h","/um/tipautocomplete.h","Tablet","Windows.Win32.UI.TabletPC","queued"
"1195","tpcerror.h","/um/tpcerror.h","Tablet","Windows.Win32.UI.TabletPC","queued"
"1196","tpcshrd.h","/um/tpcshrd.h","Tablet","Windows.Win32.UI.TabletPC","queued"
"1197","MDhcp.h","/um/MDhcp.h","Tapi3","Windows.Win32.Devices.Tapi","queued"
"1198","Msp.h","/um/Msp.h","Tapi3","Windows.Win32.Devices.Tapi","queued"
"1199","MspAddr.h","/um/MspAddr.h","Tapi3","Windows.Win32.Devices.Tapi","queued"
"1200","MspCall.h","/um/MspCall.h","Tapi3","Windows.Win32.Devices.Tapi","queued"
"1201","MspStrm.h","/um/MspStrm.h","Tapi3","Windows.Win32.Devices.Tapi","queued"
"1202","REND.h","/um/REND.h","Tapi3","Windows.Win32.Devices.Tapi","queued"
"1203","Tapi.h","/um/Tapi.h","Tapi3","Windows.Win32.Devices.Tapi","queued"
"1204","Tapi3.h","/um/Tapi3.h","Tapi3","Windows.Win32.Devices.Tapi","queued"
"1205","Tapi3cc.h","/um/Tapi3cc.h","Tapi3","Windows.Win32.Devices.Tapi","queued"
"1206","Tapi3ds.h","/um/Tapi3ds.h","Tapi3","Windows.Win32.Devices.Tapi","queued"
"1207","tapi3err.h","/um/tapi3err.h","Tapi3","Windows.Win32.Devices.Tapi","queued"
"1208","Tapi3if.h","/um/Tapi3if.h","Tapi3","Windows.Win32.Devices.Tapi","queued"
"1209","TermMgr.h","/um/TermMgr.h","Tapi3","Windows.Win32.Devices.Tapi","queued"
"1210","tnef.h","/um/tnef.h","Tapi3","Windows.Win32.Devices.Tapi","queued"
"1211","TSPI.h","/um/TSPI.h","Tapi3","Windows.Win32.Devices.Tapi","queued"
"1212","MSTask.h","/um/MSTask.h","TaskSchd","Windows.Win32.System.TaskScheduler","queued"
"1213","taskschd.h","/um/taskschd.h","TaskSchd","Windows.Win32.System.TaskScheduler","queued"
"1214","tbs.h","/shared/tbs.h","Tbs","Windows.Win32.System.TpmBaseServices","queued"
"1215","gamingtcui.h","/um/gamingtcui.h","Tcui","Windows.Win32.Gaming","queued"
"1216","cchannel.h","/um/cchannel.h","TermServ","Windows.Win32.System.RemoteDesktop","queued"
"1217","pchannel.h","/um/pchannel.h","TermServ","Windows.Win32.System.RemoteDesktop","queued"
"1218","remotesystemadditionalinfo.h","/um/remotesystemadditionalinfo.h","TermServ","Windows.Win32.System.RemoteDesktop","queued"
"1219","sbtsv.h","/um/sbtsv.h","TermServ","Windows.Win32.System.RemoteDesktop","queued"
"1220","SessdirPublicTypes.h","/um/SessdirPublicTypes.h","TermServ","Windows.Win32.System.RemoteDesktop","queued"
"1221","TSGAuthenticationEngine.h","/um/TSGAuthenticationEngine.h","TermServ","Windows.Win32.System.RemoteDesktop","queued"
"1222","TSGPolicyEngine.h","/um/TSGPolicyEngine.h","TermServ","Windows.Win32.System.RemoteDesktop","queued"
"1223","tspubplugin2com.h","/um/tspubplugin2com.h","TermServ","Windows.Win32.System.RemoteDesktop","queued"
"1224","tspubplugincom.h","/um/tspubplugincom.h","TermServ","Windows.Win32.System.RemoteDesktop","queued"
"1225","tssbx.h","/um/tssbx.h","TermServ","Windows.Win32.System.RemoteDesktop","queued"
"1226","tsuserex.h","/um/tsuserex.h","TermServ","Windows.Win32.System.RemoteDesktop","queued"
"1227","tsvirtualchannels.h","/um/tsvirtualchannels.h","TermServ","Windows.Win32.System.RemoteDesktop","queued"
"1228","workspaceax.h","/um/workspaceax.h","TermServ","Windows.Win32.System.RemoteDesktop","queued"
"1229","workspaceruntime.h","/um/workspaceruntime.h","TermServ","Windows.Win32.System.RemoteDesktop","queued"
"1230","workspaceruntimeclientext.h","/um/workspaceruntimeclientext.h","TermServ","Windows.Win32.System.RemoteDesktop","queued"
"1231","WRdsGraphicsChannels.h","/um/WRdsGraphicsChannels.h","TermServ","Windows.Win32.System.RemoteDesktop","queued"
"1232","WtsApi32.h","/um/WtsApi32.h","TermServ","Windows.Win32.System.RemoteDesktop","queued"
"1233","wtsdefs.h","/um/wtsdefs.h","TermServ","Windows.Win32.System.RemoteDesktop","queued"
"1234","wtshintapi.h","/um/wtshintapi.h","TermServ","Windows.Win32.System.RemoteDesktop","queued"
"1235","wtsprotocol.h","/um/wtsprotocol.h","TermServ","Windows.Win32.System.RemoteDesktop","queued"
"1236","rdpappcontainerclient.h","/winrt/rdpappcontainerclient.h","TermServ","Windows.Win32.System.RemoteDesktop","queued"
"1237","avrt.h","/um/avrt.h","Threading","Windows.Win32.System.Threading","queued"
"1238","fibersapi.h","/um/fibersapi.h","Threading","Windows.Win32.System.Threading","queued"
"1239","getprocesshandlefromhwnd.h","/um/getprocesshandlefromhwnd.h","Threading","Windows.Win32.System.Threading","queued"
"1240","interlockedapi.h","/um/interlockedapi.h","Threading","Windows.Win32.System.Threading","queued"
"1241","namespaceapi.h","/um/namespaceapi.h","Threading","Windows.Win32.System.Threading","queued"
"1242","processthreadsapi.h","/um/processthreadsapi.h","Threading","Windows.Win32.System.Threading","queued"
"1243","processtopologyapi.h","/um/processtopologyapi.h","Threading","Windows.Win32.System.Threading","queued"
"1244","rtworkq.h","/um/rtworkq.h","Threading","Windows.Win32.System.Threading","queued"
"1245","synchapi.h","/um/synchapi.h","Threading","Windows.Win32.System.Threading","queued"
"1246","systemtopologyapi.h","/um/systemtopologyapi.h","Threading","Windows.Win32.System.Threading","queued"
"1247","threadpoolapiset.h","/um/threadpoolapiset.h","Threading","Windows.Win32.System.Threading","queued"
"1248","threadpoollegacyapiset.h","/um/threadpoollegacyapiset.h","Threading","Windows.Win32.System.Threading","queued"
"1249","wow64apiset.h","/um/wow64apiset.h","Threading","Windows.Win32.System.Threading","queued"
"1250","timeprov.h","/um/timeprov.h","Time","Windows.Win32.System.Time","queued"
"1251","timezoneapi.h","/um/timezoneapi.h","Time","Windows.Win32.System.Time","queued"
"1252","TlHelp32.h","/um/TlHelp32.h","ToolHelp","Windows.Win32.System.Diagnostics.ToolHelp","queued"
"1253","winmeta.h","/um/winmeta.h","TraceLogging","Windows.Win32.System.Diagnostics.TraceLogging","queued"
"1254","mtx.h","/um/mtx.h","TransactionServer","Windows.Win32.System.TransactionServer","queued"
"1255","mtxadmin.h","/um/mtxadmin.h","TransactionServer","Windows.Win32.System.TransactionServer","queued"
"1256","mtxattr.h","/um/mtxattr.h","TransactionServer","Windows.Win32.System.TransactionServer","queued"
"1257","ctffunc.h","/um/ctffunc.h","Tsf","Windows.Win32.UI.TextServices","queued"
"1258","ctfspui.h","/um/ctfspui.h","Tsf","Windows.Win32.UI.TextServices","queued"
"1259","ctfutb.h","/um/ctfutb.h","Tsf","Windows.Win32.UI.TextServices","queued"
"1260","InputScope.h","/um/InputScope.h","Tsf","Windows.Win32.UI.TextServices","queued"
"1261","MSAAText.h","/um/MSAAText.h","Tsf","Windows.Win32.UI.TextServices","queued"
"1262","msctf.h","/um/msctf.h","Tsf","Windows.Win32.UI.TextServices","queued"
"1263","MsCtfMonitorApi.h","/um/MsCtfMonitorApi.h","Tsf","Windows.Win32.UI.TextServices","queued"
"1264","TextStor.h","/um/TextStor.h","Tsf","Windows.Win32.UI.TextServices","queued"
"1265","tsattrs.h","/um/tsattrs.h","Tsf","Windows.Win32.UI.TextServices","queued"
"1266","ual.h","/um/ual.h","Ual","Windows.Win32.System.UserAccessLogging","queued"
"1267","UIAnimation.h","/um/UIAnimation.h","UiAnimation","Windows.Win32.UI.Animation","queued"
"1268","waasapi.h","/um/waasapi.h","UpdateAssessment","Windows.Win32.System.UpdateAssessment","queued"
"1269","waasapitypes.h","/um/waasapitypes.h","UpdateAssessment","Windows.Win32.System.UpdateAssessment","queued"
"1270","UPnP.h","/um/UPnP.h","Upnp","Windows.Win32.Devices.Enumeration.Pnp","queued"
"1271","upnphost.h","/um/upnphost.h","Upnp","Windows.Win32.Devices.Enumeration.Pnp","queued"
"1272","propvarutil.h","/um/propvarutil.h","Variant","Windows.Win32.System.Variant","queued"
"1273","virtdisk.h","/um/virtdisk.h","Vhd","Windows.Win32.Storage.Vhd","queued"
"1274","vds.h","/um/vds.h","VirtualDiskService","Windows.Win32.Storage.VirtualDiskService","queued"
"1275","vdserr.h","/um/vdserr.h","VirtualDiskService","Windows.Win32.Storage.VirtualDiskService","queued"
"1276","vdshwprv.h","/um/vdshwprv.h","VirtualDiskService","Windows.Win32.Storage.VirtualDiskService","queued"
"1277","vdslun.h","/um/vdslun.h","VirtualDiskService","Windows.Win32.Storage.VirtualDiskService","queued"
"1278","vdssys.h","/um/vdssys.h","VirtualDiskService","Windows.Win32.Storage.VirtualDiskService","queued"
"1279","vdmctxt.h","/um/vdmctxt.h","VirtualDOSMachines","Windows.Win32.System.VirtualDosMachines","queued"
"1280","VdmDbg.h","/um/VdmDbg.h","VirtualDOSMachines","Windows.Win32.System.VirtualDosMachines","queued"
"1281","vsadmin.h","/um/vsadmin.h","VSS","Windows.Win32.Storage.Vss","queued"
"1282","vsbackup.h","/um/vsbackup.h","VSS","Windows.Win32.Storage.Vss","queued"
"1283","vsmgmt.h","/um/vsmgmt.h","VSS","Windows.Win32.Storage.Vss","queued"
"1284","vsprov.h","/um/vsprov.h","VSS","Windows.Win32.Storage.Vss","queued"
"1285","vss.h","/um/vss.h","VSS","Windows.Win32.Storage.Vss","queued"
"1286","vsserror.h","/um/vsserror.h","VSS","Windows.Win32.Storage.Vss","queued"
"1287","vswriter.h","/um/vswriter.h","VSS","Windows.Win32.Storage.Vss","queued"
"1288","imapi2error.h","/um/imapi2error.h","Wab","Windows.Win32.System.AddressBook","queued"
"1289","imapi2fserror.h","/um/imapi2fserror.h","Wab","Windows.Win32.System.AddressBook","queued"
"1290","wab.h","/um/wab.h","Wab","Windows.Win32.System.AddressBook","queued"
"1291","WabApi.h","/um/WabApi.h","Wab","Windows.Win32.System.AddressBook","queued"
"1292","wabcode.h","/um/wabcode.h","Wab","Windows.Win32.System.AddressBook","queued"
"1293","wabdefs.h","/um/wabdefs.h","Wab","Windows.Win32.System.AddressBook","queued"
"1294","wabiab.h","/um/wabiab.h","Wab","Windows.Win32.System.AddressBook","queued"
"1295","wabmem.h","/um/wabmem.h","Wab","Windows.Win32.System.AddressBook","queued"
"1296","wabnot.h","/um/wabnot.h","Wab","Windows.Win32.System.AddressBook","queued"
"1297","wabtags.h","/um/wabtags.h","Wab","Windows.Win32.System.AddressBook","queued"
"1298","wabutil.h","/um/wabutil.h","Wab","Windows.Win32.System.AddressBook","queued"
"1299","wcmapi.h","/um/wcmapi.h","Wcm","Windows.Win32.NetworkManagement.WindowsConnectionManager","queued"
"1300","wcnapi.h","/um/wcnapi.h","Wcn","Windows.Win32.NetworkManagement.WindowsConnectNow","queued"
"1301","WcnDevice.h","/um/WcnDevice.h","Wcn","Windows.Win32.NetworkManagement.WindowsConnectNow","queued"
"1302","wcnfunctiondiscoverykeys.h","/um/wcnfunctiondiscoverykeys.h","Wcn","Windows.Win32.NetworkManagement.WindowsConnectNow","queued"
"1303","WcnTypes.h","/um/WcnTypes.h","Wcn","Windows.Win32.NetworkManagement.WindowsConnectNow","queued"
"1304","icm.h","/um/icm.h","Wcs","Windows.Win32.UI.ColorSystem","queued"
"1305","wcsplugin.h","/um/wcsplugin.h","Wcs","Windows.Win32.UI.ColorSystem","queued"
"1306","WdsBp.h","/um/WdsBp.h","Wds","Windows.Win32.System.DeploymentServices","queued"
"1307","WdsClientApi.h","/um/WdsClientApi.h","Wds","Windows.Win32.System.DeploymentServices","queued"
"1308","wdsmcerr.h","/um/wdsmcerr.h","Wds","Windows.Win32.System.DeploymentServices","queued"
"1309","wdspxe.h","/um/wdspxe.h","Wds","Windows.Win32.System.DeploymentServices","queued"
"1310","wdstci.h","/um/wdstci.h","Wds","Windows.Win32.System.DeploymentServices","queued"
"1311","wdstpdi.h","/um/wdstpdi.h","Wds","Windows.Win32.System.DeploymentServices","queued"
"1312","WdsTptMgmt.h","/um/WdsTptMgmt.h","Wds","Windows.Win32.System.DeploymentServices","queued"
"1313","wdstptmgmtmsg.h","/um/wdstptmgmtmsg.h","Wds","Windows.Win32.System.DeploymentServices","queued"
"1314","pluginauthenticator.h","/um/pluginauthenticator.h","WebAuthn","Windows.Win32.Security.Authentication.WebAuthn","queued"
"1315","webauthn.h","/um/webauthn.h","WebAuthn","Windows.Win32.Security.Authentication.WebAuthn","queued"
"1316","webauthnplugin.h","/um/webauthnplugin.h","WebAuthn","Windows.Win32.Security.Authentication.WebAuthn","queued"
"1317","davclnt.h","/um/davclnt.h","WebDav","Windows.Win32.NetworkManagement.WebDav","queued"
"1318","wsdapi.h","/um/wsdapi.h","WebServicesOnDevices","Windows.Win32.Devices.WebServicesOnDevices","queued"
"1319","Wsdattachment.h","/um/Wsdattachment.h","WebServicesOnDevices","Windows.Win32.Devices.WebServicesOnDevices","queued"
"1320","Wsdbase.h","/um/Wsdbase.h","WebServicesOnDevices","Windows.Win32.Devices.WebServicesOnDevices","queued"
"1321","Wsdclient.h","/um/Wsdclient.h","WebServicesOnDevices","Windows.Win32.Devices.WebServicesOnDevices","queued"
"1322","Wsddisco.h","/um/Wsddisco.h","WebServicesOnDevices","Windows.Win32.Devices.WebServicesOnDevices","queued"
"1323","Wsdhost.h","/um/Wsdhost.h","WebServicesOnDevices","Windows.Win32.Devices.WebServicesOnDevices","queued"
"1324","wsdns.h","/um/wsdns.h","WebServicesOnDevices","Windows.Win32.Devices.WebServicesOnDevices","queued"
"1325","wsdtypes.h","/um/wsdtypes.h","WebServicesOnDevices","Windows.Win32.Devices.WebServicesOnDevices","queued"
"1326","Wsdutil.h","/um/Wsdutil.h","WebServicesOnDevices","Windows.Win32.Devices.WebServicesOnDevices","queued"
"1327","Wsdxml.h","/um/Wsdxml.h","WebServicesOnDevices","Windows.Win32.Devices.WebServicesOnDevices","queued"
"1328","wsdxmldom.h","/um/wsdxmldom.h","WebServicesOnDevices","Windows.Win32.Devices.WebServicesOnDevices","queued"
"1329","websocket.h","/um/websocket.h","WebSock","Windows.Win32.Networking.WebSocket","queued"
"1330","EvColl.h","/um/EvColl.h","Wec","Windows.Win32.System.EventCollector","queued"
"1331","ErrorRep.h","/um/ErrorRep.h","Wer","Windows.Win32.System.ErrorReporting","queued"
"1332","WerApi.h","/um/WerApi.h","Wer","Windows.Win32.System.ErrorReporting","queued"
"1333","winevt.h","/um/winevt.h","Wes","Windows.Win32.System.EventLog","queued"
"1334","wia_lh.h","/um/wia_lh.h","Wia","Windows.Win32.Devices.ImageAcquisition","queued"
"1335","wiadef.h","/um/wiadef.h","Wia","Windows.Win32.Devices.ImageAcquisition","queued"
"1336","wiadevd.h","/um/wiadevd.h","Wia","Windows.Win32.Devices.ImageAcquisition","queued"
"1337","wiaintfc.h","/um/wiaintfc.h","Wia","Windows.Win32.Devices.ImageAcquisition","queued"
"1338","wiamdef--.h","/um/wiamdef--.h","Wia","Windows.Win32.Devices.ImageAcquisition","queued"
"1339","wiamicro.h","/um/wiamicro.h","Wia","Windows.Win32.Devices.ImageAcquisition","queued"
"1340","wiamindr_lh.h","/um/wiamindr_lh.h","Wia","Windows.Win32.Devices.ImageAcquisition","queued"
"1341","wiamindr.h","/um/wiamindr.h","Wia","Windows.Win32.Devices.ImageAcquisition","queued"
"1342","wiatwcmp.h","/um/wiatwcmp.h","Wia","Windows.Win32.Devices.ImageAcquisition","queued"
"1343","wiautil.h","/um/wiautil.h","Wia","Windows.Win32.Devices.ImageAcquisition","queued"
"1344","WiaVideo.h","/um/WiaVideo.h","Wia","Windows.Win32.Devices.ImageAcquisition","queued"
"1345","wiawsdsc.h","/um/wiawsdsc.h","Wia","Windows.Win32.Devices.ImageAcquisition","queued"
"1346","mileffects.h","/um/mileffects.h","Wibe","Windows.Win32.UI.Wpf","queued"
"1347","wincodec.h","/um/wincodec.h","Wic","Windows.Win32.Graphics.Imaging","queued"
"1348","wincodecsdk.h","/um/wincodecsdk.h","Wic","Windows.Win32.Graphics.Imaging","queued"
"1349","NotificationActivationCallback.h","/um/NotificationActivationCallback.h","Win32_Tile_Badge_Notif","Windows.Win32.UI.Notifications","queued"
"1350","oleacc.h","/um/oleacc.h","WinAuto","Windows.Win32.UI.Accessibility","queued"
"1351","UIAutomationClient.h","/um/UIAutomationClient.h","WinAuto","Windows.Win32.UI.Accessibility","queued"
"1352","UIAutomationCore.h","/um/UIAutomationCore.h","WinAuto","Windows.Win32.UI.Accessibility","queued"
"1353","UIAutomationCoreApi.h","/um/UIAutomationCoreApi.h","WinAuto","Windows.Win32.UI.Accessibility","queued"
"1354","contactaggregation.h","/um/contactaggregation.h","WinContacts","Windows.Win32.System.Contacts","queued"
"1355","IContact.h","/um/IContact.h","WinContacts","Windows.Win32.System.Contacts","queued"
"1356","icontactproperties.h","/um/icontactproperties.h","WinContacts","Windows.Win32.System.Contacts","queued"
"1357","ondemandconnroutehelper.h","/um/ondemandconnroutehelper.h","WindowsConnectionManager","Windows.Win32.NetworkManagement.WindowsConnectionManager","queued"
"1358","fwpmtypes.h","/shared/fwpmtypes.h","WindowsFilteringPlatform","Windows.Win32.NetworkManagement.WindowsFilteringPlatform","queued"
"1359","fwpstypes.h","/shared/fwpstypes.h","WindowsFilteringPlatform","Windows.Win32.NetworkManagement.WindowsFilteringPlatform","queued"
"1360","fwptypes.h","/shared/fwptypes.h","WindowsFilteringPlatform","Windows.Win32.NetworkManagement.WindowsFilteringPlatform","queued"
"1361","fwpvi.h.h","/shared/fwpvi.h.h","WindowsFilteringPlatform","Windows.Win32.NetworkManagement.WindowsFilteringPlatform","queued"
"1362","iketypes.h","/shared/iketypes.h","WindowsFilteringPlatform","Windows.Win32.NetworkManagement.WindowsFilteringPlatform","queued"
"1363","ipsectypes.h","/shared/ipsectypes.h","WindowsFilteringPlatform","Windows.Win32.NetworkManagement.WindowsFilteringPlatform","queued"
"1364","fwpmtypes.h","/um/fwpmtypes.h","WindowsFilteringPlatform","Windows.Win32.NetworkManagement.WindowsFilteringPlatform","queued"
"1365","fwpmu.h","/um/fwpmu.h","WindowsFilteringPlatform","Windows.Win32.NetworkManagement.WindowsFilteringPlatform","queued"
"1366","fwpsu.h","/um/fwpsu.h","WindowsFilteringPlatform","Windows.Win32.NetworkManagement.WindowsFilteringPlatform","queued"
"1367","fwptypes.h","/um/fwptypes.h","WindowsFilteringPlatform","Windows.Win32.NetworkManagement.WindowsFilteringPlatform","queued"
"1368","icftypes.h","/um/icftypes.h","WindowsFirewall","Windows.Win32.NetworkManagement.WindowsFirewall","queued"
"1369","natupnp.h","/um/natupnp.h","WindowsFirewall","Windows.Win32.NetworkManagement.WindowsFirewall","queued"
"1370","NetCon.h","/um/NetCon.h","WindowsFirewall","Windows.Win32.NetworkManagement.WindowsFirewall","queued"
"1371","netfw.h","/um/netfw.h","WindowsFirewall","Windows.Win32.NetworkManagement.WindowsFirewall","queued"
"1372","networkisolation.h","/um/networkisolation.h","WindowsFirewall","Windows.Win32.NetworkManagement.WindowsFirewall","queued"
"1373","UIRibbon.h","/um/UIRibbon.h","WindowsRibbon","Windows.Win32.UI.Ribbon","queued"
"1374","UIRibbonKeyDef.h","/um/UIRibbonKeyDef.h","WindowsRibbon","Windows.Win32.UI.Ribbon","queued"
"1375","oobenotification.h","/um/oobenotification.h","WindowsSetupAndMigration","Windows.Win32.System.SetupAndMigration","queued"
"1376","httprequest.h","/um/httprequest.h","WinHttp","Windows.Win32.Networking.WinHttp","queued"
"1377","winhttp.h","/um/winhttp.h","WinHttp","Windows.Win32.Networking.WinHttp","queued"
"1378","iedial.h","/um/iedial.h","WinInet","Windows.Win32.Networking.WinInet","queued"
"1379","ProofOfPossessionCookieInfo.h","/um/ProofOfPossessionCookieInfo.h","WinInet","Windows.Win32.Networking.WinInet","queued"
"1380","WinInet.h","/um/WinInet.h","WinInet","Windows.Win32.Networking.WinInet","queued"
"1381","Winineti.h","/um/Winineti.h","WinInet","Windows.Win32.Networking.WinInet","queued"
"1382","gnssdriver.h","/shared/gnssdriver.h","WinLocation","Windows.Win32.Devices.Geolocation","queued"
"1383","locationapi.h","/um/locationapi.h","WinLocation","Windows.Win32.Devices.Geolocation","queued"
"1384","dciddi.h","/shared/dciddi.h","WinProg","Windows.Win32.System.WindowsProgramming","queued"
"1385","exposeenums2managed.h","/shared/exposeenums2managed.h","WinProg","Windows.Win32.System.WindowsProgramming","queued"
"1386","stralign.h","/shared/stralign.h","WinProg","Windows.Win32.System.WindowsProgramming","queued"
"1387","tdiinfo.h","/shared/tdiinfo.h","WinProg","Windows.Win32.System.WindowsProgramming","queued"
"1388","advpub.h","/um/advpub.h","WinProg","Windows.Win32.System.WindowsProgramming","queued"
"1389","apiquery2.h","/um/apiquery2.h","WinProg","Windows.Win32.System.WindowsProgramming","queued"
"1390","appcompatapi.h","/um/appcompatapi.h","WinProg","Windows.Win32.System.WindowsProgramming","queued"
"1391","aux_ulib.h","/um/aux_ulib.h","WinProg","Windows.Win32.System.WindowsProgramming","queued"
"1392","CameraUIControl.h","/um/CameraUIControl.h","WinProg","Windows.Win32.System.WindowsProgramming","queued"
"1393","capi.h","/um/capi.h","WinProg","Windows.Win32.System.WindowsProgramming","queued"
"1394","CompPkgSup.h","/um/CompPkgSup.h","WinProg","Windows.Win32.System.WindowsProgramming","queued"
"1395","dciman.h","/um/dciman.h","WinProg","Windows.Win32.System.WindowsProgramming","queued"
"1396","ddrawgdi.h","/um/ddrawgdi.h","WinProg","Windows.Win32.System.WindowsProgramming","queued"
"1397","defaultbrowsersyncsettings.h","/um/defaultbrowsersyncsettings.h","WinProg","Windows.Win32.System.WindowsProgramming","queued"
"1398","delayloadhandler.h","/um/delayloadhandler.h","WinProg","Windows.Win32.System.WindowsProgramming","queued"
"1399","deletebrowsinghistory.h","/um/deletebrowsinghistory.h","WinProg","Windows.Win32.System.WindowsProgramming","queued"
"1400","EditionUpgradeHelper.h","/um/EditionUpgradeHelper.h","WinProg","Windows.Win32.System.WindowsProgramming","queued"
"1401","featurestagingapi.h","/um/featurestagingapi.h","WinProg","Windows.Win32.System.WindowsProgramming","queued"
"1402","Ime.h","/um/Ime.h","WinProg","Windows.Win32.System.WindowsProgramming","queued"
"1403","realtimeapiset.h","/um/realtimeapiset.h","WinProg","Windows.Win32.System.WindowsProgramming","queued"
"1404","rtlsupportapi.h","/um/rtlsupportapi.h","WinProg","Windows.Win32.System.WindowsProgramming","queued"
"1405","WinBase.h","/um/WinBase.h","WinProg","Windows.Win32.System.WindowsProgramming","queued"
"1406","WinNls32.h","/um/WinNls32.h","WinProg","Windows.Win32.System.WindowsProgramming","queued"
"1407","winternl.h","/um/winternl.h","WinProg","Windows.Win32.System.WindowsProgramming","queued"
"1408","wldp.h","/um/wldp.h","WinProg","Windows.Win32.System.WindowsProgramming","queued"
"1409","wsman.h","/um/wsman.h","WinRm","Windows.Win32.System.RemoteManagement","queued"
"1410","wsmandisp.h","/um/wsmandisp.h","WinRm","Windows.Win32.System.RemoteManagement","queued"
"1411","wsmerror.h","/um/wsmerror.h","WinRm","Windows.Win32.System.RemoteManagement","queued"
"1412","accountssettingspaneinterop.h","/um/accountssettingspaneinterop.h","WinRT","Windows.Win32.System.WinRT","queued"
"1413","appserviceinterop.h","/um/appserviceinterop.h","WinRT","Windows.Win32.System.WinRT","queued"
"1414","CastingInterop.h","/um/CastingInterop.h","WinRT","Windows.Win32.System.WinRT","queued"
"1415","dispatcherqueue.h","/um/dispatcherqueue.h","WinRT","Windows.Win32.System.WinRT","queued"
"1416","dragdropinterop.h","/um/dragdropinterop.h","WinRT","Windows.Win32.System.WinRT","queued"
"1417","IMessageDispatcher.h","/um/IMessageDispatcher.h","WinRT","Windows.Win32.System.WinRT","queued"
"1418","inputpaneinterop.h","/um/inputpaneinterop.h","WinRT","Windows.Win32.System.WinRT","queued"
"1419","PlayToManagerInterop.h","/um/PlayToManagerInterop.h","WinRT","Windows.Win32.System.WinRT","queued"
"1420","RemoteSystemsInterop.h","/um/RemoteSystemsInterop.h","WinRT","Windows.Win32.System.WinRT","queued"
"1421","restrictederrorinfo.h","/um/restrictederrorinfo.h","WinRT","Windows.Win32.System.WinRT","queued"
"1422","sharewindowcommandsourceinterop.h","/um/sharewindowcommandsourceinterop.h","WinRT","Windows.Win32.System.WinRT","queued"
"1423","SystemMediaTransportControlsInterop.h","/um/SystemMediaTransportControlsInterop.h","WinRT","Windows.Win32.System.WinRT","queued"
"1424","UIViewSettingsInterop.h","/um/UIViewSettingsInterop.h","WinRT","Windows.Win32.System.WinRT","queued"
"1425","useractivityinterop.h","/um/useractivityinterop.h","WinRT","Windows.Win32.System.WinRT","queued"
"1426","UserConsentVerifierInterop.h","/um/UserConsentVerifierInterop.h","WinRT","Windows.Win32.System.WinRT","queued"
"1427","WebAuthenticationCoreManagerInterop.h","/um/WebAuthenticationCoreManagerInterop.h","WinRT","Windows.Win32.System.WinRT","queued"
"1428","activation.h","/winrt/activation.h","WinRT","Windows.Win32.System.WinRT","queued"
"1429","corewindow.h","/winrt/corewindow.h","WinRT","Windows.Win32.System.WinRT","queued"
"1430","hstring.h","/winrt/hstring.h","WinRT","Windows.Win32.System.WinRT","queued"
"1431","inspectable.h","/winrt/inspectable.h","WinRT","Windows.Win32.System.WinRT","queued"
"1432","memorybuffer.h","/winrt/memorybuffer.h","WinRT","Windows.Win32.System.WinRT","queued"
"1433","roapi.h","/winrt/roapi.h","WinRT","Windows.Win32.System.WinRT","queued"
"1434","robuffer.h","/winrt/robuffer.h","WinRT","Windows.Win32.System.WinRT","queued"
"1435","roerrorapi.h","/winrt/roerrorapi.h","WinRT","Windows.Win32.System.WinRT","queued"
"1436","roregistrationapi.h","/winrt/roregistrationapi.h","WinRT","Windows.Win32.System.WinRT","queued"
"1437","shcore.h","/winrt/shcore.h","WinRT","Windows.Win32.System.WinRT","queued"
"1438","weakreference.h","/winrt/weakreference.h","WinRT","Windows.Win32.System.WinRT","queued"
"1439","winstring.h","/winrt/winstring.h","WinRT","Windows.Win32.System.WinRT","queued"
"1440","windows.devices.alljoyn.interop.h","/um/windows.devices.alljoyn.interop.h","WinRT.AllJoyn","Windows.Win32.System.WinRT.AllJoyn","queued"
"1441","windows.ui.composition.interop.h","/winrt/windows.ui.composition.interop.h","WinRT.Composition","Windows.Win32.System.WinRT.Composition","queued"
"1442","windows.ui.viewmanagement.core.coreframeworkinputviewinterop.h","/um/windows.ui.viewmanagement.core.coreframeworkinputviewinterop.h","WinRT.CoreInputView","Windows.Win32.System.WinRT.CoreInputView","queued"
"1443","windows.graphics.effects.interop.h","/winrt/windows.graphics.effects.interop.h","WinRT.Direct2D","Windows.Win32.System.WinRT.Graphics.Direct2D","queued"
"1444","windows.graphics.interop.h","/winrt/windows.graphics.interop.h","WinRT.Direct2D","Windows.Win32.System.WinRT.Graphics.Direct2D","queued"
"1445","windows.graphics.directx.direct3d11.interop.h","/um/windows.graphics.directx.direct3d11.interop.h","WinRT.Direct3D11","Windows.Win32.System.WinRT.Direct3D11","queued"
"1446","Windows.Devices.Display.Core.Interop.h","/um/Windows.Devices.Display.Core.Interop.h","WinRT.Display","Windows.Win32.System.WinRT.Display","queued"
"1447","Windows.Graphics.Capture.Interop.h","/um/Windows.Graphics.Capture.Interop.h","WinRT.Graphics.Capture","Windows.Win32.System.WinRT.Graphics.Capture","queued"
"1448","windows.graphics.imaging.interop.h","/um/windows.graphics.imaging.interop.h","WinRT.Graphics.Imaging","Windows.Win32.System.WinRT.Graphics.Imaging","queued"
"1449","Windows.Graphics.Holographic.Interop.h","/um/Windows.Graphics.Holographic.Interop.h","WinRT.Holographic","Windows.Win32.System.WinRT.Holographic","queued"
"1450","windows.security.isolation.isolatedenvironmentinterop.h","/um/windows.security.isolation.isolatedenvironmentinterop.h","WinRT.Isolation","Windows.Win32.System.WinRT.Isolation","queued"
"1451","windows.media.core.interop.h","/um/windows.media.core.interop.h","WinRT.Media","Windows.Win32.System.WinRT.Media","queued"
"1452","cor.h","/um/cor.h","WinRT.Metadata","Windows.Win32.System.WinRT.Metadata","queued"
"1453","CorError.h","/um/CorError.h","WinRT.Metadata","Windows.Win32.System.WinRT.Metadata","queued"
"1454","CorHdr.h","/um/CorHdr.h","WinRT.Metadata","Windows.Win32.System.WinRT.Metadata","queued"
"1455","rometadata.h","/winrt/rometadata.h","WinRT.Metadata","Windows.Win32.System.WinRT.Metadata","queued"
"1456","RoMetadataApi.h","/winrt/RoMetadataApi.h","WinRT.Metadata","Windows.Win32.System.WinRT.Metadata","queued"
"1457","rometadataresolution.h","/winrt/rometadataresolution.h","WinRT.Metadata","Windows.Win32.System.WinRT.Metadata","queued"
"1458","roparameterizediid.h","/winrt/roparameterizediid.h","WinRT.Metadata","Windows.Win32.System.WinRT.Metadata","queued"
"1459","windows.ai.machinelearning.native.h","/um/windows.ai.machinelearning.native.h","WinRT.ML","Windows.Win32.System.WinRT.ML","queued"
"1460","windows.data.pdf.interop.h","/um/windows.data.pdf.interop.h","WinRT.Pdf","Windows.Win32.System.WinRT.Pdf","queued"
"1461","Print3DManagerInterop.h","/um/Print3DManagerInterop.h","WinRT.Printing","Windows.Win32.System.WinRT.Printing","queued"
"1462","PrintManagerInterop.h","/um/PrintManagerInterop.h","WinRT.Printing","Windows.Win32.System.WinRT.Printing","queued"
"1463","windows.graphics.printing.workflow.native.h","/um/windows.graphics.printing.workflow.native.h","WinRT.Printing","Windows.Win32.System.WinRT.Printing","queued"
"1464","DocumentSource.h","/winrt/DocumentSource.h","WinRT.Printing","Windows.Win32.System.WinRT.Printing","queued"
"1465","windowsstoragecom.h","/um/windowsstoragecom.h","WinRT.Storage","Windows.Win32.System.WinRT.Storage","queued"
"1466","windows.ui.xaml.hosting.desktopwindowxamlsource.h","/um/windows.ui.xaml.hosting.desktopwindowxamlsource.h","WinRT.Xaml","Windows.Win32.System.WinRT.Xaml","queued"
"1467","windows.ui.xaml.hosting.referencetracker.h","/um/windows.ui.xaml.hosting.referencetracker.h","WinRT.Xaml","Windows.Win32.System.WinRT.Xaml","queued"
"1468","windows.ui.xaml.media.dxinterop.h","/um/windows.ui.xaml.media.dxinterop.h","WinRT.Xaml","Windows.Win32.System.WinRT.Xaml","queued"
"1469","winsatcominterfacei.h","/um/winsatcominterfacei.h","WinSat","Windows.Win32.System.AssessmentTool","queued"
"1470","sensorsdef.h","/shared/sensorsdef.h","WinSensors","Windows.Win32.Devices.Sensors","queued"
"1471","sensorsstructures.h","/shared/sensorsstructures.h","WinSensors","Windows.Win32.Devices.Sensors","queued"
"1472","sensorsutils.h","/shared/sensorsutils.h","WinSensors","Windows.Win32.Devices.Sensors","queued"
"1473","sensors.h","/um/sensors.h","WinSensors","Windows.Win32.Devices.Sensors","queued"
"1474","SensorsApi.h","/um/SensorsApi.h","WinSensors","Windows.Win32.Devices.Sensors","queued"
"1475","afunix.h","/shared/afunix.h","WinSock","Windows.Win32.Networking.WinSock","queued"
"1476","in6addr.h","/shared/in6addr.h","WinSock","Windows.Win32.Networking.WinSock","queued"
"1477","inaddr.h","/shared/inaddr.h","WinSock","Windows.Win32.Networking.WinSock","queued"
"1478","mstcpip.h","/shared/mstcpip.h","WinSock","Windows.Win32.Networking.WinSock","queued"
"1479","mswsockdef.h","/shared/mswsockdef.h","WinSock","Windows.Win32.Networking.WinSock","queued"
"1480","netiodef.h","/shared/netiodef.h","WinSock","Windows.Win32.Networking.WinSock","queued"
"1481","nldef.h","/shared/nldef.h","WinSock","Windows.Win32.Networking.WinSock","queued"
"1482","transportsettingcommon.h","/shared/transportsettingcommon.h","WinSock","Windows.Win32.Networking.WinSock","queued"
"1483","ws2def.h","/shared/ws2def.h","WinSock","Windows.Win32.Networking.WinSock","queued"
"1484","ws2ipdef.h","/shared/ws2ipdef.h","WinSock","Windows.Win32.Networking.WinSock","queued"
"1485","af_irda.h","/um/af_irda.h","WinSock","Windows.Win32.Networking.WinSock","queued"
"1486","MSWSock.h","/um/MSWSock.h","WinSock","Windows.Win32.Networking.WinSock","queued"
"1487","nsemail.h","/um/nsemail.h","WinSock","Windows.Win32.Networking.WinSock","queued"
"1488","NspAPI.h","/um/NspAPI.h","WinSock","Windows.Win32.Networking.WinSock","queued"
"1489","socketapi.h","/um/socketapi.h","WinSock","Windows.Win32.Networking.WinSock","queued"
"1490","SpOrder.h","/um/SpOrder.h","WinSock","Windows.Win32.Networking.WinSock","queued"
"1491","svcguid.h","/um/svcguid.h","WinSock","Windows.Win32.Networking.WinSock","queued"
"1492","winsock.h","/um/winsock.h","WinSock","Windows.Win32.Networking.WinSock","queued"
"1493","WinSock2.h","/um/WinSock2.h","WinSock","Windows.Win32.Networking.WinSock","queued"
"1494","ws2atm.h","/um/ws2atm.h","WinSock","Windows.Win32.Networking.WinSock","queued"
"1495","WS2spi.h","/um/WS2spi.h","WinSock","Windows.Win32.Networking.WinSock","queued"
"1496","WS2tcpip.h","/um/WS2tcpip.h","WinSock","Windows.Win32.Networking.WinSock","queued"
"1497","wshisotp.h","/um/wshisotp.h","WinSock","Windows.Win32.Networking.WinSock","queued"
"1498","wsipv6ok.h","/um/wsipv6ok.h","WinSock","Windows.Win32.Networking.WinSock","queued"
"1499","wsipx.h","/um/wsipx.h","WinSock","Windows.Win32.Networking.WinSock","queued"
"1500","wsnetbs.h","/um/wsnetbs.h","WinSock","Windows.Win32.Networking.WinSock","queued"
"1501","wsnwlink.h","/um/wsnwlink.h","WinSock","Windows.Win32.Networking.WinSock","queued"
"1502","wsrm.h","/um/wsrm.h","WinSock","Windows.Win32.Networking.WinSock","queued"
"1503","wsvns.h","/um/wsvns.h","WinSock","Windows.Win32.Networking.WinSock","queued"
"1504","syncregistration.h","/um/syncregistration.h","WinSync","Windows.Win32.System.WindowsSync","queued"
"1505","winsync.h","/um/winsync.h","WinSync","Windows.Win32.System.WindowsSync","queued"
"1506","manipulations.h","/um/manipulations.h","WinTouch","Windows.Win32.UI.Input.Touch","queued"
"1507","mswmdm.h","/um/mswmdm.h","Wmdm","Windows.Win32.Media.DeviceManager","queued"
"1508","mtpext.h","/um/mtpext.h","Wmdm","Windows.Win32.Media.DeviceManager","queued"
"1509","sac.h","/um/sac.h","Wmdm","Windows.Win32.Media.DeviceManager","queued"
"1510","wmdmlog.h","/um/wmdmlog.h","Wmdm","Windows.Win32.Media.DeviceManager","queued"
"1511","wmdxva.h","/um/wmdxva.h","WmFormat","Windows.Win32.Media.WindowsMediaFormat","queued"
"1512","wmnetsourcecreator.h","/um/wmnetsourcecreator.h","WmFormat","Windows.Win32.Media.WindowsMediaFormat","queued"
"1513","wmsbuffer.h","/um/wmsbuffer.h","WmFormat","Windows.Win32.Media.WindowsMediaFormat","queued"
"1514","wmsdkidl.h","/um/wmsdkidl.h","WmFormat","Windows.Win32.Media.WindowsMediaFormat","queued"
"1515","wmsdkvalidate.h","/um/wmsdkvalidate.h","WmFormat","Windows.Win32.Media.WindowsMediaFormat","queued"
"1516","wmsecure.h","/um/wmsecure.h","WmFormat","Windows.Win32.Media.WindowsMediaFormat","queued"
"1517","wmsinternaladminnetsource.h","/um/wmsinternaladminnetsource.h","WmFormat","Windows.Win32.Media.WindowsMediaFormat","queued"
"1518","wbemads.h","/um/wbemads.h","Wmi","Windows.Win32.System.Wmi","queued"
"1519","WbemCli.h","/um/WbemCli.h","Wmi","Windows.Win32.System.Wmi","queued"
"1520","WbemDisp.h","/um/WbemDisp.h","Wmi","Windows.Win32.System.Wmi","queued"
"1521","wbemidl.h","/um/wbemidl.h","Wmi","Windows.Win32.System.Wmi","queued"
"1522","WbemProv.h","/um/WbemProv.h","Wmi","Windows.Win32.System.Wmi","queued"
"1523","wbemtran.h","/um/wbemtran.h","Wmi","Windows.Win32.System.Wmi","queued"
"1524","WMIUtils.h","/um/WMIUtils.h","Wmi","Windows.Win32.System.Wmi","queued"
"1525","wmlss.h","/um/wmlss.h","Wmlss","Windows.Win32.Media.LibrarySharingServices","queued"
"1526","contentpartner.h","/um/contentpartner.h","Wmp","Windows.Win32.Media.MediaPlayer","queued"
"1527","effects.h","/um/effects.h","Wmp","Windows.Win32.Media.MediaPlayer","queued"
"1528","msfeeds.h","/um/msfeeds.h","Wmp","Windows.Win32.Media.MediaPlayer","queued"
"1529","msfeedsid.h","/um/msfeedsid.h","Wmp","Windows.Win32.Media.MediaPlayer","queued"
"1530","subscriptionservices.h","/um/subscriptionservices.h","Wmp","Windows.Win32.Media.MediaPlayer","queued"
"1531","wmp.h","/um/wmp.h","Wmp","Windows.Win32.Media.MediaPlayer","queued"
"1532","wmpdevices.h","/um/wmpdevices.h","Wmp","Windows.Win32.Media.MediaPlayer","queued"
"1533","wmpids.h","/um/wmpids.h","Wmp","Windows.Win32.Media.MediaPlayer","queued"
"1534","wmpplug.h","/um/wmpplug.h","Wmp","Windows.Win32.Media.MediaPlayer","queued"
"1535","wmprealestate.h","/um/wmprealestate.h","Wmp","Windows.Win32.Media.MediaPlayer","queued"
"1536","wmpservices.h","/um/wmpservices.h","Wmp","Windows.Win32.Media.MediaPlayer","queued"
"1537","wmsysprf.h","/um/wmsysprf.h","Wmp","Windows.Win32.Media.MediaPlayer","queued"
"1538","Npapi.h","/um/Npapi.h","Wnet","Windows.Win32.NetworkManagement.WNet","queued"
"1539","winnetwk.h","/um/winnetwk.h","Wnet","Windows.Win32.NetworkManagement.WNet","queued"
"1540","wnvapi.h","/um/wnvapi.h","wnv","Windows.Win32.NetworkManagement.WindowsNetworkVirtualization","queued"
"1541","anchorsyncdeviceservice.h","/um/anchorsyncdeviceservice.h","WpdSdk","Windows.Win32.Devices.PortableDevices","queued"
"1542","bridgedeviceservice.h","/um/bridgedeviceservice.h","WpdSdk","Windows.Win32.Devices.PortableDevices","queued"
"1543","calendardeviceservice.h","/um/calendardeviceservice.h","WpdSdk","Windows.Win32.Devices.PortableDevices","queued"
"1544","contactdeviceservice.h","/um/contactdeviceservice.h","WpdSdk","Windows.Win32.Devices.PortableDevices","queued"
"1545","deviceservices.h","/um/deviceservices.h","WpdSdk","Windows.Win32.Devices.PortableDevices","queued"
"1546","dmprocessxmlfiltered.h","/um/dmprocessxmlfiltered.h","WpdSdk","Windows.Win32.Devices.PortableDevices","queued"
"1547","fullenumsyncdeviceservice.h","/um/fullenumsyncdeviceservice.h","WpdSdk","Windows.Win32.Devices.PortableDevices","queued"
"1548","hintsdeviceservice.h","/um/hintsdeviceservice.h","WpdSdk","Windows.Win32.Devices.PortableDevices","queued"
"1549","messagedeviceservice.h","/um/messagedeviceservice.h","WpdSdk","Windows.Win32.Devices.PortableDevices","queued"
"1550","metadatadeviceservice.h","/um/metadatadeviceservice.h","WpdSdk","Windows.Win32.Devices.PortableDevices","queued"
"1551","notesdeviceservice.h","/um/notesdeviceservice.h","WpdSdk","Windows.Win32.Devices.PortableDevices","queued"
"1552","portabledevice.h","/um/portabledevice.h","WpdSdk","Windows.Win32.Devices.PortableDevices","queued"
"1553","portabledeviceapi.h","/um/portabledeviceapi.h","WpdSdk","Windows.Win32.Devices.PortableDevices","queued"
"1554","PortableDeviceConnectApi.h","/um/PortableDeviceConnectApi.h","WpdSdk","Windows.Win32.Devices.PortableDevices","queued"
"1555","portabledevicetypes.h","/um/portabledevicetypes.h","WpdSdk","Windows.Win32.Devices.PortableDevices","queued"
"1556","radiomgr.h","/um/radiomgr.h","WpdSdk","Windows.Win32.Devices.PortableDevices","queued"
"1557","ringtonedeviceservice.h","/um/ringtonedeviceservice.h","WpdSdk","Windows.Win32.Devices.PortableDevices","queued"
"1558","statusdeviceservice.h","/um/statusdeviceservice.h","WpdSdk","Windows.Win32.Devices.PortableDevices","queued"
"1559","syncdeviceservice.h","/um/syncdeviceservice.h","WpdSdk","Windows.Win32.Devices.PortableDevices","queued"
"1560","taskdeviceservice.h","/um/taskdeviceservice.h","WpdSdk","Windows.Win32.Devices.PortableDevices","queued"
"1561","wpdmtpextensions.h","/um/wpdmtpextensions.h","WpdSdk","Windows.Win32.Devices.PortableDevices","queued"
"1562","wpdshellextension.h","/um/wpdshellextension.h","WpdSdk","Windows.Win32.Devices.PortableDevices","queued"
"1563","wsbapp.h","/um/wsbapp.h","Wsb","Windows.Win32.System.ServerBackup","queued"
"1564","wsbapperror.h","/um/wsbapperror.h","Wsb","Windows.Win32.System.ServerBackup","queued"
"1565","wsbonline.h","/um/wsbonline.h","Wsb","Windows.Win32.System.ServerBackup","queued"
"1566","wsbonlineerror.h","/um/wsbonlineerror.h","Wsb","Windows.Win32.System.ServerBackup","queued"
"1567","wslapi.h","/um/wslapi.h","Wsl","Windows.Win32.System.SubsystemForLinux","queued"
"1568","IContentPrefetcherTaskTrigger.h","/um/IContentPrefetcherTaskTrigger.h","Wsw","Windows.Win32.Networking.WindowsWebServices","queued"
"1569","WebServices.h","/um/WebServices.h","Wsw","Windows.Win32.Networking.WindowsWebServices","queued"
"1570","wuapi.h","/um/wuapi.h","Wua","Windows.Win32.System.UpdateAgent","queued"
"1571","wuerror.h","/um/wuerror.h","Wua","Windows.Win32.System.UpdateAgent","queued"
"1572","xamlOM.h","/um/xamlOM.h","Xaml_Diagnostics","Windows.Win32.UI.Xaml.Diagnostics","queued"
"1573","basetyps.h","/shared/basetyps.h","Xaudio2","Windows.Win32.Media.Audio.XAudio2","queued"
"1574","hrtfapoapi.h","/um/hrtfapoapi.h","Xaudio2","Windows.Win32.Media.Audio.XAudio2","queued"
"1575","x3daudio.h","/um/x3daudio.h","Xaudio2","Windows.Win32.Media.Audio.XAudio2","queued"
"1576","xapo.h","/um/xapo.h","Xaudio2","Windows.Win32.Media.Audio.XAudio2","queued"
"1577","xapofx.h","/um/xapofx.h","Xaudio2","Windows.Win32.Media.Audio.XAudio2","queued"
"1578","xaudio2.h","/um/xaudio2.h","Xaudio2","Windows.Win32.Media.Audio.XAudio2","queued"
"1579","xaudio2fx.h","/um/xaudio2fx.h","Xaudio2","Windows.Win32.Media.Audio.XAudio2","queued"
"1580","XblIdpAuthManager.h","/um/XblIdpAuthManager.h","Xblidp","Windows.Win32.Gaming","queued"
"1581","Xinput.h","/um/Xinput.h","Xinput","Windows.Win32.UI.Input.XboxController","queued"
"1582","xmllite.h","/um/xmllite.h","XmlLite","Windows.Win32.Data.Xml.XmlLite","queued"
"1583","xpsdigitalsignature.h","/um/xpsdigitalsignature.h","Xps","Windows.Win32.Storage.Xps","queued"
"1584","xpsobjectmodel_1.h","/um/xpsobjectmodel_1.h","Xps","Windows.Win32.Storage.Xps","queued"
"1585","xpsobjectmodel_2.h","/um/xpsobjectmodel_2.h","Xps","Windows.Win32.Storage.Xps","queued"
"1586","xpsobjectmodel.h","/um/xpsobjectmodel.h","Xps","Windows.Win32.Storage.Xps","queued"
"1587","DocumentTarget.h","/um/DocumentTarget.h","XpsPrinting","Windows.Win32.Storage.Xps.Printing","queued"
"1588","xpsprint.h","/um/xpsprint.h","XpsPrinting","Windows.Win32.Storage.Xps.Printing","queued"
