"area","header","sdkPath","localPath"
"shared","afunix.h","/shared/afunix.h","generation\WinSDK\RecompiledIdlHeaders\shared\afunix.h"
"shared","apdevpkey.h","/shared/apdevpkey.h","generation\WinSDK\RecompiledIdlHeaders\shared\apdevpkey.h"
"shared","apiset.h","/shared/apiset.h","generation\WinSDK\RecompiledIdlHeaders\shared\apiset.h"
"shared","apisetcconv.h","/shared/apisetcconv.h","generation\WinSDK\RecompiledIdlHeaders\shared\apisetcconv.h"
"shared","atsmedia.h","/shared/atsmedia.h","generation\WinSDK\RecompiledIdlHeaders\shared\atsmedia.h"
"shared","basetsd.h","/shared/basetsd.h","generation\WinSDK\RecompiledIdlHeaders\shared\basetsd.h"
"shared","basetyps.h","/shared/basetyps.h","generation\WinSDK\RecompiledIdlHeaders\shared\basetyps.h"
"shared","batclass.h","/shared/batclass.h","generation\WinSDK\RecompiledIdlHeaders\shared\batclass.h"
"shared","bcrypt.h","/shared/bcrypt.h","generation\WinSDK\RecompiledIdlHeaders\shared\bcrypt.h"
"shared","bdamedia.h","/shared/bdamedia.h","generation\WinSDK\RecompiledIdlHeaders\shared\bdamedia.h"
"shared","bdatypes.h","/shared/bdatypes.h","generation\WinSDK\RecompiledIdlHeaders\shared\bdatypes.h"
"shared","bthdef.h","/shared/bthdef.h","generation\WinSDK\RecompiledIdlHeaders\shared\bthdef.h"
"shared","bthioctl.h","/shared/bthioctl.h","generation\WinSDK\RecompiledIdlHeaders\shared\bthioctl.h"
"shared","bthsdpdef.h","/shared/bthsdpdef.h","generation\WinSDK\RecompiledIdlHeaders\shared\bthsdpdef.h"
"shared","bugcodes.h","/shared/bugcodes.h","generation\WinSDK\RecompiledIdlHeaders\shared\bugcodes.h"
"shared","cderr.h","/shared/cderr.h","generation\WinSDK\RecompiledIdlHeaders\shared\cderr.h"
"shared","cfg.h","/shared/cfg.h","generation\WinSDK\RecompiledIdlHeaders\shared\cfg.h"
"shared","clfs.h","/shared/clfs.h","generation\WinSDK\RecompiledIdlHeaders\shared\clfs.h"
"shared","clfslsn.h","/shared/clfslsn.h","generation\WinSDK\RecompiledIdlHeaders\shared\clfslsn.h"
"shared","concurrencysal.h","/shared/concurrencysal.h","generation\WinSDK\RecompiledIdlHeaders\shared\concurrencysal.h"
"shared","d3d9.h","/shared/d3d9.h","generation\WinSDK\RecompiledIdlHeaders\shared\d3d9.h"
"shared","d3d9caps.h","/shared/d3d9caps.h","generation\WinSDK\RecompiledIdlHeaders\shared\d3d9caps.h"
"shared","d3d9types.h","/shared/d3d9types.h","generation\WinSDK\RecompiledIdlHeaders\shared\d3d9types.h"
"shared","d3dkmdt.h","/shared/d3dkmdt.h","generation\WinSDK\RecompiledIdlHeaders\shared\d3dkmdt.h"
"shared","d3dkmthk.h","/shared/d3dkmthk.h","generation\WinSDK\RecompiledIdlHeaders\shared\d3dkmthk.h"
"shared","d3dukmdt.h","/shared/d3dukmdt.h","generation\WinSDK\RecompiledIdlHeaders\shared\d3dukmdt.h"
"shared","dciddi.h","/shared/dciddi.h","generation\WinSDK\RecompiledIdlHeaders\shared\dciddi.h"
"shared","dcomptypes.h","/shared/dcomptypes.h","generation\WinSDK\RecompiledIdlHeaders\shared\dcomptypes.h"
"shared","devguid.h","/shared/devguid.h","generation\WinSDK\RecompiledIdlHeaders\shared\devguid.h"
"shared","devioctl.h","/shared/devioctl.h","generation\WinSDK\RecompiledIdlHeaders\shared\devioctl.h"
"shared","devpkey.h","/shared/devpkey.h","generation\WinSDK\RecompiledIdlHeaders\shared\devpkey.h"
"shared","devpropdef.h","/shared/devpropdef.h","generation\WinSDK\RecompiledIdlHeaders\shared\devpropdef.h"
"shared","dinputd.h","/shared/dinputd.h","generation\WinSDK\RecompiledIdlHeaders\shared\dinputd.h"
"shared","diskguid.h","/shared/diskguid.h","generation\WinSDK\RecompiledIdlHeaders\shared\diskguid.h"
"shared","dls1.h","/shared/dls1.h","generation\WinSDK\RecompiledIdlHeaders\shared\dls1.h"
"shared","dls2.h","/shared/dls2.h","generation\WinSDK\RecompiledIdlHeaders\shared\dls2.h"
"shared","dmdls.h","/shared/dmdls.h","generation\WinSDK\RecompiledIdlHeaders\shared\dmdls.h"
"shared","dmerror.h","/shared/dmerror.h","generation\WinSDK\RecompiledIdlHeaders\shared\dmerror.h"
"shared","dmusbuff.h","/shared/dmusbuff.h","generation\WinSDK\RecompiledIdlHeaders\shared\dmusbuff.h"
"shared","dontuse.h","/shared/dontuse.h","generation\WinSDK\RecompiledIdlHeaders\shared\dontuse.h"
"shared","dpfilter.h","/shared/dpfilter.h","generation\WinSDK\RecompiledIdlHeaders\shared\dpfilter.h"
"shared","driverspecs.h","/shared/driverspecs.h","generation\WinSDK\RecompiledIdlHeaders\shared\driverspecs.h"
"shared","drivinit.h","/shared/drivinit.h","generation\WinSDK\RecompiledIdlHeaders\shared\drivinit.h"
"shared","dxgi.h","/shared/dxgi.h","generation\WinSDK\RecompiledIdlHeaders\shared\dxgi.h"
"shared","dxgi1_2.h","/shared/dxgi1_2.h","generation\WinSDK\RecompiledIdlHeaders\shared\dxgi1_2.h"
"shared","dxgi1_3.h","/shared/dxgi1_3.h","generation\WinSDK\RecompiledIdlHeaders\shared\dxgi1_3.h"
"shared","dxgi1_4.h","/shared/dxgi1_4.h","generation\WinSDK\RecompiledIdlHeaders\shared\dxgi1_4.h"
"shared","dxgi1_5.h","/shared/dxgi1_5.h","generation\WinSDK\RecompiledIdlHeaders\shared\dxgi1_5.h"
"shared","dxgi1_6.h","/shared/dxgi1_6.h","generation\WinSDK\RecompiledIdlHeaders\shared\dxgi1_6.h"
"shared","dxgicommon.h","/shared/dxgicommon.h","generation\WinSDK\RecompiledIdlHeaders\shared\dxgicommon.h"
"shared","dxgiformat.h","/shared/dxgiformat.h","generation\WinSDK\RecompiledIdlHeaders\shared\dxgiformat.h"
"shared","dxgitype.h","/shared/dxgitype.h","generation\WinSDK\RecompiledIdlHeaders\shared\dxgitype.h"
"shared","ehstorbandmgmt.h","/shared/ehstorbandmgmt.h","generation\WinSDK\RecompiledIdlHeaders\shared\ehstorbandmgmt.h"
"shared","ehstorioctl.h","/shared/ehstorioctl.h","generation\WinSDK\RecompiledIdlHeaders\shared\ehstorioctl.h"
"shared","emi.h","/shared/emi.h","generation\WinSDK\RecompiledIdlHeaders\shared\emi.h"
"shared","evntprov.h","/shared/evntprov.h","generation\WinSDK\RecompiledIdlHeaders\shared\evntprov.h"
"shared","evntrace.h","/shared/evntrace.h","generation\WinSDK\RecompiledIdlHeaders\shared\evntrace.h"
"shared","exposeenums2managed.h","/shared/exposeenums2managed.h","generation\WinSDK\RecompiledIdlHeaders\shared\exposeenums2managed.h"
"shared","fltUserStructures.h","/shared/fltUserStructures.h","generation\WinSDK\RecompiledIdlHeaders\shared\fltUserStructures.h"
"shared","fttypes.h","/shared/fttypes.h","generation\WinSDK\RecompiledIdlHeaders\shared\fttypes.h"
"shared","fwpmtypes.h","/shared/fwpmtypes.h","generation\WinSDK\RecompiledIdlHeaders\shared\fwpmtypes.h"
"shared","fwpstypes.h","/shared/fwpstypes.h","generation\WinSDK\RecompiledIdlHeaders\shared\fwpstypes.h"
"shared","fwptypes.h","/shared/fwptypes.h","generation\WinSDK\RecompiledIdlHeaders\shared\fwptypes.h"
"shared","fwpvi.h","/shared/fwpvi.h","generation\WinSDK\RecompiledIdlHeaders\shared\fwpvi.h"
"shared","GenericUsbFnIoctl.h","/shared/GenericUsbFnIoctl.h","generation\WinSDK\RecompiledIdlHeaders\shared\GenericUsbFnIoctl.h"
"shared","gnssdriver.h","/shared/gnssdriver.h","generation\WinSDK\RecompiledIdlHeaders\shared\gnssdriver.h"
"shared","gpio.h","/shared/gpio.h","generation\WinSDK\RecompiledIdlHeaders\shared\gpio.h"
"shared","guiddef.h","/shared/guiddef.h","generation\WinSDK\RecompiledIdlHeaders\shared\guiddef.h"
"shared","hbaapi.h","/shared/hbaapi.h","generation\WinSDK\RecompiledIdlHeaders\shared\hbaapi.h"
"shared","hidclass.h","/shared/hidclass.h","generation\WinSDK\RecompiledIdlHeaders\shared\hidclass.h"
"shared","hidpi.h","/shared/hidpi.h","generation\WinSDK\RecompiledIdlHeaders\shared\hidpi.h"
"shared","hidsdi.h","/shared/hidsdi.h","generation\WinSDK\RecompiledIdlHeaders\shared\hidsdi.h"
"shared","hidusage.h","/shared/hidusage.h","generation\WinSDK\RecompiledIdlHeaders\shared\hidusage.h"
"shared","hvsocket.h","/shared/hvsocket.h","generation\WinSDK\RecompiledIdlHeaders\shared\hvsocket.h"
"shared","hwn.h","/shared/hwn.h","generation\WinSDK\RecompiledIdlHeaders\shared\hwn.h"
"shared","ifdef.h","/shared/ifdef.h","generation\WinSDK\RecompiledIdlHeaders\shared\ifdef.h"
"shared","ifmib.h","/shared/ifmib.h","generation\WinSDK\RecompiledIdlHeaders\shared\ifmib.h"
"shared","iketypes.h","/shared/iketypes.h","generation\WinSDK\RecompiledIdlHeaders\shared\iketypes.h"
"shared","in6addr.h","/shared/in6addr.h","generation\WinSDK\RecompiledIdlHeaders\shared\in6addr.h"
"shared","inaddr.h","/shared/inaddr.h","generation\WinSDK\RecompiledIdlHeaders\shared\inaddr.h"
"shared","infstr.h","/shared/infstr.h","generation\WinSDK\RecompiledIdlHeaders\shared\infstr.h"
"shared","initguid.h","/shared/initguid.h","generation\WinSDK\RecompiledIdlHeaders\shared\initguid.h"
"shared","intsafe.h","/shared/intsafe.h","generation\WinSDK\RecompiledIdlHeaders\shared\intsafe.h"
"shared","ioevent.h","/shared/ioevent.h","generation\WinSDK\RecompiledIdlHeaders\shared\ioevent.h"
"shared","ip2string.h","/shared/ip2string.h","generation\WinSDK\RecompiledIdlHeaders\shared\ip2string.h"
"shared","ipifcons.h","/shared/ipifcons.h","generation\WinSDK\RecompiledIdlHeaders\shared\ipifcons.h"
"shared","ipmib.h","/shared/ipmib.h","generation\WinSDK\RecompiledIdlHeaders\shared\ipmib.h"
"shared","Iprtrmib.h","/shared/Iprtrmib.h","generation\WinSDK\RecompiledIdlHeaders\shared\Iprtrmib.h"
"shared","ipsectypes.h","/shared/ipsectypes.h","generation\WinSDK\RecompiledIdlHeaders\shared\ipsectypes.h"
"shared","ipv6prefast.h","/shared/ipv6prefast.h","generation\WinSDK\RecompiledIdlHeaders\shared\ipv6prefast.h"
"shared","iscsierr.h","/shared/iscsierr.h","generation\WinSDK\RecompiledIdlHeaders\shared\iscsierr.h"
"shared","IssPer16.h","/shared/IssPer16.h","generation\WinSDK\RecompiledIdlHeaders\shared\IssPer16.h"
"shared","kernelspecs.h","/shared/kernelspecs.h","generation\WinSDK\RecompiledIdlHeaders\shared\kernelspecs.h"
"shared","ks.h","/shared/ks.h","generation\WinSDK\RecompiledIdlHeaders\shared\ks.h"
"shared","ksarm.h","/shared/ksarm.h","generation\WinSDK\RecompiledIdlHeaders\shared\ksarm.h"
"shared","ksarm64.h","/shared/ksarm64.h","generation\WinSDK\RecompiledIdlHeaders\shared\ksarm64.h"
"shared","ksguid.h","/shared/ksguid.h","generation\WinSDK\RecompiledIdlHeaders\shared\ksguid.h"
"shared","ksmedia.h","/shared/ksmedia.h","generation\WinSDK\RecompiledIdlHeaders\shared\ksmedia.h"
"shared","ksproxy.h","/shared/ksproxy.h","generation\WinSDK\RecompiledIdlHeaders\shared\ksproxy.h"
"shared","ksuuids.h","/shared/ksuuids.h","generation\WinSDK\RecompiledIdlHeaders\shared\ksuuids.h"
"shared","ktmtypes.h","/shared/ktmtypes.h","generation\WinSDK\RecompiledIdlHeaders\shared\ktmtypes.h"
"shared","kxarm.h","/shared/kxarm.h","generation\WinSDK\RecompiledIdlHeaders\shared\kxarm.h"
"shared","kxarm64.h","/shared/kxarm64.h","generation\WinSDK\RecompiledIdlHeaders\shared\kxarm64.h"
"shared","kxarm64unw.h","/shared/kxarm64unw.h","generation\WinSDK\RecompiledIdlHeaders\shared\kxarm64unw.h"
"shared","kxarmunw.h","/shared/kxarmunw.h","generation\WinSDK\RecompiledIdlHeaders\shared\kxarmunw.h"
"shared","lamp.h","/shared/lamp.h","generation\WinSDK\RecompiledIdlHeaders\shared\lamp.h"
"shared","lmcons.h","/shared/lmcons.h","generation\WinSDK\RecompiledIdlHeaders\shared\lmcons.h"
"shared","lmerr.h","/shared/lmerr.h","generation\WinSDK\RecompiledIdlHeaders\shared\lmerr.h"
"shared","Math3DHelper.h","/shared/Math3DHelper.h","generation\WinSDK\RecompiledIdlHeaders\shared\Math3DHelper.h"
"shared","minwindef.h","/shared/minwindef.h","generation\WinSDK\RecompiledIdlHeaders\shared\minwindef.h"
"shared","mmreg.h","/shared/mmreg.h","generation\WinSDK\RecompiledIdlHeaders\shared\mmreg.h"
"shared","mprapidef.h","/shared/mprapidef.h","generation\WinSDK\RecompiledIdlHeaders\shared\mprapidef.h"
"shared","msapofxproxy.h","/shared/msapofxproxy.h","generation\WinSDK\RecompiledIdlHeaders\shared\msapofxproxy.h"
"shared","mstcpip.h","/shared/mstcpip.h","generation\WinSDK\RecompiledIdlHeaders\shared\mstcpip.h"
"shared","mswsockdef.h","/shared/mswsockdef.h","generation\WinSDK\RecompiledIdlHeaders\shared\mswsockdef.h"
"shared","hashtypes.h","/shared/ndis/hashtypes.h","generation\WinSDK\RecompiledIdlHeaders\shared\ndis\hashtypes.h"
"shared","ioctltypes.h","/shared/ndis/ioctltypes.h","generation\WinSDK\RecompiledIdlHeaders\shared\ndis\ioctltypes.h"
"shared","nbluro.h","/shared/ndis/nbluro.h","generation\WinSDK\RecompiledIdlHeaders\shared\ndis\nbluro.h"
"shared","ndisport.h","/shared/ndis/ndisport.h","generation\WinSDK\RecompiledIdlHeaders\shared\ndis\ndisport.h"
"shared","nicswitchtypes.h","/shared/ndis/nicswitchtypes.h","generation\WinSDK\RecompiledIdlHeaders\shared\ndis\nicswitchtypes.h"
"shared","objectheader.h","/shared/ndis/objectheader.h","generation\WinSDK\RecompiledIdlHeaders\shared\ndis\objectheader.h"
"shared","offloadtypes.h","/shared/ndis/offloadtypes.h","generation\WinSDK\RecompiledIdlHeaders\shared\ndis\offloadtypes.h"
"shared","oidtypes.h","/shared/ndis/oidtypes.h","generation\WinSDK\RecompiledIdlHeaders\shared\ndis\oidtypes.h"
"shared","status.h","/shared/ndis/status.h","generation\WinSDK\RecompiledIdlHeaders\shared\ndis\status.h"
"shared","types.h","/shared/ndis/types.h","generation\WinSDK\RecompiledIdlHeaders\shared\ndis\types.h"
"shared","version.h","/shared/ndis/version.h","generation\WinSDK\RecompiledIdlHeaders\shared\ndis\version.h"
"shared","ndisguid.h","/shared/ndisguid.h","generation\WinSDK\RecompiledIdlHeaders\shared\ndisguid.h"
"shared","ndkinfo.h","/shared/ndkinfo.h","generation\WinSDK\RecompiledIdlHeaders\shared\ndkinfo.h"
"shared","checksum.h","/shared/netcx/shared/1.0/net/checksum.h","generation\WinSDK\RecompiledIdlHeaders\shared\netcx\shared\1.0\net\checksum.h"
"shared","checksumtypes.h","/shared/netcx/shared/1.0/net/checksumtypes.h","generation\WinSDK\RecompiledIdlHeaders\shared\netcx\shared\1.0\net\checksumtypes.h"
"shared","databuffer.h","/shared/netcx/shared/1.0/net/databuffer.h","generation\WinSDK\RecompiledIdlHeaders\shared\netcx\shared\1.0\net\databuffer.h"
"shared","databuffertypes.h","/shared/netcx/shared/1.0/net/databuffertypes.h","generation\WinSDK\RecompiledIdlHeaders\shared\netcx\shared\1.0\net\databuffertypes.h"
"shared","extension.h","/shared/netcx/shared/1.0/net/extension.h","generation\WinSDK\RecompiledIdlHeaders\shared\netcx\shared\1.0\net\extension.h"
"shared","fragment.h","/shared/netcx/shared/1.0/net/fragment.h","generation\WinSDK\RecompiledIdlHeaders\shared\netcx\shared\1.0\net\fragment.h"
"shared","gso.h","/shared/netcx/shared/1.0/net/gso.h","generation\WinSDK\RecompiledIdlHeaders\shared\netcx\shared\1.0\net\gso.h"
"shared","gsotypes.h","/shared/netcx/shared/1.0/net/gsotypes.h","generation\WinSDK\RecompiledIdlHeaders\shared\netcx\shared\1.0\net\gsotypes.h"
"shared","ieee8021q.h","/shared/netcx/shared/1.0/net/ieee8021q.h","generation\WinSDK\RecompiledIdlHeaders\shared\netcx\shared\1.0\net\ieee8021q.h"
"shared","ieee8021qtypes.h","/shared/netcx/shared/1.0/net/ieee8021qtypes.h","generation\WinSDK\RecompiledIdlHeaders\shared\netcx\shared\1.0\net\ieee8021qtypes.h"
"shared","logicaladdress.h","/shared/netcx/shared/1.0/net/logicaladdress.h","generation\WinSDK\RecompiledIdlHeaders\shared\netcx\shared\1.0\net\logicaladdress.h"
"shared","logicaladdresstypes.h","/shared/netcx/shared/1.0/net/logicaladdresstypes.h","generation\WinSDK\RecompiledIdlHeaders\shared\netcx\shared\1.0\net\logicaladdresstypes.h"
"shared","mdl.h","/shared/netcx/shared/1.0/net/mdl.h","generation\WinSDK\RecompiledIdlHeaders\shared\netcx\shared\1.0\net\mdl.h"
"shared","mdltypes.h","/shared/netcx/shared/1.0/net/mdltypes.h","generation\WinSDK\RecompiledIdlHeaders\shared\netcx\shared\1.0\net\mdltypes.h"
"shared","packet.h","/shared/netcx/shared/1.0/net/packet.h","generation\WinSDK\RecompiledIdlHeaders\shared\netcx\shared\1.0\net\packet.h"
"shared","packethash.h","/shared/netcx/shared/1.0/net/packethash.h","generation\WinSDK\RecompiledIdlHeaders\shared\netcx\shared\1.0\net\packethash.h"
"shared","packethashtypes.h","/shared/netcx/shared/1.0/net/packethashtypes.h","generation\WinSDK\RecompiledIdlHeaders\shared\netcx\shared\1.0\net\packethashtypes.h"
"shared","returncontext.h","/shared/netcx/shared/1.0/net/returncontext.h","generation\WinSDK\RecompiledIdlHeaders\shared\netcx\shared\1.0\net\returncontext.h"
"shared","returncontexttypes.h","/shared/netcx/shared/1.0/net/returncontexttypes.h","generation\WinSDK\RecompiledIdlHeaders\shared\netcx\shared\1.0\net\returncontexttypes.h"
"shared","ring.h","/shared/netcx/shared/1.0/net/ring.h","generation\WinSDK\RecompiledIdlHeaders\shared\netcx\shared\1.0\net\ring.h"
"shared","ringcollection.h","/shared/netcx/shared/1.0/net/ringcollection.h","generation\WinSDK\RecompiledIdlHeaders\shared\netcx\shared\1.0\net\ringcollection.h"
"shared","rsc.h","/shared/netcx/shared/1.0/net/rsc.h","generation\WinSDK\RecompiledIdlHeaders\shared\netcx\shared\1.0\net\rsc.h"
"shared","rsctypes.h","/shared/netcx/shared/1.0/net/rsctypes.h","generation\WinSDK\RecompiledIdlHeaders\shared\netcx\shared\1.0\net\rsctypes.h"
"shared","virtualaddress.h","/shared/netcx/shared/1.0/net/virtualaddress.h","generation\WinSDK\RecompiledIdlHeaders\shared\netcx\shared\1.0\net\virtualaddress.h"
"shared","virtualaddresstypes.h","/shared/netcx/shared/1.0/net/virtualaddresstypes.h","generation\WinSDK\RecompiledIdlHeaders\shared\netcx\shared\1.0\net\virtualaddresstypes.h"
"shared","exemptionaction.h","/shared/netcx/shared/1.0/net/wifi/exemptionaction.h","generation\WinSDK\RecompiledIdlHeaders\shared\netcx\shared\1.0\net\wifi\exemptionaction.h"
"shared","exemptionactiontypes.h","/shared/netcx/shared/1.0/net/wifi/exemptionactiontypes.h","generation\WinSDK\RecompiledIdlHeaders\shared\netcx\shared\1.0\net\wifi\exemptionactiontypes.h"
"shared","netevent.h","/shared/netevent.h","generation\WinSDK\RecompiledIdlHeaders\shared\netevent.h"
"shared","netioapi.h","/shared/netioapi.h","generation\WinSDK\RecompiledIdlHeaders\shared\netioapi.h"
"shared","netiodef.h","/shared/netiodef.h","generation\WinSDK\RecompiledIdlHeaders\shared\netiodef.h"
"shared","nettypes.h","/shared/nettypes.h","generation\WinSDK\RecompiledIdlHeaders\shared\nettypes.h"
"shared","nfcdtadev.h","/shared/nfcdtadev.h","generation\WinSDK\RecompiledIdlHeaders\shared\nfcdtadev.h"
"shared","nfcradiodev.h","/shared/nfcradiodev.h","generation\WinSDK\RecompiledIdlHeaders\shared\nfcradiodev.h"
"shared","nfcsedev.h","/shared/nfcsedev.h","generation\WinSDK\RecompiledIdlHeaders\shared\nfcsedev.h"
"shared","nfpdev.h","/shared/nfpdev.h","generation\WinSDK\RecompiledIdlHeaders\shared\nfpdev.h"
"shared","nldef.h","/shared/nldef.h","generation\WinSDK\RecompiledIdlHeaders\shared\nldef.h"
"shared","no_sal2.h","/shared/no_sal2.h","generation\WinSDK\RecompiledIdlHeaders\shared\no_sal2.h"
"shared","ntdd1394.h","/shared/ntdd1394.h","generation\WinSDK\RecompiledIdlHeaders\shared\ntdd1394.h"
"shared","ntddbeep.h","/shared/ntddbeep.h","generation\WinSDK\RecompiledIdlHeaders\shared\ntddbeep.h"
"shared","ntddcdrm.h","/shared/ntddcdrm.h","generation\WinSDK\RecompiledIdlHeaders\shared\ntddcdrm.h"
"shared","ntddcdvd.h","/shared/ntddcdvd.h","generation\WinSDK\RecompiledIdlHeaders\shared\ntddcdvd.h"
"shared","ntddchgr.h","/shared/ntddchgr.h","generation\WinSDK\RecompiledIdlHeaders\shared\ntddchgr.h"
"shared","ntdddisk.h","/shared/ntdddisk.h","generation\WinSDK\RecompiledIdlHeaders\shared\ntdddisk.h"
"shared","ntddkbd.h","/shared/ntddkbd.h","generation\WinSDK\RecompiledIdlHeaders\shared\ntddkbd.h"
"shared","ntddmmc.h","/shared/ntddmmc.h","generation\WinSDK\RecompiledIdlHeaders\shared\ntddmmc.h"
"shared","ntddmodm.h","/shared/ntddmodm.h","generation\WinSDK\RecompiledIdlHeaders\shared\ntddmodm.h"
"shared","ntddmou.h","/shared/ntddmou.h","generation\WinSDK\RecompiledIdlHeaders\shared\ntddmou.h"
"shared","ntddndis.h","/shared/ntddndis.h","generation\WinSDK\RecompiledIdlHeaders\shared\ntddndis.h"
"shared","ntddpar.h","/shared/ntddpar.h","generation\WinSDK\RecompiledIdlHeaders\shared\ntddpar.h"
"shared","ntddscm.h","/shared/ntddscm.h","generation\WinSDK\RecompiledIdlHeaders\shared\ntddscm.h"
"shared","ntddscsi.h","/shared/ntddscsi.h","generation\WinSDK\RecompiledIdlHeaders\shared\ntddscsi.h"
"shared","ntddser.h","/shared/ntddser.h","generation\WinSDK\RecompiledIdlHeaders\shared\ntddser.h"
"shared","ntddstor.h","/shared/ntddstor.h","generation\WinSDK\RecompiledIdlHeaders\shared\ntddstor.h"
"shared","ntddtape.h","/shared/ntddtape.h","generation\WinSDK\RecompiledIdlHeaders\shared\ntddtape.h"
"shared","ntddtdi.h","/shared/ntddtdi.h","generation\WinSDK\RecompiledIdlHeaders\shared\ntddtdi.h"
"shared","ntddvdeo.h","/shared/ntddvdeo.h","generation\WinSDK\RecompiledIdlHeaders\shared\ntddvdeo.h"
"shared","ntddvol.h","/shared/ntddvol.h","generation\WinSDK\RecompiledIdlHeaders\shared\ntddvol.h"
"shared","ntdef.h","/shared/ntdef.h","generation\WinSDK\RecompiledIdlHeaders\shared\ntdef.h"
"shared","ntdskreg.h","/shared/ntdskreg.h","generation\WinSDK\RecompiledIdlHeaders\shared\ntdskreg.h"
"shared","ntiologc.h","/shared/ntiologc.h","generation\WinSDK\RecompiledIdlHeaders\shared\ntiologc.h"
"shared","ntstatus.h","/shared/ntstatus.h","generation\WinSDK\RecompiledIdlHeaders\shared\ntstatus.h"
"shared","ntverp.h","/shared/ntverp.h","generation\WinSDK\RecompiledIdlHeaders\shared\ntverp.h"
"shared","nvme.h","/shared/nvme.h","generation\WinSDK\RecompiledIdlHeaders\shared\nvme.h"
"shared","packoff.h","/shared/packoff.h","generation\WinSDK\RecompiledIdlHeaders\shared\packoff.h"
"shared","packon.h","/shared/packon.h","generation\WinSDK\RecompiledIdlHeaders\shared\packon.h"
"shared","pciprop.h","/shared/pciprop.h","generation\WinSDK\RecompiledIdlHeaders\shared\pciprop.h"
"shared","poclass.h","/shared/poclass.h","generation\WinSDK\RecompiledIdlHeaders\shared\poclass.h"
"shared","poppack.h","/shared/poppack.h","generation\WinSDK\RecompiledIdlHeaders\shared\poppack.h"
"shared","pshpack1.h","/shared/pshpack1.h","generation\WinSDK\RecompiledIdlHeaders\shared\pshpack1.h"
"shared","pshpack2.h","/shared/pshpack2.h","generation\WinSDK\RecompiledIdlHeaders\shared\pshpack2.h"
"shared","pshpack4.h","/shared/pshpack4.h","generation\WinSDK\RecompiledIdlHeaders\shared\pshpack4.h"
"shared","pshpack8.h","/shared/pshpack8.h","generation\WinSDK\RecompiledIdlHeaders\shared\pshpack8.h"
"shared","pshpck16.h","/shared/pshpck16.h","generation\WinSDK\RecompiledIdlHeaders\shared\pshpck16.h"
"shared","pwm.h","/shared/pwm.h","generation\WinSDK\RecompiledIdlHeaders\shared\pwm.h"
"shared","qos.h","/shared/qos.h","generation\WinSDK\RecompiledIdlHeaders\shared\qos.h"
"shared","qosobjs.h","/shared/qosobjs.h","generation\WinSDK\RecompiledIdlHeaders\shared\qosobjs.h"
"shared","qossp.h","/shared/qossp.h","generation\WinSDK\RecompiledIdlHeaders\shared\qossp.h"
"shared","reshub.h","/shared/reshub.h","generation\WinSDK\RecompiledIdlHeaders\shared\reshub.h"
"shared","rpc.h","/shared/rpc.h","generation\WinSDK\RecompiledIdlHeaders\shared\rpc.h"
"shared","rpcasync.h","/shared/rpcasync.h","generation\WinSDK\RecompiledIdlHeaders\shared\rpcasync.h"
"shared","rpcdce.h","/shared/rpcdce.h","generation\WinSDK\RecompiledIdlHeaders\shared\rpcdce.h"
"shared","rpcdcep.h","/shared/rpcdcep.h","generation\WinSDK\RecompiledIdlHeaders\shared\rpcdcep.h"
"shared","rpcndr.h","/shared/rpcndr.h","generation\WinSDK\RecompiledIdlHeaders\shared\rpcndr.h"
"shared","rpcnterr.h","/shared/rpcnterr.h","generation\WinSDK\RecompiledIdlHeaders\shared\rpcnterr.h"
"shared","rpcsal.h","/shared/rpcsal.h","generation\WinSDK\RecompiledIdlHeaders\shared\rpcsal.h"
"shared","sal.h","/shared/sal.h","generation\WinSDK\RecompiledIdlHeaders\shared\sal.h"
"shared","scsi.h","/shared/scsi.h","generation\WinSDK\RecompiledIdlHeaders\shared\scsi.h"
"shared","scsiscan.h","/shared/scsiscan.h","generation\WinSDK\RecompiledIdlHeaders\shared\scsiscan.h"
"shared","sddl.h","/shared/sddl.h","generation\WinSDK\RecompiledIdlHeaders\shared\sddl.h"
"shared","sdkddkver.h","/shared/sdkddkver.h","generation\WinSDK\RecompiledIdlHeaders\shared\sdkddkver.h"
"shared","sdv_driverspecs.h","/shared/sdv_driverspecs.h","generation\WinSDK\RecompiledIdlHeaders\shared\sdv_driverspecs.h"
"shared","secext.h","/shared/secext.h","generation\WinSDK\RecompiledIdlHeaders\shared\secext.h"
"shared","security.h","/shared/security.h","generation\WinSDK\RecompiledIdlHeaders\shared\security.h"
"shared","sensorsdef.h","/shared/sensorsdef.h","generation\WinSDK\RecompiledIdlHeaders\shared\sensorsdef.h"
"shared","sensorsstructures.h","/shared/sensorsstructures.h","generation\WinSDK\RecompiledIdlHeaders\shared\sensorsstructures.h"
"shared","sensorsutils.h","/shared/sensorsutils.h","generation\WinSDK\RecompiledIdlHeaders\shared\sensorsutils.h"
"shared","ShellHandwriting.h","/shared/ShellHandwriting.h","generation\WinSDK\RecompiledIdlHeaders\shared\ShellHandwriting.h"
"shared","spb.h","/shared/spb.h","generation\WinSDK\RecompiledIdlHeaders\shared\spb.h"
"shared","specstrings_strict.h","/shared/specstrings_strict.h","generation\WinSDK\RecompiledIdlHeaders\shared\specstrings_strict.h"
"shared","specstrings_undef.h","/shared/specstrings_undef.h","generation\WinSDK\RecompiledIdlHeaders\shared\specstrings_undef.h"
"shared","specstrings.h","/shared/specstrings.h","generation\WinSDK\RecompiledIdlHeaders\shared\specstrings.h"
"shared","srb.h","/shared/srb.h","generation\WinSDK\RecompiledIdlHeaders\shared\srb.h"
"shared","sspi.h","/shared/sspi.h","generation\WinSDK\RecompiledIdlHeaders\shared\sspi.h"
"shared","stralign.h","/shared/stralign.h","generation\WinSDK\RecompiledIdlHeaders\shared\stralign.h"
"shared","strsafe.h","/shared/strsafe.h","generation\WinSDK\RecompiledIdlHeaders\shared\strsafe.h"
"shared","suppress.h","/shared/suppress.h","generation\WinSDK\RecompiledIdlHeaders\shared\suppress.h"
"shared","tbs.h","/shared/tbs.h","generation\WinSDK\RecompiledIdlHeaders\shared\tbs.h"
"shared","tbt3ioctls.h","/shared/tbt3ioctls.h","generation\WinSDK\RecompiledIdlHeaders\shared\tbt3ioctls.h"
"shared","tcpestats.h","/shared/tcpestats.h","generation\WinSDK\RecompiledIdlHeaders\shared\tcpestats.h"
"shared","tcpmib.h","/shared/tcpmib.h","generation\WinSDK\RecompiledIdlHeaders\shared\tcpmib.h"
"shared","tdi.h","/shared/tdi.h","generation\WinSDK\RecompiledIdlHeaders\shared\tdi.h"
"shared","tdiinfo.h","/shared/tdiinfo.h","generation\WinSDK\RecompiledIdlHeaders\shared\tdiinfo.h"
"shared","TraceLoggingActivity.h","/shared/TraceLoggingActivity.h","generation\WinSDK\RecompiledIdlHeaders\shared\TraceLoggingActivity.h"
"shared","TraceLoggingProvider.h","/shared/TraceLoggingProvider.h","generation\WinSDK\RecompiledIdlHeaders\shared\TraceLoggingProvider.h"
"shared","traffic.h","/shared/traffic.h","generation\WinSDK\RecompiledIdlHeaders\shared\traffic.h"
"shared","transportsettingcommon.h","/shared/transportsettingcommon.h","generation\WinSDK\RecompiledIdlHeaders\shared\transportsettingcommon.h"
"shared","tvout.h","/shared/tvout.h","generation\WinSDK\RecompiledIdlHeaders\shared\tvout.h"
"shared","udpmib.h","/shared/udpmib.h","generation\WinSDK\RecompiledIdlHeaders\shared\udpmib.h"
"shared","unexposeenums2managed.h","/shared/unexposeenums2managed.h","generation\WinSDK\RecompiledIdlHeaders\shared\unexposeenums2managed.h"
"shared","usb.h","/shared/usb.h","generation\WinSDK\RecompiledIdlHeaders\shared\usb.h"
"shared","usb100.h","/shared/usb100.h","generation\WinSDK\RecompiledIdlHeaders\shared\usb100.h"
"shared","usb200.h","/shared/usb200.h","generation\WinSDK\RecompiledIdlHeaders\shared\usb200.h"
"shared","usb4dbgioctl.h","/shared/usb4dbgioctl.h","generation\WinSDK\RecompiledIdlHeaders\shared\usb4dbgioctl.h"
"shared","usbdi.h","/shared/usbdi.h","generation\WinSDK\RecompiledIdlHeaders\shared\usbdi.h"
"shared","usbfnbase.h","/shared/usbfnbase.h","generation\WinSDK\RecompiledIdlHeaders\shared\usbfnbase.h"
"shared","usbioctl.h","/shared/usbioctl.h","generation\WinSDK\RecompiledIdlHeaders\shared\usbioctl.h"
"shared","usbiodef.h","/shared/usbiodef.h","generation\WinSDK\RecompiledIdlHeaders\shared\usbiodef.h"
"shared","usbprint.h","/shared/usbprint.h","generation\WinSDK\RecompiledIdlHeaders\shared\usbprint.h"
"shared","usbscan.h","/shared/usbscan.h","generation\WinSDK\RecompiledIdlHeaders\shared\usbscan.h"
"shared","usbspec.h","/shared/usbspec.h","generation\WinSDK\RecompiledIdlHeaders\shared\usbspec.h"
"shared","uuids.h","/shared/uuids.h","generation\WinSDK\RecompiledIdlHeaders\shared\uuids.h"
"shared","vhf.h","/shared/vhf.h","generation\WinSDK\RecompiledIdlHeaders\shared\vhf.h"
"shared","vmgenerationcounter.h","/shared/vmgenerationcounter.h","generation\WinSDK\RecompiledIdlHeaders\shared\vmgenerationcounter.h"
"shared","warning.h","/shared/warning.h","generation\WinSDK\RecompiledIdlHeaders\shared\warning.h"
"shared","wdmguid.h","/shared/wdmguid.h","generation\WinSDK\RecompiledIdlHeaders\shared\wdmguid.h"
"shared","winapifamily.h","/shared/winapifamily.h","generation\WinSDK\RecompiledIdlHeaders\shared\winapifamily.h"
"shared","winbio_err.h","/shared/winbio_err.h","generation\WinSDK\RecompiledIdlHeaders\shared\winbio_err.h"
"shared","winbio_ioctl.h","/shared/winbio_ioctl.h","generation\WinSDK\RecompiledIdlHeaders\shared\winbio_ioctl.h"
"shared","winbio_types.h","/shared/winbio_types.h","generation\WinSDK\RecompiledIdlHeaders\shared\winbio_types.h"
"shared","windef.h","/shared/windef.h","generation\WinSDK\RecompiledIdlHeaders\shared\windef.h"
"shared","windnsdef.h","/shared/windnsdef.h","generation\WinSDK\RecompiledIdlHeaders\shared\windnsdef.h"
"shared","windot11.h","/shared/windot11.h","generation\WinSDK\RecompiledIdlHeaders\shared\windot11.h"
"shared","windowsx.h","/shared/windowsx.h","generation\WinSDK\RecompiledIdlHeaders\shared\windowsx.h"
"shared","winerror.h","/shared/winerror.h","generation\WinSDK\RecompiledIdlHeaders\shared\winerror.h"
"shared","winpackagefamily.h","/shared/winpackagefamily.h","generation\WinSDK\RecompiledIdlHeaders\shared\winpackagefamily.h"
"shared","winsmcrd.h","/shared/winsmcrd.h","generation\WinSDK\RecompiledIdlHeaders\shared\winsmcrd.h"
"shared","winusbio.h","/shared/winusbio.h","generation\WinSDK\RecompiledIdlHeaders\shared\winusbio.h"
"shared","wlantypes.h","/shared/wlantypes.h","generation\WinSDK\RecompiledIdlHeaders\shared\wlantypes.h"
"shared","wmistr.h","/shared/wmistr.h","generation\WinSDK\RecompiledIdlHeaders\shared\wmistr.h"
"shared","wnnc.h","/shared/wnnc.h","generation\WinSDK\RecompiledIdlHeaders\shared\wnnc.h"
"shared","ws2def.h","/shared/ws2def.h","generation\WinSDK\RecompiledIdlHeaders\shared\ws2def.h"
"shared","ws2ipdef.h","/shared/ws2ipdef.h","generation\WinSDK\RecompiledIdlHeaders\shared\ws2ipdef.h"
"shared","wtypes.h","/shared/wtypes.h","generation\WinSDK\RecompiledIdlHeaders\shared\wtypes.h"
"shared","WTypesbase.h","/shared/WTypesbase.h","generation\WinSDK\RecompiledIdlHeaders\shared\WTypesbase.h"
"ucrt","assert.h","/ucrt/assert.h","generation\WinSDK\RecompiledIdlHeaders\ucrt\assert.h"
"ucrt","complex.h","/ucrt/complex.h","generation\WinSDK\RecompiledIdlHeaders\ucrt\complex.h"
"ucrt","conio.h","/ucrt/conio.h","generation\WinSDK\RecompiledIdlHeaders\ucrt\conio.h"
"ucrt","corecrt_io.h","/ucrt/corecrt_io.h","generation\WinSDK\RecompiledIdlHeaders\ucrt\corecrt_io.h"
"ucrt","corecrt_malloc.h","/ucrt/corecrt_malloc.h","generation\WinSDK\RecompiledIdlHeaders\ucrt\corecrt_malloc.h"
"ucrt","corecrt_math_defines.h","/ucrt/corecrt_math_defines.h","generation\WinSDK\RecompiledIdlHeaders\ucrt\corecrt_math_defines.h"
"ucrt","corecrt_math.h","/ucrt/corecrt_math.h","generation\WinSDK\RecompiledIdlHeaders\ucrt\corecrt_math.h"
"ucrt","corecrt_memcpy_s.h","/ucrt/corecrt_memcpy_s.h","generation\WinSDK\RecompiledIdlHeaders\ucrt\corecrt_memcpy_s.h"
"ucrt","corecrt_memory.h","/ucrt/corecrt_memory.h","generation\WinSDK\RecompiledIdlHeaders\ucrt\corecrt_memory.h"
"ucrt","corecrt_search.h","/ucrt/corecrt_search.h","generation\WinSDK\RecompiledIdlHeaders\ucrt\corecrt_search.h"
"ucrt","corecrt_share.h","/ucrt/corecrt_share.h","generation\WinSDK\RecompiledIdlHeaders\ucrt\corecrt_share.h"
"ucrt","corecrt_startup.h","/ucrt/corecrt_startup.h","generation\WinSDK\RecompiledIdlHeaders\ucrt\corecrt_startup.h"
"ucrt","corecrt_stdio_config.h","/ucrt/corecrt_stdio_config.h","generation\WinSDK\RecompiledIdlHeaders\ucrt\corecrt_stdio_config.h"
"ucrt","corecrt_terminate.h","/ucrt/corecrt_terminate.h","generation\WinSDK\RecompiledIdlHeaders\ucrt\corecrt_terminate.h"
"ucrt","corecrt_wconio.h","/ucrt/corecrt_wconio.h","generation\WinSDK\RecompiledIdlHeaders\ucrt\corecrt_wconio.h"
"ucrt","corecrt_wctype.h","/ucrt/corecrt_wctype.h","generation\WinSDK\RecompiledIdlHeaders\ucrt\corecrt_wctype.h"
"ucrt","corecrt_wdirect.h","/ucrt/corecrt_wdirect.h","generation\WinSDK\RecompiledIdlHeaders\ucrt\corecrt_wdirect.h"
"ucrt","corecrt_wio.h","/ucrt/corecrt_wio.h","generation\WinSDK\RecompiledIdlHeaders\ucrt\corecrt_wio.h"
"ucrt","corecrt_wprocess.h","/ucrt/corecrt_wprocess.h","generation\WinSDK\RecompiledIdlHeaders\ucrt\corecrt_wprocess.h"
"ucrt","corecrt_wstdio.h","/ucrt/corecrt_wstdio.h","generation\WinSDK\RecompiledIdlHeaders\ucrt\corecrt_wstdio.h"
"ucrt","corecrt_wstdlib.h","/ucrt/corecrt_wstdlib.h","generation\WinSDK\RecompiledIdlHeaders\ucrt\corecrt_wstdlib.h"
"ucrt","corecrt_wstring.h","/ucrt/corecrt_wstring.h","generation\WinSDK\RecompiledIdlHeaders\ucrt\corecrt_wstring.h"
"ucrt","corecrt_wtime.h","/ucrt/corecrt_wtime.h","generation\WinSDK\RecompiledIdlHeaders\ucrt\corecrt_wtime.h"
"ucrt","corecrt.h","/ucrt/corecrt.h","generation\WinSDK\RecompiledIdlHeaders\ucrt\corecrt.h"
"ucrt","crtdbg.h","/ucrt/crtdbg.h","generation\WinSDK\RecompiledIdlHeaders\ucrt\crtdbg.h"
"ucrt","ctype.h","/ucrt/ctype.h","generation\WinSDK\RecompiledIdlHeaders\ucrt\ctype.h"
"ucrt","direct.h","/ucrt/direct.h","generation\WinSDK\RecompiledIdlHeaders\ucrt\direct.h"
"ucrt","dos.h","/ucrt/dos.h","generation\WinSDK\RecompiledIdlHeaders\ucrt\dos.h"
"ucrt","errno.h","/ucrt/errno.h","generation\WinSDK\RecompiledIdlHeaders\ucrt\errno.h"
"ucrt","fcntl.h","/ucrt/fcntl.h","generation\WinSDK\RecompiledIdlHeaders\ucrt\fcntl.h"
"ucrt","fenv.h","/ucrt/fenv.h","generation\WinSDK\RecompiledIdlHeaders\ucrt\fenv.h"
"ucrt","float.h","/ucrt/float.h","generation\WinSDK\RecompiledIdlHeaders\ucrt\float.h"
"ucrt","fpieee.h","/ucrt/fpieee.h","generation\WinSDK\RecompiledIdlHeaders\ucrt\fpieee.h"
"ucrt","inttypes.h","/ucrt/inttypes.h","generation\WinSDK\RecompiledIdlHeaders\ucrt\inttypes.h"
"ucrt","io.h","/ucrt/io.h","generation\WinSDK\RecompiledIdlHeaders\ucrt\io.h"
"ucrt","locale.h","/ucrt/locale.h","generation\WinSDK\RecompiledIdlHeaders\ucrt\locale.h"
"ucrt","malloc.h","/ucrt/malloc.h","generation\WinSDK\RecompiledIdlHeaders\ucrt\malloc.h"
"ucrt","math.h","/ucrt/math.h","generation\WinSDK\RecompiledIdlHeaders\ucrt\math.h"
"ucrt","mbctype.h","/ucrt/mbctype.h","generation\WinSDK\RecompiledIdlHeaders\ucrt\mbctype.h"
"ucrt","mbstring.h","/ucrt/mbstring.h","generation\WinSDK\RecompiledIdlHeaders\ucrt\mbstring.h"
"ucrt","memory.h","/ucrt/memory.h","generation\WinSDK\RecompiledIdlHeaders\ucrt\memory.h"
"ucrt","minmax.h","/ucrt/minmax.h","generation\WinSDK\RecompiledIdlHeaders\ucrt\minmax.h"
"ucrt","new.h","/ucrt/new.h","generation\WinSDK\RecompiledIdlHeaders\ucrt\new.h"
"ucrt","process.h","/ucrt/process.h","generation\WinSDK\RecompiledIdlHeaders\ucrt\process.h"
"ucrt","safeint_internal.h","/ucrt/safeint_internal.h","generation\WinSDK\RecompiledIdlHeaders\ucrt\safeint_internal.h"
"ucrt","safeint.h","/ucrt/safeint.h","generation\WinSDK\RecompiledIdlHeaders\ucrt\safeint.h"
"ucrt","search.h","/ucrt/search.h","generation\WinSDK\RecompiledIdlHeaders\ucrt\search.h"
"ucrt","share.h","/ucrt/share.h","generation\WinSDK\RecompiledIdlHeaders\ucrt\share.h"
"ucrt","signal.h","/ucrt/signal.h","generation\WinSDK\RecompiledIdlHeaders\ucrt\signal.h"
"ucrt","stdalign.h","/ucrt/stdalign.h","generation\WinSDK\RecompiledIdlHeaders\ucrt\stdalign.h"
"ucrt","stddef.h","/ucrt/stddef.h","generation\WinSDK\RecompiledIdlHeaders\ucrt\stddef.h"
"ucrt","stdio.h","/ucrt/stdio.h","generation\WinSDK\RecompiledIdlHeaders\ucrt\stdio.h"
"ucrt","stdlib.h","/ucrt/stdlib.h","generation\WinSDK\RecompiledIdlHeaders\ucrt\stdlib.h"
"ucrt","stdnoreturn.h","/ucrt/stdnoreturn.h","generation\WinSDK\RecompiledIdlHeaders\ucrt\stdnoreturn.h"
"ucrt","string.h","/ucrt/string.h","generation\WinSDK\RecompiledIdlHeaders\ucrt\string.h"
"ucrt","locking.h","/ucrt/sys/locking.h","generation\WinSDK\RecompiledIdlHeaders\ucrt\sys\locking.h"
"ucrt","stat.h","/ucrt/sys/stat.h","generation\WinSDK\RecompiledIdlHeaders\ucrt\sys\stat.h"
"ucrt","timeb.h","/ucrt/sys/timeb.h","generation\WinSDK\RecompiledIdlHeaders\ucrt\sys\timeb.h"
"ucrt","types.h","/ucrt/sys/types.h","generation\WinSDK\RecompiledIdlHeaders\ucrt\sys\types.h"
"ucrt","utime.h","/ucrt/sys/utime.h","generation\WinSDK\RecompiledIdlHeaders\ucrt\sys\utime.h"
"ucrt","tchar.h","/ucrt/tchar.h","generation\WinSDK\RecompiledIdlHeaders\ucrt\tchar.h"
"ucrt","tgmath.h","/ucrt/tgmath.h","generation\WinSDK\RecompiledIdlHeaders\ucrt\tgmath.h"
"ucrt","time.h","/ucrt/time.h","generation\WinSDK\RecompiledIdlHeaders\ucrt\time.h"
"ucrt","uchar.h","/ucrt/uchar.h","generation\WinSDK\RecompiledIdlHeaders\ucrt\uchar.h"
"ucrt","wchar.h","/ucrt/wchar.h","generation\WinSDK\RecompiledIdlHeaders\ucrt\wchar.h"
"ucrt","wctype.h","/ucrt/wctype.h","generation\WinSDK\RecompiledIdlHeaders\ucrt\wctype.h"
"um","_dbdao.h","/um/_dbdao.h","generation\WinSDK\RecompiledIdlHeaders\um\_dbdao.h"
"um","AccCtrl.h","/um/AccCtrl.h","generation\WinSDK\RecompiledIdlHeaders\um\AccCtrl.h"
"um","accountssettingspaneinterop.h","/um/accountssettingspaneinterop.h","generation\WinSDK\RecompiledIdlHeaders\um\accountssettingspaneinterop.h"
"um","AclAPI.h","/um/AclAPI.h","generation\WinSDK\RecompiledIdlHeaders\um\AclAPI.h"
"um","AclUI.h","/um/AclUI.h","generation\WinSDK\RecompiledIdlHeaders\um\AclUI.h"
"um","activaut.h","/um/activaut.h","generation\WinSDK\RecompiledIdlHeaders\um\activaut.h"
"um","activdbg.h","/um/activdbg.h","generation\WinSDK\RecompiledIdlHeaders\um\activdbg.h"
"um","activdbg100.h","/um/activdbg100.h","generation\WinSDK\RecompiledIdlHeaders\um\activdbg100.h"
"um","activecf.h","/um/activecf.h","generation\WinSDK\RecompiledIdlHeaders\um\activecf.h"
"um","ActiveDS.h","/um/ActiveDS.h","generation\WinSDK\RecompiledIdlHeaders\um\ActiveDS.h"
"um","ActivityCoordinator.h","/um/ActivityCoordinator.h","generation\WinSDK\RecompiledIdlHeaders\um\ActivityCoordinator.h"
"um","ActivityCoordinatorTypes.h","/um/ActivityCoordinatorTypes.h","generation\WinSDK\RecompiledIdlHeaders\um\ActivityCoordinatorTypes.h"
"um","activprof.h","/um/activprof.h","generation\WinSDK\RecompiledIdlHeaders\um\activprof.h"
"um","ActivScp.h","/um/ActivScp.h","generation\WinSDK\RecompiledIdlHeaders\um\ActivScp.h"
"um","adc.h","/um/adc.h","generation\WinSDK\RecompiledIdlHeaders\um\adc.h"
"um","adhoc.h","/um/adhoc.h","generation\WinSDK\RecompiledIdlHeaders\um\adhoc.h"
"um","adoctint.h","/um/adoctint.h","generation\WinSDK\RecompiledIdlHeaders\um\adoctint.h"
"um","adodef.h","/um/adodef.h","generation\WinSDK\RecompiledIdlHeaders\um\adodef.h"
"um","adogpool_Backcompat.h","/um/adogpool_Backcompat.h","generation\WinSDK\RecompiledIdlHeaders\um\adogpool_Backcompat.h"
"um","adogpool.h","/um/adogpool.h","generation\WinSDK\RecompiledIdlHeaders\um\adogpool.h"
"um","adoguids.h","/um/adoguids.h","generation\WinSDK\RecompiledIdlHeaders\um\adoguids.h"
"um","adoid.h","/um/adoid.h","generation\WinSDK\RecompiledIdlHeaders\um\adoid.h"
"um","adoint_Backcompat.h","/um/adoint_Backcompat.h","generation\WinSDK\RecompiledIdlHeaders\um\adoint_Backcompat.h"
"um","adoint.h","/um/adoint.h","generation\WinSDK\RecompiledIdlHeaders\um\adoint.h"
"um","adojet.h","/um/adojet.h","generation\WinSDK\RecompiledIdlHeaders\um\adojet.h"
"um","adomd.h","/um/adomd.h","generation\WinSDK\RecompiledIdlHeaders\um\adomd.h"
"um","AdsDb.h","/um/AdsDb.h","generation\WinSDK\RecompiledIdlHeaders\um\AdsDb.h"
"um","AdsErr.h","/um/AdsErr.h","generation\WinSDK\RecompiledIdlHeaders\um\AdsErr.h"
"um","AdsHlp.h","/um/AdsHlp.h","generation\WinSDK\RecompiledIdlHeaders\um\AdsHlp.h"
"um","ADSIid.h","/um/ADSIid.h","generation\WinSDK\RecompiledIdlHeaders\um\ADSIid.h"
"um","Adsnms.h","/um/Adsnms.h","generation\WinSDK\RecompiledIdlHeaders\um\Adsnms.h"
"um","AdsProp.h","/um/AdsProp.h","generation\WinSDK\RecompiledIdlHeaders\um\AdsProp.h"
"um","Adssts.h","/um/Adssts.h","generation\WinSDK\RecompiledIdlHeaders\um\Adssts.h"
"um","AdtGen.h","/um/AdtGen.h","generation\WinSDK\RecompiledIdlHeaders\um\AdtGen.h"
"um","advpub.h","/um/advpub.h","generation\WinSDK\RecompiledIdlHeaders\um\advpub.h"
"um","AF_Irda.h","/um/AF_Irda.h","generation\WinSDK\RecompiledIdlHeaders\um\AF_Irda.h"
"um","ahadmin.h","/um/ahadmin.h","generation\WinSDK\RecompiledIdlHeaders\um\ahadmin.h"
"um","alg.h","/um/alg.h","generation\WinSDK\RecompiledIdlHeaders\um\alg.h"
"um","AboutData.h","/um/alljoyn_c/AboutData.h","generation\WinSDK\RecompiledIdlHeaders\um\alljoyn_c\AboutData.h"
"um","AboutDataListener.h","/um/alljoyn_c/AboutDataListener.h","generation\WinSDK\RecompiledIdlHeaders\um\alljoyn_c\AboutDataListener.h"
"um","AboutIcon.h","/um/alljoyn_c/AboutIcon.h","generation\WinSDK\RecompiledIdlHeaders\um\alljoyn_c\AboutIcon.h"
"um","AboutIconObj.h","/um/alljoyn_c/AboutIconObj.h","generation\WinSDK\RecompiledIdlHeaders\um\alljoyn_c\AboutIconObj.h"
"um","AboutIconProxy.h","/um/alljoyn_c/AboutIconProxy.h","generation\WinSDK\RecompiledIdlHeaders\um\alljoyn_c\AboutIconProxy.h"
"um","AboutListener.h","/um/alljoyn_c/AboutListener.h","generation\WinSDK\RecompiledIdlHeaders\um\alljoyn_c\AboutListener.h"
"um","AboutObj.h","/um/alljoyn_c/AboutObj.h","generation\WinSDK\RecompiledIdlHeaders\um\alljoyn_c\AboutObj.h"
"um","AboutObjectDescription.h","/um/alljoyn_c/AboutObjectDescription.h","generation\WinSDK\RecompiledIdlHeaders\um\alljoyn_c\AboutObjectDescription.h"
"um","AboutProxy.h","/um/alljoyn_c/AboutProxy.h","generation\WinSDK\RecompiledIdlHeaders\um\alljoyn_c\AboutProxy.h"
"um","AjAPI.h","/um/alljoyn_c/AjAPI.h","generation\WinSDK\RecompiledIdlHeaders\um\alljoyn_c\AjAPI.h"
"um","ApplicationStateListener.h","/um/alljoyn_c/ApplicationStateListener.h","generation\WinSDK\RecompiledIdlHeaders\um\alljoyn_c\ApplicationStateListener.h"
"um","AuthListener.h","/um/alljoyn_c/AuthListener.h","generation\WinSDK\RecompiledIdlHeaders\um\alljoyn_c\AuthListener.h"
"um","AutoPinger.h","/um/alljoyn_c/AutoPinger.h","generation\WinSDK\RecompiledIdlHeaders\um\alljoyn_c\AutoPinger.h"
"um","BusAttachment.h","/um/alljoyn_c/BusAttachment.h","generation\WinSDK\RecompiledIdlHeaders\um\alljoyn_c\BusAttachment.h"
"um","BusListener.h","/um/alljoyn_c/BusListener.h","generation\WinSDK\RecompiledIdlHeaders\um\alljoyn_c\BusListener.h"
"um","BusObject.h","/um/alljoyn_c/BusObject.h","generation\WinSDK\RecompiledIdlHeaders\um\alljoyn_c\BusObject.h"
"um","DBusStdDefines.h","/um/alljoyn_c/DBusStdDefines.h","generation\WinSDK\RecompiledIdlHeaders\um\alljoyn_c\DBusStdDefines.h"
"um","Init.h","/um/alljoyn_c/Init.h","generation\WinSDK\RecompiledIdlHeaders\um\alljoyn_c\Init.h"
"um","InterfaceDescription.h","/um/alljoyn_c/InterfaceDescription.h","generation\WinSDK\RecompiledIdlHeaders\um\alljoyn_c\InterfaceDescription.h"
"um","KeyStoreListener.h","/um/alljoyn_c/KeyStoreListener.h","generation\WinSDK\RecompiledIdlHeaders\um\alljoyn_c\KeyStoreListener.h"
"um","Message.h","/um/alljoyn_c/Message.h","generation\WinSDK\RecompiledIdlHeaders\um\alljoyn_c\Message.h"
"um","MessageReceiver.h","/um/alljoyn_c/MessageReceiver.h","generation\WinSDK\RecompiledIdlHeaders\um\alljoyn_c\MessageReceiver.h"
"um","MsgArg.h","/um/alljoyn_c/MsgArg.h","generation\WinSDK\RecompiledIdlHeaders\um\alljoyn_c\MsgArg.h"
"um","Observer.h","/um/alljoyn_c/Observer.h","generation\WinSDK\RecompiledIdlHeaders\um\alljoyn_c\Observer.h"
"um","PasswordManager.h","/um/alljoyn_c/PasswordManager.h","generation\WinSDK\RecompiledIdlHeaders\um\alljoyn_c\PasswordManager.h"
"um","PermissionConfigurationListener.h","/um/alljoyn_c/PermissionConfigurationListener.h","generation\WinSDK\RecompiledIdlHeaders\um\alljoyn_c\PermissionConfigurationListener.h"
"um","PermissionConfigurator.h","/um/alljoyn_c/PermissionConfigurator.h","generation\WinSDK\RecompiledIdlHeaders\um\alljoyn_c\PermissionConfigurator.h"
"um","ProxyBusObject.h","/um/alljoyn_c/ProxyBusObject.h","generation\WinSDK\RecompiledIdlHeaders\um\alljoyn_c\ProxyBusObject.h"
"um","SecurityApplicationProxy.h","/um/alljoyn_c/SecurityApplicationProxy.h","generation\WinSDK\RecompiledIdlHeaders\um\alljoyn_c\SecurityApplicationProxy.h"
"um","Session.h","/um/alljoyn_c/Session.h","generation\WinSDK\RecompiledIdlHeaders\um\alljoyn_c\Session.h"
"um","SessionListener.h","/um/alljoyn_c/SessionListener.h","generation\WinSDK\RecompiledIdlHeaders\um\alljoyn_c\SessionListener.h"
"um","SessionPortListener.h","/um/alljoyn_c/SessionPortListener.h","generation\WinSDK\RecompiledIdlHeaders\um\alljoyn_c\SessionPortListener.h"
"um","Status.h","/um/alljoyn_c/Status.h","generation\WinSDK\RecompiledIdlHeaders\um\alljoyn_c\Status.h"
"um","TransportMask.h","/um/alljoyn_c/TransportMask.h","generation\WinSDK\RecompiledIdlHeaders\um\alljoyn_c\TransportMask.h"
"um","version.h","/um/alljoyn_c/version.h","generation\WinSDK\RecompiledIdlHeaders\um\alljoyn_c\version.h"
"um","amaudio.h","/um/amaudio.h","generation\WinSDK\RecompiledIdlHeaders\um\amaudio.h"
"um","amparse.h","/um/amparse.h","generation\WinSDK\RecompiledIdlHeaders\um\amparse.h"
"um","amsi.h","/um/amsi.h","generation\WinSDK\RecompiledIdlHeaders\um\amsi.h"
"um","amstream.h","/um/amstream.h","generation\WinSDK\RecompiledIdlHeaders\um\amstream.h"
"um","amva.h","/um/amva.h","generation\WinSDK\RecompiledIdlHeaders\um\amva.h"
"um","amvideo.h","/um/amvideo.h","generation\WinSDK\RecompiledIdlHeaders\um\amvideo.h"
"um","amxmlgraphbuilder.h","/um/amxmlgraphbuilder.h","generation\WinSDK\RecompiledIdlHeaders\um\amxmlgraphbuilder.h"
"um","anchorsyncdeviceservice.h","/um/anchorsyncdeviceservice.h","generation\WinSDK\RecompiledIdlHeaders\um\anchorsyncdeviceservice.h"
"um","animationcoordinator.h","/um/animationcoordinator.h","generation\WinSDK\RecompiledIdlHeaders\um\animationcoordinator.h"
"um","apiquery2.h","/um/apiquery2.h","generation\WinSDK\RecompiledIdlHeaders\um\apiquery2.h"
"um","appcompatapi.h","/um/appcompatapi.h","generation\WinSDK\RecompiledIdlHeaders\um\appcompatapi.h"
"um","appmgmt.h","/um/appmgmt.h","generation\WinSDK\RecompiledIdlHeaders\um\appmgmt.h"
"um","appmodel.h","/um/appmodel.h","generation\WinSDK\RecompiledIdlHeaders\um\appmodel.h"
"um","appnotify.h","/um/appnotify.h","generation\WinSDK\RecompiledIdlHeaders\um\appnotify.h"
"um","appserviceinterop.h","/um/appserviceinterop.h","generation\WinSDK\RecompiledIdlHeaders\um\appserviceinterop.h"
"um","AppxPackaging.h","/um/AppxPackaging.h","generation\WinSDK\RecompiledIdlHeaders\um\AppxPackaging.h"
"um","asferr.h","/um/asferr.h","generation\WinSDK\RecompiledIdlHeaders\um\asferr.h"
"um","Asptlb.h","/um/Asptlb.h","generation\WinSDK\RecompiledIdlHeaders\um\Asptlb.h"
"um","atacct.h","/um/atacct.h","generation\WinSDK\RecompiledIdlHeaders\um\atacct.h"
"um","atlthunk.h","/um/atlthunk.h","generation\WinSDK\RecompiledIdlHeaders\um\atlthunk.h"
"um","AtscPsipParser.h","/um/AtscPsipParser.h","generation\WinSDK\RecompiledIdlHeaders\um\AtscPsipParser.h"
"um","audevcod.h","/um/audevcod.h","generation\WinSDK\RecompiledIdlHeaders\um\audevcod.h"
"um","AudioAPOTypes.h","/um/AudioAPOTypes.h","generation\WinSDK\RecompiledIdlHeaders\um\AudioAPOTypes.h"
"um","Audioclient.h","/um/Audioclient.h","generation\WinSDK\RecompiledIdlHeaders\um\Audioclient.h"
"um","audioclientactivationparams.h","/um/audioclientactivationparams.h","generation\WinSDK\RecompiledIdlHeaders\um\audioclientactivationparams.h"
"um","audioendpoints.h","/um/audioendpoints.h","generation\WinSDK\RecompiledIdlHeaders\um\audioendpoints.h"
"um","audioenginebaseapo.h","/um/audioenginebaseapo.h","generation\WinSDK\RecompiledIdlHeaders\um\audioenginebaseapo.h"
"um","AudioEngineEndpoint.h","/um/AudioEngineEndpoint.h","generation\WinSDK\RecompiledIdlHeaders\um\AudioEngineEndpoint.h"
"um","audioengineextensionapo.h","/um/audioengineextensionapo.h","generation\WinSDK\RecompiledIdlHeaders\um\audioengineextensionapo.h"
"um","audiomediatype.h","/um/audiomediatype.h","generation\WinSDK\RecompiledIdlHeaders\um\audiomediatype.h"
"um","audiopolicy.h","/um/audiopolicy.h","generation\WinSDK\RecompiledIdlHeaders\um\audiopolicy.h"
"um","AudioSessionTypes.h","/um/AudioSessionTypes.h","generation\WinSDK\RecompiledIdlHeaders\um\AudioSessionTypes.h"
"um","audiostatemonitorapi.h","/um/audiostatemonitorapi.h","generation\WinSDK\RecompiledIdlHeaders\um\audiostatemonitorapi.h"
"um","austream.h","/um/austream.h","generation\WinSDK\RecompiledIdlHeaders\um\austream.h"
"um","Authif.h","/um/Authif.h","generation\WinSDK\RecompiledIdlHeaders\um\Authif.h"
"um","AuthZ.h","/um/AuthZ.h","generation\WinSDK\RecompiledIdlHeaders\um\AuthZ.h"
"um","aux_ulib.h","/um/aux_ulib.h","generation\WinSDK\RecompiledIdlHeaders\um\aux_ulib.h"
"um","AviFmt.h","/um/AviFmt.h","generation\WinSDK\RecompiledIdlHeaders\um\AviFmt.h"
"um","aviriff.h","/um/aviriff.h","generation\WinSDK\RecompiledIdlHeaders\um\aviriff.h"
"um","avrfsdk.h","/um/avrfsdk.h","generation\WinSDK\RecompiledIdlHeaders\um\avrfsdk.h"
"um","avrt.h","/um/avrt.h","generation\WinSDK\RecompiledIdlHeaders\um\avrt.h"
"um","axextendenums.h","/um/axextendenums.h","generation\WinSDK\RecompiledIdlHeaders\um\axextendenums.h"
"um","azroles.h","/um/azroles.h","generation\WinSDK\RecompiledIdlHeaders\um\azroles.h"
"um","baseaudioprocessingobject.h","/um/baseaudioprocessingobject.h","generation\WinSDK\RecompiledIdlHeaders\um\baseaudioprocessingobject.h"
"um","bcp47mrm.h","/um/bcp47mrm.h","generation\WinSDK\RecompiledIdlHeaders\um\bcp47mrm.h"
"um","bdaiface_enums.h","/um/bdaiface_enums.h","generation\WinSDK\RecompiledIdlHeaders\um\bdaiface_enums.h"
"um","bdaiface.h","/um/bdaiface.h","generation\WinSDK\RecompiledIdlHeaders\um\bdaiface.h"
"um","bdatif.h","/um/bdatif.h","generation\WinSDK\RecompiledIdlHeaders\um\bdatif.h"
"um","BiDiSpl.h","/um/BiDiSpl.h","generation\WinSDK\RecompiledIdlHeaders\um\BiDiSpl.h"
"um","bindlink.h","/um/bindlink.h","generation\WinSDK\RecompiledIdlHeaders\um\bindlink.h"
"um","Bits.h","/um/Bits.h","generation\WinSDK\RecompiledIdlHeaders\um\Bits.h"
"um","bits1_5.h","/um/bits1_5.h","generation\WinSDK\RecompiledIdlHeaders\um\bits1_5.h"
"um","bits10_1.h","/um/bits10_1.h","generation\WinSDK\RecompiledIdlHeaders\um\bits10_1.h"
"um","bits10_2.h","/um/bits10_2.h","generation\WinSDK\RecompiledIdlHeaders\um\bits10_2.h"
"um","bits10_3.h","/um/bits10_3.h","generation\WinSDK\RecompiledIdlHeaders\um\bits10_3.h"
"um","bits2_0.h","/um/bits2_0.h","generation\WinSDK\RecompiledIdlHeaders\um\bits2_0.h"
"um","bits2_5.h","/um/bits2_5.h","generation\WinSDK\RecompiledIdlHeaders\um\bits2_5.h"
"um","Bits3_0.h","/um/Bits3_0.h","generation\WinSDK\RecompiledIdlHeaders\um\Bits3_0.h"
"um","bits4_0.h","/um/bits4_0.h","generation\WinSDK\RecompiledIdlHeaders\um\bits4_0.h"
"um","bits5_0.h","/um/bits5_0.h","generation\WinSDK\RecompiledIdlHeaders\um\bits5_0.h"
"um","bitscfg.h","/um/bitscfg.h","generation\WinSDK\RecompiledIdlHeaders\um\bitscfg.h"
"um","BitsMsg.h","/um/BitsMsg.h","generation\WinSDK\RecompiledIdlHeaders\um\BitsMsg.h"
"um","bluetoothapis.h","/um/bluetoothapis.h","generation\WinSDK\RecompiledIdlHeaders\um\bluetoothapis.h"
"um","bluetoothleapis.h","/um/bluetoothleapis.h","generation\WinSDK\RecompiledIdlHeaders\um\bluetoothleapis.h"
"um","bridgedeviceservice.h","/um/bridgedeviceservice.h","generation\WinSDK\RecompiledIdlHeaders\um\bridgedeviceservice.h"
"um","bthledef.h","/um/bthledef.h","generation\WinSDK\RecompiledIdlHeaders\um\bthledef.h"
"um","calendarapis.h","/um/calendarapis.h","generation\WinSDK\RecompiledIdlHeaders\um\calendarapis.h"
"um","calendardeviceservice.h","/um/calendardeviceservice.h","generation\WinSDK\RecompiledIdlHeaders\um\calendardeviceservice.h"
"um","callobj.h","/um/callobj.h","generation\WinSDK\RecompiledIdlHeaders\um\callobj.h"
"um","CameraUIControl.h","/um/CameraUIControl.h","generation\WinSDK\RecompiledIdlHeaders\um\CameraUIControl.h"
"um","capi.h","/um/capi.h","generation\WinSDK\RecompiledIdlHeaders\um\capi.h"
"um","casetup.h","/um/casetup.h","generation\WinSDK\RecompiledIdlHeaders\um\casetup.h"
"um","CastingInterop.h","/um/CastingInterop.h","generation\WinSDK\RecompiledIdlHeaders\um\CastingInterop.h"
"um","ccgplugins.h","/um/ccgplugins.h","generation\WinSDK\RecompiledIdlHeaders\um\ccgplugins.h"
"um","cchannel.h","/um/cchannel.h","generation\WinSDK\RecompiledIdlHeaders\um\cchannel.h"
"um","CDOSys.h","/um/CDOSys.h","generation\WinSDK\RecompiledIdlHeaders\um\CDOSys.h"
"um","CDOSysErr.h","/um/CDOSysErr.h","generation\WinSDK\RecompiledIdlHeaders\um\CDOSysErr.h"
"um","CDOSysStr.h","/um/CDOSysStr.h","generation\WinSDK\RecompiledIdlHeaders\um\CDOSysStr.h"
"um","celib.h","/um/celib.h","generation\WinSDK\RecompiledIdlHeaders\um\celib.h"
"um","cellularapi_oem.h","/um/cellularapi_oem.h","generation\WinSDK\RecompiledIdlHeaders\um\cellularapi_oem.h"
"um","CertAdm.h","/um/CertAdm.h","generation\WinSDK\RecompiledIdlHeaders\um\CertAdm.h"
"um","CertBase.h","/um/CertBase.h","generation\WinSDK\RecompiledIdlHeaders\um\CertBase.h"
"um","CertBCli.h","/um/CertBCli.h","generation\WinSDK\RecompiledIdlHeaders\um\CertBCli.h"
"um","CertCli.h","/um/CertCli.h","generation\WinSDK\RecompiledIdlHeaders\um\CertCli.h"
"um","CertEnc.h","/um/CertEnc.h","generation\WinSDK\RecompiledIdlHeaders\um\CertEnc.h"
"um","certenroll.h","/um/certenroll.h","generation\WinSDK\RecompiledIdlHeaders\um\certenroll.h"
"um","CertExit.h","/um/CertExit.h","generation\WinSDK\RecompiledIdlHeaders\um\CertExit.h"
"um","Certif.h","/um/Certif.h","generation\WinSDK\RecompiledIdlHeaders\um\Certif.h"
"um","CertMod.h","/um/CertMod.h","generation\WinSDK\RecompiledIdlHeaders\um\CertMod.h"
"um","CertPol.h","/um/CertPol.h","generation\WinSDK\RecompiledIdlHeaders\um\CertPol.h"
"um","CertPolEng.h","/um/CertPolEng.h","generation\WinSDK\RecompiledIdlHeaders\um\CertPolEng.h"
"um","certreqd.h","/um/certreqd.h","generation\WinSDK\RecompiledIdlHeaders\um\certreqd.h"
"um","CertSrv.h","/um/CertSrv.h","generation\WinSDK\RecompiledIdlHeaders\um\CertSrv.h"
"um","CertView.h","/um/CertView.h","generation\WinSDK\RecompiledIdlHeaders\um\CertView.h"
"um","cfapi.h","/um/cfapi.h","generation\WinSDK\RecompiledIdlHeaders\um\cfapi.h"
"um","cfgmgr32.h","/um/cfgmgr32.h","generation\WinSDK\RecompiledIdlHeaders\um\cfgmgr32.h"
"um","cguid.h","/um/cguid.h","generation\WinSDK\RecompiledIdlHeaders\um\cguid.h"
"um","chakrart.h","/um/chakrart.h","generation\WinSDK\RecompiledIdlHeaders\um\chakrart.h"
"um","ChPtrArr.h","/um/ChPtrArr.h","generation\WinSDK\RecompiledIdlHeaders\um\ChPtrArr.h"
"um","ChStrArr.h","/um/ChStrArr.h","generation\WinSDK\RecompiledIdlHeaders\um\ChStrArr.h"
"um","ChString.h","/um/ChString.h","generation\WinSDK\RecompiledIdlHeaders\um\ChString.h"
"um","CiError.h","/um/CiError.h","generation\WinSDK\RecompiledIdlHeaders\um\CiError.h"
"um","CimFs.h","/um/CimFs.h","generation\WinSDK\RecompiledIdlHeaders\um\CimFs.h"
"um","clfsmgmt.h","/um/clfsmgmt.h","generation\WinSDK\RecompiledIdlHeaders\um\clfsmgmt.h"
"um","clfsmgmtw32.h","/um/clfsmgmtw32.h","generation\WinSDK\RecompiledIdlHeaders\um\clfsmgmtw32.h"
"um","clfsw32.h","/um/clfsw32.h","generation\WinSDK\RecompiledIdlHeaders\um\clfsw32.h"
"um","cloneviewhelper.h","/um/cloneviewhelper.h","generation\WinSDK\RecompiledIdlHeaders\um\cloneviewhelper.h"
"um","CluAdmEx.h","/um/CluAdmEx.h","generation\WinSDK\RecompiledIdlHeaders\um\CluAdmEx.h"
"um","ClusApi.h","/um/ClusApi.h","generation\WinSDK\RecompiledIdlHeaders\um\ClusApi.h"
"um","cmdtree.h","/um/cmdtree.h","generation\WinSDK\RecompiledIdlHeaders\um\cmdtree.h"
"um","CmnQuery.h","/um/CmnQuery.h","generation\WinSDK\RecompiledIdlHeaders\um\CmnQuery.h"
"um","codecapi.h","/um/codecapi.h","generation\WinSDK\RecompiledIdlHeaders\um\codecapi.h"
"um","coguid.h","/um/coguid.h","generation\WinSDK\RecompiledIdlHeaders\um\coguid.h"
"um","ColorDlg.h","/um/ColorDlg.h","generation\WinSDK\RecompiledIdlHeaders\um\ColorDlg.h"
"um","ComAdmin.h","/um/ComAdmin.h","generation\WinSDK\RecompiledIdlHeaders\um\ComAdmin.h"
"um","combaseapi.h","/um/combaseapi.h","generation\WinSDK\RecompiledIdlHeaders\um\combaseapi.h"
"um","comcat.h","/um/comcat.h","generation\WinSDK\RecompiledIdlHeaders\um\comcat.h"
"um","coml2api.h","/um/coml2api.h","generation\WinSDK\RecompiledIdlHeaders\um\coml2api.h"
"um","comlite.h","/um/comlite.h","generation\WinSDK\RecompiledIdlHeaders\um\comlite.h"
"um","commapi.h","/um/commapi.h","generation\WinSDK\RecompiledIdlHeaders\um\commapi.h"
"um","CommCtrl.h","/um/CommCtrl.h","generation\WinSDK\RecompiledIdlHeaders\um\CommCtrl.h"
"um","commdlg.h","/um/commdlg.h","generation\WinSDK\RecompiledIdlHeaders\um\commdlg.h"
"um","commoncontrols.h","/um/commoncontrols.h","generation\WinSDK\RecompiledIdlHeaders\um\commoncontrols.h"
"um","CompPkgSup.h","/um/CompPkgSup.h","generation\WinSDK\RecompiledIdlHeaders\um\CompPkgSup.h"
"um","compressapi.h","/um/compressapi.h","generation\WinSDK\RecompiledIdlHeaders\um\compressapi.h"
"um","compstui.h","/um/compstui.h","generation\WinSDK\RecompiledIdlHeaders\um\compstui.h"
"um","computecore.h","/um/computecore.h","generation\WinSDK\RecompiledIdlHeaders\um\computecore.h"
"um","computedefs.h","/um/computedefs.h","generation\WinSDK\RecompiledIdlHeaders\um\computedefs.h"
"um","computenetwork.h","/um/computenetwork.h","generation\WinSDK\RecompiledIdlHeaders\um\computenetwork.h"
"um","computestorage.h","/um/computestorage.h","generation\WinSDK\RecompiledIdlHeaders\um\computestorage.h"
"um","ComSvcs.h","/um/ComSvcs.h","generation\WinSDK\RecompiledIdlHeaders\um\ComSvcs.h"
"um","consoleapi.h","/um/consoleapi.h","generation\WinSDK\RecompiledIdlHeaders\um\consoleapi.h"
"um","consoleapi2.h","/um/consoleapi2.h","generation\WinSDK\RecompiledIdlHeaders\um\consoleapi2.h"
"um","consoleapi3.h","/um/consoleapi3.h","generation\WinSDK\RecompiledIdlHeaders\um\consoleapi3.h"
"um","consoleapis.h","/um/consoleapis.h","generation\WinSDK\RecompiledIdlHeaders\um\consoleapis.h"
"um","ContactAggregation.h","/um/ContactAggregation.h","generation\WinSDK\RecompiledIdlHeaders\um\ContactAggregation.h"
"um","contactdeviceservice.h","/um/contactdeviceservice.h","generation\WinSDK\RecompiledIdlHeaders\um\contactdeviceservice.h"
"um","contentpartner.h","/um/contentpartner.h","generation\WinSDK\RecompiledIdlHeaders\um\contentpartner.h"
"um","control.h","/um/control.h","generation\WinSDK\RecompiledIdlHeaders\um\control.h"
"um","cor.h","/um/cor.h","generation\WinSDK\RecompiledIdlHeaders\um\cor.h"
"um","CorError.h","/um/CorError.h","generation\WinSDK\RecompiledIdlHeaders\um\CorError.h"
"um","CorHdr.h","/um/CorHdr.h","generation\WinSDK\RecompiledIdlHeaders\um\CorHdr.h"
"um","corprof.h","/um/corprof.h","generation\WinSDK\RecompiledIdlHeaders\um\corprof.h"
"um","corrEngine.h","/um/corrEngine.h","generation\WinSDK\RecompiledIdlHeaders\um\corrEngine.h"
"um","bcrypt_provider.h","/um/cpdk/bcrypt_provider.h","generation\WinSDK\RecompiledIdlHeaders\um\cpdk\bcrypt_provider.h"
"um","cardmod.h","/um/cpdk/cardmod.h","generation\WinSDK\RecompiledIdlHeaders\um\cpdk\cardmod.h"
"um","cspdk.h","/um/cpdk/cspdk.h","generation\WinSDK\RecompiledIdlHeaders\um\cpdk\cspdk.h"
"um","msclmd.h","/um/cpdk/msclmd.h","generation\WinSDK\RecompiledIdlHeaders\um\cpdk\msclmd.h"
"um","ncrypt_provider.h","/um/cpdk/ncrypt_provider.h","generation\WinSDK\RecompiledIdlHeaders\um\cpdk\ncrypt_provider.h"
"um","sslprovider.h","/um/cpdk/sslprovider.h","generation\WinSDK\RecompiledIdlHeaders\um\cpdk\sslprovider.h"
"um","cper.h","/um/cper.h","generation\WinSDK\RecompiledIdlHeaders\um\cper.h"
"um","cperguid.h","/um/cperguid.h","generation\WinSDK\RecompiledIdlHeaders\um\cperguid.h"
"um","Cpl.h","/um/Cpl.h","generation\WinSDK\RecompiledIdlHeaders\um\Cpl.h"
"um","Cplext.h","/um/Cplext.h","generation\WinSDK\RecompiledIdlHeaders\um\Cplext.h"
"um","credentialprovider.h","/um/credentialprovider.h","generation\WinSDK\RecompiledIdlHeaders\um\credentialprovider.h"
"um","credssp.h","/um/credssp.h","generation\WinSDK\RecompiledIdlHeaders\um\credssp.h"
"um","cryptcat.h","/um/cryptcat.h","generation\WinSDK\RecompiledIdlHeaders\um\cryptcat.h"
"um","cryptdlg.h","/um/cryptdlg.h","generation\WinSDK\RecompiledIdlHeaders\um\cryptdlg.h"
"um","cryptuiapi.h","/um/cryptuiapi.h","generation\WinSDK\RecompiledIdlHeaders\um\cryptuiapi.h"
"um","cryptxml.h","/um/cryptxml.h","generation\WinSDK\RecompiledIdlHeaders\um\cryptxml.h"
"um","cscapi.h","/um/cscapi.h","generation\WinSDK\RecompiledIdlHeaders\um\cscapi.h"
"um","cscobj.h","/um/cscobj.h","generation\WinSDK\RecompiledIdlHeaders\um\cscobj.h"
"um","ctffunc.h","/um/ctffunc.h","generation\WinSDK\RecompiledIdlHeaders\um\ctffunc.h"
"um","ctfspui.h","/um/ctfspui.h","generation\WinSDK\RecompiledIdlHeaders\um\ctfspui.h"
"um","ctfutb.h","/um/ctfutb.h","generation\WinSDK\RecompiledIdlHeaders\um\ctfutb.h"
"um","ctxtcall.h","/um/ctxtcall.h","generation\WinSDK\RecompiledIdlHeaders\um\ctxtcall.h"
"um","CustCntl.h","/um/CustCntl.h","generation\WinSDK\RecompiledIdlHeaders\um\CustCntl.h"
"um","d2d1_1.h","/um/d2d1_1.h","generation\WinSDK\RecompiledIdlHeaders\um\d2d1_1.h"
"um","d2d1_1helper.h","/um/d2d1_1helper.h","generation\WinSDK\RecompiledIdlHeaders\um\d2d1_1helper.h"
"um","d2d1_2.h","/um/d2d1_2.h","generation\WinSDK\RecompiledIdlHeaders\um\d2d1_2.h"
"um","d2d1_2helper.h","/um/d2d1_2helper.h","generation\WinSDK\RecompiledIdlHeaders\um\d2d1_2helper.h"
"um","d2d1_3.h","/um/d2d1_3.h","generation\WinSDK\RecompiledIdlHeaders\um\d2d1_3.h"
"um","d2d1_3helper.h","/um/d2d1_3helper.h","generation\WinSDK\RecompiledIdlHeaders\um\d2d1_3helper.h"
"um","d2d1.h","/um/d2d1.h","generation\WinSDK\RecompiledIdlHeaders\um\d2d1.h"
"um","d2d1effectauthor_1.h","/um/d2d1effectauthor_1.h","generation\WinSDK\RecompiledIdlHeaders\um\d2d1effectauthor_1.h"
"um","d2d1effectauthor.h","/um/d2d1effectauthor.h","generation\WinSDK\RecompiledIdlHeaders\um\d2d1effectauthor.h"
"um","d2d1effecthelpers.h","/um/d2d1effecthelpers.h","generation\WinSDK\RecompiledIdlHeaders\um\d2d1effecthelpers.h"
"um","d2d1effects_1.h","/um/d2d1effects_1.h","generation\WinSDK\RecompiledIdlHeaders\um\d2d1effects_1.h"
"um","d2d1effects_2.h","/um/d2d1effects_2.h","generation\WinSDK\RecompiledIdlHeaders\um\d2d1effects_2.h"
"um","d2d1effects.h","/um/d2d1effects.h","generation\WinSDK\RecompiledIdlHeaders\um\d2d1effects.h"
"um","d2d1helper.h","/um/d2d1helper.h","generation\WinSDK\RecompiledIdlHeaders\um\d2d1helper.h"
"um","d2d1svg.h","/um/d2d1svg.h","generation\WinSDK\RecompiledIdlHeaders\um\d2d1svg.h"
"um","d2dbasetypes.h","/um/d2dbasetypes.h","generation\WinSDK\RecompiledIdlHeaders\um\d2dbasetypes.h"
"um","D2DErr.h","/um/D2DErr.h","generation\WinSDK\RecompiledIdlHeaders\um\D2DErr.h"
"um","d3d.h","/um/d3d.h","generation\WinSDK\RecompiledIdlHeaders\um\d3d.h"
"um","d3d10_1.h","/um/d3d10_1.h","generation\WinSDK\RecompiledIdlHeaders\um\d3d10_1.h"
"um","d3d10_1shader.h","/um/d3d10_1shader.h","generation\WinSDK\RecompiledIdlHeaders\um\d3d10_1shader.h"
"um","d3d10.h","/um/d3d10.h","generation\WinSDK\RecompiledIdlHeaders\um\d3d10.h"
"um","d3d10effect.h","/um/d3d10effect.h","generation\WinSDK\RecompiledIdlHeaders\um\d3d10effect.h"
"um","d3d10misc.h","/um/d3d10misc.h","generation\WinSDK\RecompiledIdlHeaders\um\d3d10misc.h"
"um","d3d10sdklayers.h","/um/d3d10sdklayers.h","generation\WinSDK\RecompiledIdlHeaders\um\d3d10sdklayers.h"
"um","d3d10shader.h","/um/d3d10shader.h","generation\WinSDK\RecompiledIdlHeaders\um\d3d10shader.h"
"um","d3d11_1.h","/um/d3d11_1.h","generation\WinSDK\RecompiledIdlHeaders\um\d3d11_1.h"
"um","d3d11_2.h","/um/d3d11_2.h","generation\WinSDK\RecompiledIdlHeaders\um\d3d11_2.h"
"um","d3d11_3.h","/um/d3d11_3.h","generation\WinSDK\RecompiledIdlHeaders\um\d3d11_3.h"
"um","d3d11_4.h","/um/d3d11_4.h","generation\WinSDK\RecompiledIdlHeaders\um\d3d11_4.h"
"um","d3d11.h","/um/d3d11.h","generation\WinSDK\RecompiledIdlHeaders\um\d3d11.h"
"um","d3d11on12.h","/um/d3d11on12.h","generation\WinSDK\RecompiledIdlHeaders\um\d3d11on12.h"
"um","d3d11sdklayers.h","/um/d3d11sdklayers.h","generation\WinSDK\RecompiledIdlHeaders\um\d3d11sdklayers.h"
"um","d3d11shader.h","/um/d3d11shader.h","generation\WinSDK\RecompiledIdlHeaders\um\d3d11shader.h"
"um","d3d11shadertracing.h","/um/d3d11shadertracing.h","generation\WinSDK\RecompiledIdlHeaders\um\d3d11shadertracing.h"
"um","d3d12.h","/um/d3d12.h","generation\WinSDK\RecompiledIdlHeaders\um\d3d12.h"
"um","d3d12compatibility.h","/um/d3d12compatibility.h","generation\WinSDK\RecompiledIdlHeaders\um\d3d12compatibility.h"
"um","d3d12compiler.h","/um/d3d12compiler.h","generation\WinSDK\RecompiledIdlHeaders\um\d3d12compiler.h"
"um","d3d12sdklayers.h","/um/d3d12sdklayers.h","generation\WinSDK\RecompiledIdlHeaders\um\d3d12sdklayers.h"
"um","d3d12shader.h","/um/d3d12shader.h","generation\WinSDK\RecompiledIdlHeaders\um\d3d12shader.h"
"um","d3d12video.h","/um/d3d12video.h","generation\WinSDK\RecompiledIdlHeaders\um\d3d12video.h"
"um","d3d9helper.h","/um/d3d9helper.h","generation\WinSDK\RecompiledIdlHeaders\um\d3d9helper.h"
"um","d3d9on12.h","/um/d3d9on12.h","generation\WinSDK\RecompiledIdlHeaders\um\d3d9on12.h"
"um","d3dcaps.h","/um/d3dcaps.h","generation\WinSDK\RecompiledIdlHeaders\um\d3dcaps.h"
"um","d3dcommon.h","/um/d3dcommon.h","generation\WinSDK\RecompiledIdlHeaders\um\d3dcommon.h"
"um","d3dcompiler.h","/um/d3dcompiler.h","generation\WinSDK\RecompiledIdlHeaders\um\d3dcompiler.h"
"um","d3dcsx.h","/um/d3dcsx.h","generation\WinSDK\RecompiledIdlHeaders\um\d3dcsx.h"
"um","d3dhal.h","/um/d3dhal.h","generation\WinSDK\RecompiledIdlHeaders\um\d3dhal.h"
"um","d3dhalex.h","/um/d3dhalex.h","generation\WinSDK\RecompiledIdlHeaders\um\d3dhalex.h"
"um","d3dnthal.h","/um/d3dnthal.h","generation\WinSDK\RecompiledIdlHeaders\um\d3dnthal.h"
"um","d3dshadercacheregistration.h","/um/d3dshadercacheregistration.h","generation\WinSDK\RecompiledIdlHeaders\um\d3dshadercacheregistration.h"
"um","d3dtypes.h","/um/d3dtypes.h","generation\WinSDK\RecompiledIdlHeaders\um\d3dtypes.h"
"um","daogetrw.h","/um/daogetrw.h","generation\WinSDK\RecompiledIdlHeaders\um\daogetrw.h"
"um","datetimeapi.h","/um/datetimeapi.h","generation\WinSDK\RecompiledIdlHeaders\um\datetimeapi.h"
"um","davclnt.h","/um/davclnt.h","generation\WinSDK\RecompiledIdlHeaders\um\davclnt.h"
"um","dbdao.h","/um/dbdao.h","generation\WinSDK\RecompiledIdlHeaders\um\dbdao.h"
"um","dbdaoerr.h","/um/dbdaoerr.h","generation\WinSDK\RecompiledIdlHeaders\um\dbdaoerr.h"
"um","dbdaoid.h","/um/dbdaoid.h","generation\WinSDK\RecompiledIdlHeaders\um\dbdaoid.h"
"um","dbdaoint.h","/um/dbdaoint.h","generation\WinSDK\RecompiledIdlHeaders\um\dbdaoint.h"
"um","DbgEng.h","/um/DbgEng.h","generation\WinSDK\RecompiledIdlHeaders\um\DbgEng.h"
"um","DbgHelp.h","/um/DbgHelp.h","generation\WinSDK\RecompiledIdlHeaders\um\DbgHelp.h"
"um","DbgModel.h","/um/DbgModel.h","generation\WinSDK\RecompiledIdlHeaders\um\DbgModel.h"
"um","DbgProp.h","/um/DbgProp.h","generation\WinSDK\RecompiledIdlHeaders\um\DbgProp.h"
"um","dbnetlib.h","/um/dbnetlib.h","generation\WinSDK\RecompiledIdlHeaders\um\dbnetlib.h"
"um","Dbt.h","/um/Dbt.h","generation\WinSDK\RecompiledIdlHeaders\um\Dbt.h"
"um","dciman.h","/um/dciman.h","generation\WinSDK\RecompiledIdlHeaders\um\dciman.h"
"um","dcommon.h","/um/dcommon.h","generation\WinSDK\RecompiledIdlHeaders\um\dcommon.h"
"um","dcomp.h","/um/dcomp.h","generation\WinSDK\RecompiledIdlHeaders\um\dcomp.h"
"um","dcompanimation.h","/um/dcompanimation.h","generation\WinSDK\RecompiledIdlHeaders\um\dcompanimation.h"
"um","dde.h","/um/dde.h","generation\WinSDK\RecompiledIdlHeaders\um\dde.h"
"um","ddeml.h","/um/ddeml.h","generation\WinSDK\RecompiledIdlHeaders\um\ddeml.h"
"um","ddkernel.h","/um/ddkernel.h","generation\WinSDK\RecompiledIdlHeaders\um\ddkernel.h"
"um","ddkmapi.h","/um/ddkmapi.h","generation\WinSDK\RecompiledIdlHeaders\um\ddkmapi.h"
"um","ddpbackup.h","/um/ddpbackup.h","generation\WinSDK\RecompiledIdlHeaders\um\ddpbackup.h"
"um","ddpchunk.h","/um/ddpchunk.h","generation\WinSDK\RecompiledIdlHeaders\um\ddpchunk.h"
"um","ddpcommon.h","/um/ddpcommon.h","generation\WinSDK\RecompiledIdlHeaders\um\ddpcommon.h"
"um","ddpdataport.h","/um/ddpdataport.h","generation\WinSDK\RecompiledIdlHeaders\um\ddpdataport.h"
"um","ddraw.h","/um/ddraw.h","generation\WinSDK\RecompiledIdlHeaders\um\ddraw.h"
"um","ddrawgdi.h","/um/ddrawgdi.h","generation\WinSDK\RecompiledIdlHeaders\um\ddrawgdi.h"
"um","ddrawi.h","/um/ddrawi.h","generation\WinSDK\RecompiledIdlHeaders\um\ddrawi.h"
"um","ddrawint.h","/um/ddrawint.h","generation\WinSDK\RecompiledIdlHeaders\um\ddrawint.h"
"um","ddstream.h","/um/ddstream.h","generation\WinSDK\RecompiledIdlHeaders\um\ddstream.h"
"um","debugapi.h","/um/debugapi.h","generation\WinSDK\RecompiledIdlHeaders\um\debugapi.h"
"um","DefaultBrowserSyncSettings.h","/um/DefaultBrowserSyncSettings.h","generation\WinSDK\RecompiledIdlHeaders\um\DefaultBrowserSyncSettings.h"
"um","delayloadhandler.h","/um/delayloadhandler.h","generation\WinSDK\RecompiledIdlHeaders\um\delayloadhandler.h"
"um","DeleteBrowsingHistory.h","/um/DeleteBrowsingHistory.h","generation\WinSDK\RecompiledIdlHeaders\um\DeleteBrowsingHistory.h"
"um","deliveryoptimization.h","/um/deliveryoptimization.h","generation\WinSDK\RecompiledIdlHeaders\um\deliveryoptimization.h"
"um","deliveryoptimizationerrors.h","/um/deliveryoptimizationerrors.h","generation\WinSDK\RecompiledIdlHeaders\um\deliveryoptimizationerrors.h"
"um","devfiltertypes.h","/um/devfiltertypes.h","generation\WinSDK\RecompiledIdlHeaders\um\devfiltertypes.h"
"um","deviceaccess.h","/um/deviceaccess.h","generation\WinSDK\RecompiledIdlHeaders\um\deviceaccess.h"
"um","DeviceCategories.h","/um/DeviceCategories.h","generation\WinSDK\RecompiledIdlHeaders\um\DeviceCategories.h"
"um","deviceservices.h","/um/deviceservices.h","generation\WinSDK\RecompiledIdlHeaders\um\deviceservices.h"
"um","devicetopology.h","/um/devicetopology.h","generation\WinSDK\RecompiledIdlHeaders\um\devicetopology.h"
"um","devquery.h","/um/devquery.h","generation\WinSDK\RecompiledIdlHeaders\um\devquery.h"
"um","devquerydef.h","/um/devquerydef.h","generation\WinSDK\RecompiledIdlHeaders\um\devquerydef.h"
"um","DhcpCSdk.h","/um/DhcpCSdk.h","generation\WinSDK\RecompiledIdlHeaders\um\DhcpCSdk.h"
"um","dhcpsapi.h","/um/dhcpsapi.h","generation\WinSDK\RecompiledIdlHeaders\um\dhcpsapi.h"
"um","DhcpSSdk.h","/um/DhcpSSdk.h","generation\WinSDK\RecompiledIdlHeaders\um\DhcpSSdk.h"
"um","Dhcpv6cSdk.h","/um/Dhcpv6cSdk.h","generation\WinSDK\RecompiledIdlHeaders\um\Dhcpv6cSdk.h"
"um","DiagnosticDataQuery.h","/um/DiagnosticDataQuery.h","generation\WinSDK\RecompiledIdlHeaders\um\DiagnosticDataQuery.h"
"um","DiagnosticDataQueryTypes.h","/um/DiagnosticDataQueryTypes.h","generation\WinSDK\RecompiledIdlHeaders\um\DiagnosticDataQueryTypes.h"
"um","Digitalv.h","/um/Digitalv.h","generation\WinSDK\RecompiledIdlHeaders\um\Digitalv.h"
"um","Dimm.h","/um/Dimm.h","generation\WinSDK\RecompiledIdlHeaders\um\Dimm.h"
"um","dinput.h","/um/dinput.h","generation\WinSDK\RecompiledIdlHeaders\um\dinput.h"
"um","directmanipulation.h","/um/directmanipulation.h","generation\WinSDK\RecompiledIdlHeaders\um\directmanipulation.h"
"um","DirectML.h","/um/DirectML.h","generation\WinSDK\RecompiledIdlHeaders\um\DirectML.h"
"um","DirectXCollision.h","/um/DirectXCollision.h","generation\WinSDK\RecompiledIdlHeaders\um\DirectXCollision.h"
"um","DirectXColors.h","/um/DirectXColors.h","generation\WinSDK\RecompiledIdlHeaders\um\DirectXColors.h"
"um","DirectXMath.h","/um/DirectXMath.h","generation\WinSDK\RecompiledIdlHeaders\um\DirectXMath.h"
"um","DirectXPackedVector.h","/um/DirectXPackedVector.h","generation\WinSDK\RecompiledIdlHeaders\um\DirectXPackedVector.h"
"um","DispatcherQueue.h","/um/DispatcherQueue.h","generation\WinSDK\RecompiledIdlHeaders\um\DispatcherQueue.h"
"um","DispEx.h","/um/DispEx.h","generation\WinSDK\RecompiledIdlHeaders\um\DispEx.h"
"um","dlgs.h","/um/dlgs.h","generation\WinSDK\RecompiledIdlHeaders\um\dlgs.h"
"um","DLNADeviceInterfaceIds.h","/um/DLNADeviceInterfaceIds.h","generation\WinSDK\RecompiledIdlHeaders\um\DLNADeviceInterfaceIds.h"
"um","DLNAMetadataProviderProperties.h","/um/DLNAMetadataProviderProperties.h","generation\WinSDK\RecompiledIdlHeaders\um\DLNAMetadataProviderProperties.h"
"um","dmemmgr.h","/um/dmemmgr.h","generation\WinSDK\RecompiledIdlHeaders\um\dmemmgr.h"
"um","dmksctrl.h","/um/dmksctrl.h","generation\WinSDK\RecompiledIdlHeaders\um\dmksctrl.h"
"um","dmo.h","/um/dmo.h","generation\WinSDK\RecompiledIdlHeaders\um\dmo.h"
"um","dmodshow.h","/um/dmodshow.h","generation\WinSDK\RecompiledIdlHeaders\um\dmodshow.h"
"um","dmoimpl.h","/um/dmoimpl.h","generation\WinSDK\RecompiledIdlHeaders\um\dmoimpl.h"
"um","dmoreg.h","/um/dmoreg.h","generation\WinSDK\RecompiledIdlHeaders\um\dmoreg.h"
"um","dmort.h","/um/dmort.h","generation\WinSDK\RecompiledIdlHeaders\um\dmort.h"
"um","dmprocessxmlfiltered.h","/um/dmprocessxmlfiltered.h","generation\WinSDK\RecompiledIdlHeaders\um\dmprocessxmlfiltered.h"
"um","dmusicc.h","/um/dmusicc.h","generation\WinSDK\RecompiledIdlHeaders\um\dmusicc.h"
"um","dmusics.h","/um/dmusics.h","generation\WinSDK\RecompiledIdlHeaders\um\dmusics.h"
"um","DocObj.h","/um/DocObj.h","generation\WinSDK\RecompiledIdlHeaders\um\DocObj.h"
"um","DocObjectService.h","/um/DocObjectService.h","generation\WinSDK\RecompiledIdlHeaders\um\DocObjectService.h"
"um","DocumentTarget.h","/um/DocumentTarget.h","generation\WinSDK\RecompiledIdlHeaders\um\DocumentTarget.h"
"um","dot1x.h","/um/dot1x.h","generation\WinSDK\RecompiledIdlHeaders\um\dot1x.h"
"um","DownloadMgr.h","/um/DownloadMgr.h","generation\WinSDK\RecompiledIdlHeaders\um\DownloadMgr.h"
"um","dpa_dsa.h","/um/dpa_dsa.h","generation\WinSDK\RecompiledIdlHeaders\um\dpa_dsa.h"
"um","dpapi.h","/um/dpapi.h","generation\WinSDK\RecompiledIdlHeaders\um\dpapi.h"
"um","dpx.h","/um/dpx.h","generation\WinSDK\RecompiledIdlHeaders\um\dpx.h"
"um","dpx1.h","/um/dpx1.h","generation\WinSDK\RecompiledIdlHeaders\um\dpx1.h"
"um","dragdropinterop.h","/um/dragdropinterop.h","generation\WinSDK\RecompiledIdlHeaders\um\dragdropinterop.h"
"um","drt.h","/um/drt.h","generation\WinSDK\RecompiledIdlHeaders\um\drt.h"
"um","DSAdmin.h","/um/DSAdmin.h","generation\WinSDK\RecompiledIdlHeaders\um\DSAdmin.h"
"um","DSAttrib.h","/um/DSAttrib.h","generation\WinSDK\RecompiledIdlHeaders\um\DSAttrib.h"
"um","DSClient.h","/um/DSClient.h","generation\WinSDK\RecompiledIdlHeaders\um\DSClient.h"
"um","dsconf.h","/um/dsconf.h","generation\WinSDK\RecompiledIdlHeaders\um\dsconf.h"
"um","DsGetDC.h","/um/DsGetDC.h","generation\WinSDK\RecompiledIdlHeaders\um\DsGetDC.h"
"um","dshow.h","/um/dshow.h","generation\WinSDK\RecompiledIdlHeaders\um\dshow.h"
"um","dshowasf.h","/um/dshowasf.h","generation\WinSDK\RecompiledIdlHeaders\um\dshowasf.h"
"um","DskQuota.h","/um/DskQuota.h","generation\WinSDK\RecompiledIdlHeaders\um\DskQuota.h"
"um","dsound.h","/um/dsound.h","generation\WinSDK\RecompiledIdlHeaders\um\dsound.h"
"um","dsparse.h","/um/dsparse.h","generation\WinSDK\RecompiledIdlHeaders\um\dsparse.h"
"um","DSQuery.h","/um/DSQuery.h","generation\WinSDK\RecompiledIdlHeaders\um\DSQuery.h"
"um","DSRole.h","/um/DSRole.h","generation\WinSDK\RecompiledIdlHeaders\um\DSRole.h"
"um","dssec.h","/um/dssec.h","generation\WinSDK\RecompiledIdlHeaders\um\dssec.h"
"um","DtcHelp.h","/um/DtcHelp.h","generation\WinSDK\RecompiledIdlHeaders\um\DtcHelp.h"
"um","dv.h","/um/dv.h","generation\WinSDK\RecompiledIdlHeaders\um\dv.h"
"um","DvbSiParser.h","/um/DvbSiParser.h","generation\WinSDK\RecompiledIdlHeaders\um\DvbSiParser.h"
"um","dvdevcod.h","/um/dvdevcod.h","generation\WinSDK\RecompiledIdlHeaders\um\dvdevcod.h"
"um","dvdmedia.h","/um/dvdmedia.h","generation\WinSDK\RecompiledIdlHeaders\um\dvdmedia.h"
"um","dvp.h","/um/dvp.h","generation\WinSDK\RecompiledIdlHeaders\um\dvp.h"
"um","dwmapi.h","/um/dwmapi.h","generation\WinSDK\RecompiledIdlHeaders\um\dwmapi.h"
"um","dwrite_1.h","/um/dwrite_1.h","generation\WinSDK\RecompiledIdlHeaders\um\dwrite_1.h"
"um","dwrite_2.h","/um/dwrite_2.h","generation\WinSDK\RecompiledIdlHeaders\um\dwrite_2.h"
"um","dwrite_3.h","/um/dwrite_3.h","generation\WinSDK\RecompiledIdlHeaders\um\dwrite_3.h"
"um","dwrite.h","/um/dwrite.h","generation\WinSDK\RecompiledIdlHeaders\um\dwrite.h"
"um","dx95type.h","/um/dx95type.h","generation\WinSDK\RecompiledIdlHeaders\um\dx95type.h"
"um","dxcapi.h","/um/dxcapi.h","generation\WinSDK\RecompiledIdlHeaders\um\dxcapi.h"
"um","dxcore_interface.h","/um/dxcore_interface.h","generation\WinSDK\RecompiledIdlHeaders\um\dxcore_interface.h"
"um","dxcore.h","/um/dxcore.h","generation\WinSDK\RecompiledIdlHeaders\um\dxcore.h"
"um","dxdiag.h","/um/dxdiag.h","generation\WinSDK\RecompiledIdlHeaders\um\dxdiag.h"
"um","dxgiddi.h","/um/dxgiddi.h","generation\WinSDK\RecompiledIdlHeaders\um\dxgiddi.h"
"um","dxgidebug.h","/um/dxgidebug.h","generation\WinSDK\RecompiledIdlHeaders\um\dxgidebug.h"
"um","DXGIMessages.h","/um/DXGIMessages.h","generation\WinSDK\RecompiledIdlHeaders\um\DXGIMessages.h"
"um","dxmini.h","/um/dxmini.h","generation\WinSDK\RecompiledIdlHeaders\um\dxmini.h"
"um","DXProgrammableCapture.h","/um/DXProgrammableCapture.h","generation\WinSDK\RecompiledIdlHeaders\um\DXProgrammableCapture.h"
"um","dxtmpl.h","/um/dxtmpl.h","generation\WinSDK\RecompiledIdlHeaders\um\dxtmpl.h"
"um","dxva.h","/um/dxva.h","generation\WinSDK\RecompiledIdlHeaders\um\dxva.h"
"um","dxva2api.h","/um/dxva2api.h","generation\WinSDK\RecompiledIdlHeaders\um\dxva2api.h"
"um","dxva2swdev.h","/um/dxva2swdev.h","generation\WinSDK\RecompiledIdlHeaders\um\dxva2swdev.h"
"um","dxva2trace.h","/um/dxva2trace.h","generation\WinSDK\RecompiledIdlHeaders\um\dxva2trace.h"
"um","dxva9typ.h","/um/dxva9typ.h","generation\WinSDK\RecompiledIdlHeaders\um\dxva9typ.h"
"um","dxvahd.h","/um/dxvahd.h","generation\WinSDK\RecompiledIdlHeaders\um\dxvahd.h"
"um","EapAuthenticatorActionDefine.h","/um/EapAuthenticatorActionDefine.h","generation\WinSDK\RecompiledIdlHeaders\um\EapAuthenticatorActionDefine.h"
"um","eapauthenticatortypes.h","/um/eapauthenticatortypes.h","generation\WinSDK\RecompiledIdlHeaders\um\eapauthenticatortypes.h"
"um","EapHostError.h","/um/EapHostError.h","generation\WinSDK\RecompiledIdlHeaders\um\EapHostError.h"
"um","eaphostpeerconfigapis.h","/um/eaphostpeerconfigapis.h","generation\WinSDK\RecompiledIdlHeaders\um\eaphostpeerconfigapis.h"
"um","EapHostPeerTypes.h","/um/EapHostPeerTypes.h","generation\WinSDK\RecompiledIdlHeaders\um\EapHostPeerTypes.h"
"um","eapmethodauthenticatorapis.h","/um/eapmethodauthenticatorapis.h","generation\WinSDK\RecompiledIdlHeaders\um\eapmethodauthenticatorapis.h"
"um","eapmethodpeerapis.h","/um/eapmethodpeerapis.h","generation\WinSDK\RecompiledIdlHeaders\um\eapmethodpeerapis.h"
"um","eapmethodtypes.h","/um/eapmethodtypes.h","generation\WinSDK\RecompiledIdlHeaders\um\eapmethodtypes.h"
"um","eappapis.h","/um/eappapis.h","generation\WinSDK\RecompiledIdlHeaders\um\eappapis.h"
"um","eaptypes.h","/um/eaptypes.h","generation\WinSDK\RecompiledIdlHeaders\um\eaptypes.h"
"um","easencryptprov.h","/um/easencryptprov.h","generation\WinSDK\RecompiledIdlHeaders\um\easencryptprov.h"
"um","easregprov.h","/um/easregprov.h","generation\WinSDK\RecompiledIdlHeaders\um\easregprov.h"
"um","edevdefs.h","/um/edevdefs.h","generation\WinSDK\RecompiledIdlHeaders\um\edevdefs.h"
"um","EditionUpgradeHelper.h","/um/EditionUpgradeHelper.h","generation\WinSDK\RecompiledIdlHeaders\um\EditionUpgradeHelper.h"
"um","edpwin32.h","/um/edpwin32.h","generation\WinSDK\RecompiledIdlHeaders\um\edpwin32.h"
"um","effects.h","/um/effects.h","generation\WinSDK\RecompiledIdlHeaders\um\effects.h"
"um","efswrtinterop.h","/um/efswrtinterop.h","generation\WinSDK\RecompiledIdlHeaders\um\efswrtinterop.h"
"um","ehstorapi.h","/um/ehstorapi.h","generation\WinSDK\RecompiledIdlHeaders\um\ehstorapi.h"
"um","ehstorextensions.h","/um/ehstorextensions.h","generation\WinSDK\RecompiledIdlHeaders\um\ehstorextensions.h"
"um","ehstormsg.h","/um/ehstormsg.h","generation\WinSDK\RecompiledIdlHeaders\um\ehstormsg.h"
"um","ElsCore.h","/um/ElsCore.h","generation\WinSDK\RecompiledIdlHeaders\um\ElsCore.h"
"um","ElsSrvc.h","/um/ElsSrvc.h","generation\WinSDK\RecompiledIdlHeaders\um\ElsSrvc.h"
"um","EmptyVC.h","/um/EmptyVC.h","generation\WinSDK\RecompiledIdlHeaders\um\EmptyVC.h"
"um","encdec_enums.h","/um/encdec_enums.h","generation\WinSDK\RecompiledIdlHeaders\um\encdec_enums.h"
"um","encdec.h","/um/encdec.h","generation\WinSDK\RecompiledIdlHeaders\um\encdec.h"
"um","enclaveapi.h","/um/enclaveapi.h","generation\WinSDK\RecompiledIdlHeaders\um\enclaveapi.h"
"um","enclaveium.h","/um/enclaveium.h","generation\WinSDK\RecompiledIdlHeaders\um\enclaveium.h"
"um","endpointvolume.h","/um/endpointvolume.h","generation\WinSDK\RecompiledIdlHeaders\um\endpointvolume.h"
"um","errhandlingapi.h","/um/errhandlingapi.h","generation\WinSDK\RecompiledIdlHeaders\um\errhandlingapi.h"
"um","ErrorRep.h","/um/ErrorRep.h","generation\WinSDK\RecompiledIdlHeaders\um\ErrorRep.h"
"um","errors.h","/um/errors.h","generation\WinSDK\RecompiledIdlHeaders\um\errors.h"
"um","esent.h","/um/esent.h","generation\WinSDK\RecompiledIdlHeaders\um\esent.h"
"um","evalcom2.h","/um/evalcom2.h","generation\WinSDK\RecompiledIdlHeaders\um\evalcom2.h"
"um","evcode.h","/um/evcode.h","generation\WinSDK\RecompiledIdlHeaders\um\evcode.h"
"um","EvColl.h","/um/EvColl.h","generation\WinSDK\RecompiledIdlHeaders\um\EvColl.h"
"um","EventSys.h","/um/EventSys.h","generation\WinSDK\RecompiledIdlHeaders\um\EventSys.h"
"um","evntcons.h","/um/evntcons.h","generation\WinSDK\RecompiledIdlHeaders\um\evntcons.h"
"um","evr.h","/um/evr.h","generation\WinSDK\RecompiledIdlHeaders\um\evr.h"
"um","evr9.h","/um/evr9.h","generation\WinSDK\RecompiledIdlHeaders\um\evr9.h"
"um","ExDisp.h","/um/ExDisp.h","generation\WinSDK\RecompiledIdlHeaders\um\ExDisp.h"
"um","ExDispid.h","/um/ExDispid.h","generation\WinSDK\RecompiledIdlHeaders\um\ExDispid.h"
"um","expandedresources.h","/um/expandedresources.h","generation\WinSDK\RecompiledIdlHeaders\um\expandedresources.h"
"um","ExtensionValidation.h","/um/ExtensionValidation.h","generation\WinSDK\RecompiledIdlHeaders\um\ExtensionValidation.h"
"um","extsfns.h","/um/extsfns.h","generation\WinSDK\RecompiledIdlHeaders\um\extsfns.h"
"um","FaxCom.h","/um/FaxCom.h","generation\WinSDK\RecompiledIdlHeaders\um\FaxCom.h"
"um","FaxComEx.h","/um/FaxComEx.h","generation\WinSDK\RecompiledIdlHeaders\um\FaxComEx.h"
"um","FaxDev.h","/um/FaxDev.h","generation\WinSDK\RecompiledIdlHeaders\um\FaxDev.h"
"um","FaxExt.h","/um/FaxExt.h","generation\WinSDK\RecompiledIdlHeaders\um\FaxExt.h"
"um","FaxMmc.h","/um/FaxMmc.h","generation\WinSDK\RecompiledIdlHeaders\um\FaxMmc.h"
"um","FaxRoute.h","/um/FaxRoute.h","generation\WinSDK\RecompiledIdlHeaders\um\FaxRoute.h"
"um","fci.h","/um/fci.h","generation\WinSDK\RecompiledIdlHeaders\um\fci.h"
"um","fdi_fci_types.h","/um/fdi_fci_types.h","generation\WinSDK\RecompiledIdlHeaders\um\fdi_fci_types.h"
"um","fdi.h","/um/fdi.h","generation\WinSDK\RecompiledIdlHeaders\um\fdi.h"
"um","featurestagingapi.h","/um/featurestagingapi.h","generation\WinSDK\RecompiledIdlHeaders\um\featurestagingapi.h"
"um","FhCfg.h","/um/FhCfg.h","generation\WinSDK\RecompiledIdlHeaders\um\FhCfg.h"
"um","FhErrors.h","/um/FhErrors.h","generation\WinSDK\RecompiledIdlHeaders\um\FhErrors.h"
"um","FhStatus.h","/um/FhStatus.h","generation\WinSDK\RecompiledIdlHeaders\um\FhStatus.h"
"um","FhSvcCtl.h","/um/FhSvcCtl.h","generation\WinSDK\RecompiledIdlHeaders\um\FhSvcCtl.h"
"um","fibersapi.h","/um/fibersapi.h","generation\WinSDK\RecompiledIdlHeaders\um\fibersapi.h"
"um","fileapi.h","/um/fileapi.h","generation\WinSDK\RecompiledIdlHeaders\um\fileapi.h"
"um","fileapifromapp.h","/um/fileapifromapp.h","generation\WinSDK\RecompiledIdlHeaders\um\fileapifromapp.h"
"um","FileHC.h","/um/FileHC.h","generation\WinSDK\RecompiledIdlHeaders\um\FileHC.h"
"um","Filter.h","/um/Filter.h","generation\WinSDK\RecompiledIdlHeaders\um\Filter.h"
"um","filtereg.h","/um/filtereg.h","generation\WinSDK\RecompiledIdlHeaders\um\filtereg.h"
"um","filterpipeline.h","/um/filterpipeline.h","generation\WinSDK\RecompiledIdlHeaders\um\filterpipeline.h"
"um","filterpipelineutil.h","/um/filterpipelineutil.h","generation\WinSDK\RecompiledIdlHeaders\um\filterpipelineutil.h"
"um","Filterr.h","/um/Filterr.h","generation\WinSDK\RecompiledIdlHeaders\um\Filterr.h"
"um","fltdefs.h","/um/fltdefs.h","generation\WinSDK\RecompiledIdlHeaders\um\fltdefs.h"
"um","fltUser.h","/um/fltUser.h","generation\WinSDK\RecompiledIdlHeaders\um\fltUser.h"
"um","fltWinError.h","/um/fltWinError.h","generation\WinSDK\RecompiledIdlHeaders\um\fltWinError.h"
"um","fontsub.h","/um/fontsub.h","generation\WinSDK\RecompiledIdlHeaders\um\fontsub.h"
"um","FrQuery.h","/um/FrQuery.h","generation\WinSDK\RecompiledIdlHeaders\um\FrQuery.h"
"um","fsrm.h","/um/fsrm.h","generation\WinSDK\RecompiledIdlHeaders\um\fsrm.h"
"um","fsrmenums.h","/um/fsrmenums.h","generation\WinSDK\RecompiledIdlHeaders\um\fsrmenums.h"
"um","fsrmerr.h","/um/fsrmerr.h","generation\WinSDK\RecompiledIdlHeaders\um\fsrmerr.h"
"um","fsrmpipeline.h","/um/fsrmpipeline.h","generation\WinSDK\RecompiledIdlHeaders\um\fsrmpipeline.h"
"um","fsrmquota.h","/um/fsrmquota.h","generation\WinSDK\RecompiledIdlHeaders\um\fsrmquota.h"
"um","fsrmreports.h","/um/fsrmreports.h","generation\WinSDK\RecompiledIdlHeaders\um\fsrmreports.h"
"um","fsrmscreen.h","/um/fsrmscreen.h","generation\WinSDK\RecompiledIdlHeaders\um\fsrmscreen.h"
"um","fsrmtlb.h","/um/fsrmtlb.h","generation\WinSDK\RecompiledIdlHeaders\um\fsrmtlb.h"
"um","ftpext.h","/um/ftpext.h","generation\WinSDK\RecompiledIdlHeaders\um\ftpext.h"
"um","fullenumsyncdeviceservice.h","/um/fullenumsyncdeviceservice.h","generation\WinSDK\RecompiledIdlHeaders\um\fullenumsyncdeviceservice.h"
"um","functiondiscovery.h","/um/functiondiscovery.h","generation\WinSDK\RecompiledIdlHeaders\um\functiondiscovery.h"
"um","functiondiscoveryapi.h","/um/functiondiscoveryapi.h","generation\WinSDK\RecompiledIdlHeaders\um\functiondiscoveryapi.h"
"um","functiondiscoverycategories.h","/um/functiondiscoverycategories.h","generation\WinSDK\RecompiledIdlHeaders\um\functiondiscoverycategories.h"
"um","functiondiscoveryconstraints.h","/um/functiondiscoveryconstraints.h","generation\WinSDK\RecompiledIdlHeaders\um\functiondiscoveryconstraints.h"
"um","functiondiscoveryerror.h","/um/functiondiscoveryerror.h","generation\WinSDK\RecompiledIdlHeaders\um\functiondiscoveryerror.h"
"um","functiondiscoverykeys_devpkey.h","/um/functiondiscoverykeys_devpkey.h","generation\WinSDK\RecompiledIdlHeaders\um\functiondiscoverykeys_devpkey.h"
"um","functiondiscoverykeys.h","/um/functiondiscoverykeys.h","generation\WinSDK\RecompiledIdlHeaders\um\functiondiscoverykeys.h"
"um","functiondiscoverynotification.h","/um/functiondiscoverynotification.h","generation\WinSDK\RecompiledIdlHeaders\um\functiondiscoverynotification.h"
"um","functiondiscoveryprovider.h","/um/functiondiscoveryprovider.h","generation\WinSDK\RecompiledIdlHeaders\um\functiondiscoveryprovider.h"
"um","functiondiscoveryproviderhelper.h","/um/functiondiscoveryproviderhelper.h","generation\WinSDK\RecompiledIdlHeaders\um\functiondiscoveryproviderhelper.h"
"um","functiondiscoveryserviceids.h","/um/functiondiscoveryserviceids.h","generation\WinSDK\RecompiledIdlHeaders\um\functiondiscoveryserviceids.h"
"um","FwCommon.h","/um/FwCommon.h","generation\WinSDK\RecompiledIdlHeaders\um\FwCommon.h"
"um","fwpmu.h","/um/fwpmu.h","generation\WinSDK\RecompiledIdlHeaders\um\fwpmu.h"
"um","fwpsu.h","/um/fwpsu.h","generation\WinSDK\RecompiledIdlHeaders\um\fwpsu.h"
"um","fxsutility.h","/um/fxsutility.h","generation\WinSDK\RecompiledIdlHeaders\um\fxsutility.h"
"um","GameInput.h","/um/GameInput.h","generation\WinSDK\RecompiledIdlHeaders\um\GameInput.h"
"um","gameux.h","/um/gameux.h","generation\WinSDK\RecompiledIdlHeaders\um\gameux.h"
"um","gamingdeviceinformation.h","/um/gamingdeviceinformation.h","generation\WinSDK\RecompiledIdlHeaders\um\gamingdeviceinformation.h"
"um","gamingexperience.h","/um/gamingexperience.h","generation\WinSDK\RecompiledIdlHeaders\um\gamingexperience.h"
"um","gamingtcui.h","/um/gamingtcui.h","generation\WinSDK\RecompiledIdlHeaders\um\gamingtcui.h"
"um","gb18030.h","/um/gb18030.h","generation\WinSDK\RecompiledIdlHeaders\um\gb18030.h"
"um","gchost.h","/um/gchost.h","generation\WinSDK\RecompiledIdlHeaders\um\gchost.h"
"um","gdiplus.h","/um/gdiplus.h","generation\WinSDK\RecompiledIdlHeaders\um\gdiplus.h"
"um","gdiplusbase.h","/um/gdiplusbase.h","generation\WinSDK\RecompiledIdlHeaders\um\gdiplusbase.h"
"um","gdiplusbitmap.h","/um/gdiplusbitmap.h","generation\WinSDK\RecompiledIdlHeaders\um\gdiplusbitmap.h"
"um","gdiplusbrush.h","/um/gdiplusbrush.h","generation\WinSDK\RecompiledIdlHeaders\um\gdiplusbrush.h"
"um","gdipluscachedbitmap.h","/um/gdipluscachedbitmap.h","generation\WinSDK\RecompiledIdlHeaders\um\gdipluscachedbitmap.h"
"um","gdipluscolor.h","/um/gdipluscolor.h","generation\WinSDK\RecompiledIdlHeaders\um\gdipluscolor.h"
"um","gdipluscolormatrix.h","/um/gdipluscolormatrix.h","generation\WinSDK\RecompiledIdlHeaders\um\gdipluscolormatrix.h"
"um","gdipluseffects.h","/um/gdipluseffects.h","generation\WinSDK\RecompiledIdlHeaders\um\gdipluseffects.h"
"um","gdiplusenums.h","/um/gdiplusenums.h","generation\WinSDK\RecompiledIdlHeaders\um\gdiplusenums.h"
"um","gdiplusflat.h","/um/gdiplusflat.h","generation\WinSDK\RecompiledIdlHeaders\um\gdiplusflat.h"
"um","gdiplusfont.h","/um/gdiplusfont.h","generation\WinSDK\RecompiledIdlHeaders\um\gdiplusfont.h"
"um","gdiplusfontcollection.h","/um/gdiplusfontcollection.h","generation\WinSDK\RecompiledIdlHeaders\um\gdiplusfontcollection.h"
"um","gdiplusfontfamily.h","/um/gdiplusfontfamily.h","generation\WinSDK\RecompiledIdlHeaders\um\gdiplusfontfamily.h"
"um","gdiplusgpstubs.h","/um/gdiplusgpstubs.h","generation\WinSDK\RecompiledIdlHeaders\um\gdiplusgpstubs.h"
"um","gdiplusgraphics.h","/um/gdiplusgraphics.h","generation\WinSDK\RecompiledIdlHeaders\um\gdiplusgraphics.h"
"um","gdiplusheaders.h","/um/gdiplusheaders.h","generation\WinSDK\RecompiledIdlHeaders\um\gdiplusheaders.h"
"um","gdiplusimageattributes.h","/um/gdiplusimageattributes.h","generation\WinSDK\RecompiledIdlHeaders\um\gdiplusimageattributes.h"
"um","gdiplusimagecodec.h","/um/gdiplusimagecodec.h","generation\WinSDK\RecompiledIdlHeaders\um\gdiplusimagecodec.h"
"um","gdiplusimaging.h","/um/gdiplusimaging.h","generation\WinSDK\RecompiledIdlHeaders\um\gdiplusimaging.h"
"um","gdiplusinit.h","/um/gdiplusinit.h","generation\WinSDK\RecompiledIdlHeaders\um\gdiplusinit.h"
"um","gdipluslinecaps.h","/um/gdipluslinecaps.h","generation\WinSDK\RecompiledIdlHeaders\um\gdipluslinecaps.h"
"um","gdiplusmatrix.h","/um/gdiplusmatrix.h","generation\WinSDK\RecompiledIdlHeaders\um\gdiplusmatrix.h"
"um","gdiplusmem.h","/um/gdiplusmem.h","generation\WinSDK\RecompiledIdlHeaders\um\gdiplusmem.h"
"um","gdiplusmetafile.h","/um/gdiplusmetafile.h","generation\WinSDK\RecompiledIdlHeaders\um\gdiplusmetafile.h"
"um","gdiplusmetaheader.h","/um/gdiplusmetaheader.h","generation\WinSDK\RecompiledIdlHeaders\um\gdiplusmetaheader.h"
"um","gdipluspath.h","/um/gdipluspath.h","generation\WinSDK\RecompiledIdlHeaders\um\gdipluspath.h"
"um","gdipluspen.h","/um/gdipluspen.h","generation\WinSDK\RecompiledIdlHeaders\um\gdipluspen.h"
"um","gdipluspixelformats.h","/um/gdipluspixelformats.h","generation\WinSDK\RecompiledIdlHeaders\um\gdipluspixelformats.h"
"um","gdiplusregion.h","/um/gdiplusregion.h","generation\WinSDK\RecompiledIdlHeaders\um\gdiplusregion.h"
"um","gdiplusstringformat.h","/um/gdiplusstringformat.h","generation\WinSDK\RecompiledIdlHeaders\um\gdiplusstringformat.h"
"um","gdiplustypes.h","/um/gdiplustypes.h","generation\WinSDK\RecompiledIdlHeaders\um\gdiplustypes.h"
"um","GenLex.h","/um/GenLex.h","generation\WinSDK\RecompiledIdlHeaders\um\GenLex.h"
"um","getcurrentpackageinfo3.h","/um/getcurrentpackageinfo3.h","generation\WinSDK\RecompiledIdlHeaders\um\getcurrentpackageinfo3.h"
"um","getprocesshandlefromhwnd.h","/um/getprocesshandlefromhwnd.h","generation\WinSDK\RecompiledIdlHeaders\um\getprocesshandlefromhwnd.h"
"um","GL.h","/um/gl/GL.h","generation\WinSDK\RecompiledIdlHeaders\um\gl\GL.h"
"um","GLU.h","/um/gl/GLU.h","generation\WinSDK\RecompiledIdlHeaders\um\gl\GLU.h"
"um","GPEdit.h","/um/GPEdit.h","generation\WinSDK\RecompiledIdlHeaders\um\GPEdit.h"
"um","GPIOButtonTypes.h","/um/GPIOButtonTypes.h","generation\WinSDK\RecompiledIdlHeaders\um\GPIOButtonTypes.h"
"um","gpmgmt.h","/um/gpmgmt.h","generation\WinSDK\RecompiledIdlHeaders\um\gpmgmt.h"
"um","handleapi.h","/um/handleapi.h","generation\WinSDK\RecompiledIdlHeaders\um\handleapi.h"
"um","heapapi.h","/um/heapapi.h","generation\WinSDK\RecompiledIdlHeaders\um\heapapi.h"
"um","highlevelmonitorconfigurationapi.h","/um/highlevelmonitorconfigurationapi.h","generation\WinSDK\RecompiledIdlHeaders\um\highlevelmonitorconfigurationapi.h"
"um","hintsdeviceservice.h","/um/hintsdeviceservice.h","generation\WinSDK\RecompiledIdlHeaders\um\hintsdeviceservice.h"
"um","HlGuids.h","/um/HlGuids.h","generation\WinSDK\RecompiledIdlHeaders\um\HlGuids.h"
"um","HlIface.h","/um/HlIface.h","generation\WinSDK\RecompiledIdlHeaders\um\HlIface.h"
"um","HLink.h","/um/HLink.h","generation\WinSDK\RecompiledIdlHeaders\um\HLink.h"
"um","HolographicSpaceInterop.h","/um/HolographicSpaceInterop.h","generation\WinSDK\RecompiledIdlHeaders\um\HolographicSpaceInterop.h"
"um","homepagesetting.h","/um/homepagesetting.h","generation\WinSDK\RecompiledIdlHeaders\um\homepagesetting.h"
"um","hrtfapoapi.h","/um/hrtfapoapi.h","generation\WinSDK\RecompiledIdlHeaders\um\hrtfapoapi.h"
"um","htiface.h","/um/htiface.h","generation\WinSDK\RecompiledIdlHeaders\um\htiface.h"
"um","htiframe.h","/um/htiframe.h","generation\WinSDK\RecompiledIdlHeaders\um\htiframe.h"
"um","HtmlHelp.h","/um/HtmlHelp.h","generation\WinSDK\RecompiledIdlHeaders\um\HtmlHelp.h"
"um","http.h","/um/http.h","generation\WinSDK\RecompiledIdlHeaders\um\http.h"
"um","httpcach.h","/um/httpcach.h","generation\WinSDK\RecompiledIdlHeaders\um\httpcach.h"
"um","httpcompression.h","/um/httpcompression.h","generation\WinSDK\RecompiledIdlHeaders\um\httpcompression.h"
"um","HttpExt.h","/um/HttpExt.h","generation\WinSDK\RecompiledIdlHeaders\um\HttpExt.h"
"um","HttpFilt.h","/um/HttpFilt.h","generation\WinSDK\RecompiledIdlHeaders\um\HttpFilt.h"
"um","httprequest.h","/um/httprequest.h","generation\WinSDK\RecompiledIdlHeaders\um\httprequest.h"
"um","httprequestid.h","/um/httprequestid.h","generation\WinSDK\RecompiledIdlHeaders\um\httprequestid.h"
"um","httpserv.h","/um/httpserv.h","generation\WinSDK\RecompiledIdlHeaders\um\httpserv.h"
"um","httptrace.h","/um/httptrace.h","generation\WinSDK\RecompiledIdlHeaders\um\httptrace.h"
"um","hwebcore.h","/um/hwebcore.h","generation\WinSDK\RecompiledIdlHeaders\um\hwebcore.h"
"um","hwreqchkapi.h","/um/hwreqchkapi.h","generation\WinSDK\RecompiledIdlHeaders\um\hwreqchkapi.h"
"um","hxhelppaneproxy.h","/um/hxhelppaneproxy.h","generation\WinSDK\RecompiledIdlHeaders\um\hxhelppaneproxy.h"
"um","hypervdevicevirtualization.h","/um/hypervdevicevirtualization.h","generation\WinSDK\RecompiledIdlHeaders\um\hypervdevicevirtualization.h"
"um","i_cryptasn1tls.h","/um/i_cryptasn1tls.h","generation\WinSDK\RecompiledIdlHeaders\um\i_cryptasn1tls.h"
"um","IAccess.h","/um/IAccess.h","generation\WinSDK\RecompiledIdlHeaders\um\IAccess.h"
"um","Iadmext.h","/um/Iadmext.h","generation\WinSDK\RecompiledIdlHeaders\um\Iadmext.h"
"um","Iadmw.h","/um/Iadmw.h","generation\WinSDK\RecompiledIdlHeaders\um\Iadmw.h"
"um","Iads.h","/um/Iads.h","generation\WinSDK\RecompiledIdlHeaders\um\Iads.h"
"um","icftypes.h","/um/icftypes.h","generation\WinSDK\RecompiledIdlHeaders\um\icftypes.h"
"um","IChannelCredentials.h","/um/IChannelCredentials.h","generation\WinSDK\RecompiledIdlHeaders\um\IChannelCredentials.h"
"um","Icm.h","/um/Icm.h","generation\WinSDK\RecompiledIdlHeaders\um\Icm.h"
"um","IcmpAPI.h","/um/IcmpAPI.h","generation\WinSDK\RecompiledIdlHeaders\um\IcmpAPI.h"
"um","icodecapi.h","/um/icodecapi.h","generation\WinSDK\RecompiledIdlHeaders\um\icodecapi.h"
"um","IContact.h","/um/IContact.h","generation\WinSDK\RecompiledIdlHeaders\um\IContact.h"
"um","IContactProperties.h","/um/IContactProperties.h","generation\WinSDK\RecompiledIdlHeaders\um\IContactProperties.h"
"um","IContentPrefetcherTaskTrigger.h","/um/IContentPrefetcherTaskTrigger.h","generation\WinSDK\RecompiledIdlHeaders\um\IContentPrefetcherTaskTrigger.h"
"um","icrsint.h","/um/icrsint.h","generation\WinSDK\RecompiledIdlHeaders\um\icrsint.h"
"um","icu.h","/um/icu.h","generation\WinSDK\RecompiledIdlHeaders\um\icu.h"
"um","icucommon.h","/um/icucommon.h","generation\WinSDK\RecompiledIdlHeaders\um\icucommon.h"
"um","icui18n.h","/um/icui18n.h","generation\WinSDK\RecompiledIdlHeaders\um\icui18n.h"
"um","icwcfg.h","/um/icwcfg.h","generation\WinSDK\RecompiledIdlHeaders\um\icwcfg.h"
"um","IdentityCommon.h","/um/IdentityCommon.h","generation\WinSDK\RecompiledIdlHeaders\um\IdentityCommon.h"
"um","IdentityProvider.h","/um/IdentityProvider.h","generation\WinSDK\RecompiledIdlHeaders\um\IdentityProvider.h"
"um","IdentityStore.h","/um/IdentityStore.h","generation\WinSDK\RecompiledIdlHeaders\um\IdentityStore.h"
"um","IDispIds.h","/um/IDispIds.h","generation\WinSDK\RecompiledIdlHeaders\um\IDispIds.h"
"um","IDLMULTI.H","/um/IDLMULTI.H","generation\WinSDK\RecompiledIdlHeaders\um\IDLMULTI.H"
"um","IE12Plugin.h","/um/IE12Plugin.h","generation\WinSDK\RecompiledIdlHeaders\um\IE12Plugin.h"
"um","ieautomation.h","/um/ieautomation.h","generation\WinSDK\RecompiledIdlHeaders\um\ieautomation.h"
"um","IEDial.h","/um/IEDial.h","generation\WinSDK\RecompiledIdlHeaders\um\IEDial.h"
"um","IEObj.h","/um/IEObj.h","generation\WinSDK\RecompiledIdlHeaders\um\IEObj.h"
"um","IEPMapi.h","/um/IEPMapi.h","generation\WinSDK\RecompiledIdlHeaders\um\IEPMapi.h"
"um","IEProcess.h","/um/IEProcess.h","generation\WinSDK\RecompiledIdlHeaders\um\IEProcess.h"
"um","iewebdriver.h","/um/iewebdriver.h","generation\WinSDK\RecompiledIdlHeaders\um\iewebdriver.h"
"um","iextag.h","/um/iextag.h","generation\WinSDK\RecompiledIdlHeaders\um\iextag.h"
"um","iiisext.h","/um/iiisext.h","generation\WinSDK\RecompiledIdlHeaders\um\iiisext.h"
"um","IImgCtx.h","/um/IImgCtx.h","generation\WinSDK\RecompiledIdlHeaders\um\IImgCtx.h"
"um","IIScnfg.h","/um/IIScnfg.h","generation\WinSDK\RecompiledIdlHeaders\um\IIScnfg.h"
"um","iisrsta.h","/um/iisrsta.h","generation\WinSDK\RecompiledIdlHeaders\um\iisrsta.h"
"um","iiswebsocket.h","/um/iiswebsocket.h","generation\WinSDK\RecompiledIdlHeaders\um\iiswebsocket.h"
"um","il21dec.h","/um/il21dec.h","generation\WinSDK\RecompiledIdlHeaders\um\il21dec.h"
"um","ImageHlp.h","/um/ImageHlp.h","generation\WinSDK\RecompiledIdlHeaders\um\ImageHlp.h"
"um","ImageTranscode.h","/um/ImageTranscode.h","generation\WinSDK\RecompiledIdlHeaders\um\ImageTranscode.h"
"um","imapi.h","/um/imapi.h","generation\WinSDK\RecompiledIdlHeaders\um\imapi.h"
"um","imapi2.h","/um/imapi2.h","generation\WinSDK\RecompiledIdlHeaders\um\imapi2.h"
"um","imapi2error.h","/um/imapi2error.h","generation\WinSDK\RecompiledIdlHeaders\um\imapi2error.h"
"um","imapi2fs.h","/um/imapi2fs.h","generation\WinSDK\RecompiledIdlHeaders\um\imapi2fs.h"
"um","imapi2fserror.h","/um/imapi2fserror.h","generation\WinSDK\RecompiledIdlHeaders\um\imapi2fserror.h"
"um","imapierror.h","/um/imapierror.h","generation\WinSDK\RecompiledIdlHeaders\um\imapierror.h"
"um","ime_cmodes.h","/um/ime_cmodes.h","generation\WinSDK\RecompiledIdlHeaders\um\ime_cmodes.h"
"um","Ime.h","/um/Ime.h","generation\WinSDK\RecompiledIdlHeaders\um\Ime.h"
"um","imepad.h","/um/imepad.h","generation\WinSDK\RecompiledIdlHeaders\um\imepad.h"
"um","IMessage.h","/um/IMessage.h","generation\WinSDK\RecompiledIdlHeaders\um\IMessage.h"
"um","IMessageDispatcher.h","/um/IMessageDispatcher.h","generation\WinSDK\RecompiledIdlHeaders\um\IMessageDispatcher.h"
"um","imgerror.h","/um/imgerror.h","generation\WinSDK\RecompiledIdlHeaders\um\imgerror.h"
"um","ImgUtil.h","/um/ImgUtil.h","generation\WinSDK\RecompiledIdlHeaders\um\ImgUtil.h"
"um","imm.h","/um/imm.h","generation\WinSDK\RecompiledIdlHeaders\um\imm.h"
"um","immdev.h","/um/immdev.h","generation\WinSDK\RecompiledIdlHeaders\um\immdev.h"
"um","indexsrv.h","/um/indexsrv.h","generation\WinSDK\RecompiledIdlHeaders\um\indexsrv.h"
"um","InetReg.h","/um/InetReg.h","generation\WinSDK\RecompiledIdlHeaders\um\InetReg.h"
"um","InetSDK.h","/um/InetSDK.h","generation\WinSDK\RecompiledIdlHeaders\um\InetSDK.h"
"um","infocard.h","/um/infocard.h","generation\WinSDK\RecompiledIdlHeaders\um\infocard.h"
"um","infotech.h","/um/infotech.h","generation\WinSDK\RecompiledIdlHeaders\um\infotech.h"
"um","inked.h","/um/inked.h","generation\WinSDK\RecompiledIdlHeaders\um\inked.h"
"um","InkPresenterDesktop.h","/um/InkPresenterDesktop.h","generation\WinSDK\RecompiledIdlHeaders\um\InkPresenterDesktop.h"
"um","inkrenderer.h","/um/inkrenderer.h","generation\WinSDK\RecompiledIdlHeaders\um\inkrenderer.h"
"um","InputEventFlags.h","/um/InputEventFlags.h","generation\WinSDK\RecompiledIdlHeaders\um\InputEventFlags.h"
"um","inputpaneinterop.h","/um/inputpaneinterop.h","generation\WinSDK\RecompiledIdlHeaders\um\inputpaneinterop.h"
"um","inputpanelconfiguration.h","/um/inputpanelconfiguration.h","generation\WinSDK\RecompiledIdlHeaders\um\inputpanelconfiguration.h"
"um","InputScope.h","/um/InputScope.h","generation\WinSDK\RecompiledIdlHeaders\um\InputScope.h"
"um","Instance.h","/um/Instance.h","generation\WinSDK\RecompiledIdlHeaders\um\Instance.h"
"um","InteractionContext.h","/um/InteractionContext.h","generation\WinSDK\RecompiledIdlHeaders\um\InteractionContext.h"
"um","interlockedapi.h","/um/interlockedapi.h","generation\WinSDK\RecompiledIdlHeaders\um\interlockedapi.h"
"um","IntShCut.h","/um/IntShCut.h","generation\WinSDK\RecompiledIdlHeaders\um\IntShCut.h"
"um","ioapiset.h","/um/ioapiset.h","generation\WinSDK\RecompiledIdlHeaders\um\ioapiset.h"
"um","ioringapi.h","/um/ioringapi.h","generation\WinSDK\RecompiledIdlHeaders\um\ioringapi.h"
"um","IPExport.h","/um/IPExport.h","generation\WinSDK\RecompiledIdlHeaders\um\IPExport.h"
"um","iphlpapi.h","/um/iphlpapi.h","generation\WinSDK\RecompiledIdlHeaders\um\iphlpapi.h"
"um","Ipinfoid.h","/um/Ipinfoid.h","generation\WinSDK\RecompiledIdlHeaders\um\Ipinfoid.h"
"um","IPTypes.h","/um/IPTypes.h","generation\WinSDK\RecompiledIdlHeaders\um\IPTypes.h"
"um","IpxConst.h","/um/IpxConst.h","generation\WinSDK\RecompiledIdlHeaders\um\IpxConst.h"
"um","Ipxrip.h","/um/Ipxrip.h","generation\WinSDK\RecompiledIdlHeaders\um\Ipxrip.h"
"um","Ipxrtdef.h","/um/Ipxrtdef.h","generation\WinSDK\RecompiledIdlHeaders\um\Ipxrtdef.h"
"um","Ipxsap.h","/um/Ipxsap.h","generation\WinSDK\RecompiledIdlHeaders\um\Ipxsap.h"
"um","Ipxtfflt.h","/um/Ipxtfflt.h","generation\WinSDK\RecompiledIdlHeaders\um\Ipxtfflt.h"
"um","iscsidsc.h","/um/iscsidsc.h","generation\WinSDK\RecompiledIdlHeaders\um\iscsidsc.h"
"um","IsGuids.h","/um/IsGuids.h","generation\WinSDK\RecompiledIdlHeaders\um\IsGuids.h"
"um","IsolatedAppLauncher.h","/um/IsolatedAppLauncher.h","generation\WinSDK\RecompiledIdlHeaders\um\IsolatedAppLauncher.h"
"um","IsolatedWindowsEnvironmentUtils.h","/um/IsolatedWindowsEnvironmentUtils.h","generation\WinSDK\RecompiledIdlHeaders\um\IsolatedWindowsEnvironmentUtils.h"
"um","iswindowarranged.h","/um/iswindowarranged.h","generation\WinSDK\RecompiledIdlHeaders\um\iswindowarranged.h"
"um","ISysmon.h","/um/ISysmon.h","generation\WinSDK\RecompiledIdlHeaders\um\ISysmon.h"
"um","ivalidator.h","/um/ivalidator.h","generation\WinSDK\RecompiledIdlHeaders\um\ivalidator.h"
"um","ivehandler.h","/um/ivehandler.h","generation\WinSDK\RecompiledIdlHeaders\um\ivehandler.h"
"um","Iwamreg.h","/um/Iwamreg.h","generation\WinSDK\RecompiledIdlHeaders\um\Iwamreg.h"
"um","iwscapi.h","/um/iwscapi.h","generation\WinSDK\RecompiledIdlHeaders\um\iwscapi.h"
"um","iwstdec.h","/um/iwstdec.h","generation\WinSDK\RecompiledIdlHeaders\um\iwstdec.h"
"um","jobapi.h","/um/jobapi.h","generation\WinSDK\RecompiledIdlHeaders\um\jobapi.h"
"um","jobapi2.h","/um/jobapi2.h","generation\WinSDK\RecompiledIdlHeaders\um\jobapi2.h"
"um","joystickapi.h","/um/joystickapi.h","generation\WinSDK\RecompiledIdlHeaders\um\joystickapi.h"
"um","jscript9diag.h","/um/jscript9diag.h","generation\WinSDK\RecompiledIdlHeaders\um\jscript9diag.h"
"um","jsrt.h","/um/jsrt.h","generation\WinSDK\RecompiledIdlHeaders\um\jsrt.h"
"um","jsrt9.h","/um/jsrt9.h","generation\WinSDK\RecompiledIdlHeaders\um\jsrt9.h"
"um","kbd.h","/um/kbd.h","generation\WinSDK\RecompiledIdlHeaders\um\kbd.h"
"um","keycredmgr.h","/um/keycredmgr.h","generation\WinSDK\RecompiledIdlHeaders\um\keycredmgr.h"
"um","knownfolderpathscom.h","/um/knownfolderpathscom.h","generation\WinSDK\RecompiledIdlHeaders\um\knownfolderpathscom.h"
"um","KnownFolders.h","/um/KnownFolders.h","generation\WinSDK\RecompiledIdlHeaders\um\KnownFolders.h"
"um","ksopmapi.h","/um/ksopmapi.h","generation\WinSDK\RecompiledIdlHeaders\um\ksopmapi.h"
"um","ktmw32.h","/um/ktmw32.h","generation\WinSDK\RecompiledIdlHeaders\um\ktmw32.h"
"um","l2cmn.h","/um/l2cmn.h","generation\WinSDK\RecompiledIdlHeaders\um\l2cmn.h"
"um","lamparray.h","/um/lamparray.h","generation\WinSDK\RecompiledIdlHeaders\um\lamparray.h"
"um","libloaderapi.h","/um/libloaderapi.h","generation\WinSDK\RecompiledIdlHeaders\um\libloaderapi.h"
"um","libloaderapi2.h","/um/libloaderapi2.h","generation\WinSDK\RecompiledIdlHeaders\um\libloaderapi2.h"
"um","LicenseProtection.h","/um/LicenseProtection.h","generation\WinSDK\RecompiledIdlHeaders\um\LicenseProtection.h"
"um","listeneradapter.h","/um/listeneradapter.h","generation\WinSDK\RecompiledIdlHeaders\um\listeneradapter.h"
"um","LM.h","/um/LM.h","generation\WinSDK\RecompiledIdlHeaders\um\LM.h"
"um","LMaccess.h","/um/LMaccess.h","generation\WinSDK\RecompiledIdlHeaders\um\LMaccess.h"
"um","LMalert.h","/um/LMalert.h","generation\WinSDK\RecompiledIdlHeaders\um\LMalert.h"
"um","LMAPIbuf.h","/um/LMAPIbuf.h","generation\WinSDK\RecompiledIdlHeaders\um\LMAPIbuf.h"
"um","LMat.h","/um/LMat.h","generation\WinSDK\RecompiledIdlHeaders\um\LMat.h"
"um","LMaudit.h","/um/LMaudit.h","generation\WinSDK\RecompiledIdlHeaders\um\LMaudit.h"
"um","LMConfig.h","/um/LMConfig.h","generation\WinSDK\RecompiledIdlHeaders\um\LMConfig.h"
"um","LMDFS.h","/um/LMDFS.h","generation\WinSDK\RecompiledIdlHeaders\um\LMDFS.h"
"um","LMErrlog.h","/um/LMErrlog.h","generation\WinSDK\RecompiledIdlHeaders\um\LMErrlog.h"
"um","LMJoin.h","/um/LMJoin.h","generation\WinSDK\RecompiledIdlHeaders\um\LMJoin.h"
"um","LMMsg.h","/um/LMMsg.h","generation\WinSDK\RecompiledIdlHeaders\um\LMMsg.h"
"um","lmon.h","/um/lmon.h","generation\WinSDK\RecompiledIdlHeaders\um\lmon.h"
"um","LMRemUtl.h","/um/LMRemUtl.h","generation\WinSDK\RecompiledIdlHeaders\um\LMRemUtl.h"
"um","LMRepl.h","/um/LMRepl.h","generation\WinSDK\RecompiledIdlHeaders\um\LMRepl.h"
"um","LMServer.h","/um/LMServer.h","generation\WinSDK\RecompiledIdlHeaders\um\LMServer.h"
"um","LMShare.h","/um/LMShare.h","generation\WinSDK\RecompiledIdlHeaders\um\LMShare.h"
"um","LMSName.h","/um/LMSName.h","generation\WinSDK\RecompiledIdlHeaders\um\LMSName.h"
"um","lmstats.h","/um/lmstats.h","generation\WinSDK\RecompiledIdlHeaders\um\lmstats.h"
"um","LMSvc.h","/um/LMSvc.h","generation\WinSDK\RecompiledIdlHeaders\um\LMSvc.h"
"um","LMUse.h","/um/LMUse.h","generation\WinSDK\RecompiledIdlHeaders\um\LMUse.h"
"um","lmuseflg.h","/um/lmuseflg.h","generation\WinSDK\RecompiledIdlHeaders\um\lmuseflg.h"
"um","lmwksta.h","/um/lmwksta.h","generation\WinSDK\RecompiledIdlHeaders\um\lmwksta.h"
"um","LoadPerf.h","/um/LoadPerf.h","generation\WinSDK\RecompiledIdlHeaders\um\LoadPerf.h"
"um","locationapi.h","/um/locationapi.h","generation\WinSDK\RecompiledIdlHeaders\um\locationapi.h"
"um","lowlevelmonitorconfigurationapi.h","/um/lowlevelmonitorconfigurationapi.h","generation\WinSDK\RecompiledIdlHeaders\um\lowlevelmonitorconfigurationapi.h"
"um","LpmApi.h","/um/LpmApi.h","generation\WinSDK\RecompiledIdlHeaders\um\LpmApi.h"
"um","LsaLookup.h","/um/LsaLookup.h","generation\WinSDK\RecompiledIdlHeaders\um\LsaLookup.h"
"um","lzexpand.h","/um/lzexpand.h","generation\WinSDK\RecompiledIdlHeaders\um\lzexpand.h"
"um","madcapcl.h","/um/madcapcl.h","generation\WinSDK\RecompiledIdlHeaders\um\madcapcl.h"
"um","magnification.h","/um/magnification.h","generation\WinSDK\RecompiledIdlHeaders\um\magnification.h"
"um","MailMsgProps.h","/um/MailMsgProps.h","generation\WinSDK\RecompiledIdlHeaders\um\MailMsgProps.h"
"um","manipulations.h","/um/manipulations.h","generation\WinSDK\RecompiledIdlHeaders\um\manipulations.h"
"um","MAPI.h","/um/MAPI.h","generation\WinSDK\RecompiledIdlHeaders\um\MAPI.h"
"um","MapiUnicodeHelp.h","/um/MapiUnicodeHelp.h","generation\WinSDK\RecompiledIdlHeaders\um\MapiUnicodeHelp.h"
"um","mbnapi.h","/um/mbnapi.h","generation\WinSDK\RecompiledIdlHeaders\um\mbnapi.h"
"um","mciapi.h","/um/mciapi.h","generation\WinSDK\RecompiledIdlHeaders\um\mciapi.h"
"um","MciAvi.h","/um/MciAvi.h","generation\WinSDK\RecompiledIdlHeaders\um\MciAvi.h"
"um","mcx.h","/um/mcx.h","generation\WinSDK\RecompiledIdlHeaders\um\mcx.h"
"um","Mdcommsg.h","/um/Mdcommsg.h","generation\WinSDK\RecompiledIdlHeaders\um\Mdcommsg.h"
"um","Mddefw.h","/um/Mddefw.h","generation\WinSDK\RecompiledIdlHeaders\um\Mddefw.h"
"um","MDhcp.h","/um/MDhcp.h","generation\WinSDK\RecompiledIdlHeaders\um\MDhcp.h"
"um","mdmlocalmanagement.h","/um/mdmlocalmanagement.h","generation\WinSDK\RecompiledIdlHeaders\um\mdmlocalmanagement.h"
"um","MDMRegistration.h","/um/MDMRegistration.h","generation\WinSDK\RecompiledIdlHeaders\um\MDMRegistration.h"
"um","Mdmsg.h","/um/Mdmsg.h","generation\WinSDK\RecompiledIdlHeaders\um\Mdmsg.h"
"um","mediaerr.h","/um/mediaerr.h","generation\WinSDK\RecompiledIdlHeaders\um\mediaerr.h"
"um","mediaobj.h","/um/mediaobj.h","generation\WinSDK\RecompiledIdlHeaders\um\mediaobj.h"
"um","medparam.h","/um/medparam.h","generation\WinSDK\RecompiledIdlHeaders\um\medparam.h"
"um","memoryapi.h","/um/memoryapi.h","generation\WinSDK\RecompiledIdlHeaders\um\memoryapi.h"
"um","menutemplate.h","/um/menutemplate.h","generation\WinSDK\RecompiledIdlHeaders\um\menutemplate.h"
"um","mergemod.h","/um/mergemod.h","generation\WinSDK\RecompiledIdlHeaders\um\mergemod.h"
"um","messagedeviceservice.h","/um/messagedeviceservice.h","generation\WinSDK\RecompiledIdlHeaders\um\messagedeviceservice.h"
"um","metadatadeviceservice.h","/um/metadatadeviceservice.h","generation\WinSDK\RecompiledIdlHeaders\um\metadatadeviceservice.h"
"um","metahost.h","/um/metahost.h","generation\WinSDK\RecompiledIdlHeaders\um\metahost.h"
"um","MethodCo.h","/um/MethodCo.h","generation\WinSDK\RecompiledIdlHeaders\um\MethodCo.h"
"um","mfapi.h","/um/mfapi.h","generation\WinSDK\RecompiledIdlHeaders\um\mfapi.h"
"um","mfcaptureengine.h","/um/mfcaptureengine.h","generation\WinSDK\RecompiledIdlHeaders\um\mfcaptureengine.h"
"um","mfcontentdecryptionmodule.h","/um/mfcontentdecryptionmodule.h","generation\WinSDK\RecompiledIdlHeaders\um\mfcontentdecryptionmodule.h"
"um","mfd3d12.h","/um/mfd3d12.h","generation\WinSDK\RecompiledIdlHeaders\um\mfd3d12.h"
"um","Mferror.h","/um/Mferror.h","generation\WinSDK\RecompiledIdlHeaders\um\Mferror.h"
"um","mfidl.h","/um/mfidl.h","generation\WinSDK\RecompiledIdlHeaders\um\mfidl.h"
"um","mfmediacapture.h","/um/mfmediacapture.h","generation\WinSDK\RecompiledIdlHeaders\um\mfmediacapture.h"
"um","mfmediaengine.h","/um/mfmediaengine.h","generation\WinSDK\RecompiledIdlHeaders\um\mfmediaengine.h"
"um","mfmp2dlna.h","/um/mfmp2dlna.h","generation\WinSDK\RecompiledIdlHeaders\um\mfmp2dlna.h"
"um","mfobjects.h","/um/mfobjects.h","generation\WinSDK\RecompiledIdlHeaders\um\mfobjects.h"
"um","mfplay.h","/um/mfplay.h","generation\WinSDK\RecompiledIdlHeaders\um\mfplay.h"
"um","mfreadwrite.h","/um/mfreadwrite.h","generation\WinSDK\RecompiledIdlHeaders\um\mfreadwrite.h"
"um","mfsharingengine.h","/um/mfsharingengine.h","generation\WinSDK\RecompiledIdlHeaders\um\mfsharingengine.h"
"um","mfspatialaudio.h","/um/mfspatialaudio.h","generation\WinSDK\RecompiledIdlHeaders\um\mfspatialaudio.h"
"um","mftransform.h","/um/mftransform.h","generation\WinSDK\RecompiledIdlHeaders\um\mftransform.h"
"um","mfvirtualcamera.h","/um/mfvirtualcamera.h","generation\WinSDK\RecompiledIdlHeaders\um\mfvirtualcamera.h"
"um","Mgm.h","/um/Mgm.h","generation\WinSDK\RecompiledIdlHeaders\um\Mgm.h"
"um","MgmtAPI.h","/um/MgmtAPI.h","generation\WinSDK\RecompiledIdlHeaders\um\MgmtAPI.h"
"um","mi.h","/um/mi.h","generation\WinSDK\RecompiledIdlHeaders\um\mi.h"
"um","micaut.h","/um/micaut.h","generation\WinSDK\RecompiledIdlHeaders\um\micaut.h"
"um","microsoft.diagnostics.appanalysis.h","/um/microsoft.diagnostics.appanalysis.h","generation\WinSDK\RecompiledIdlHeaders\um\microsoft.diagnostics.appanalysis.h"
"um","Midles.h","/um/Midles.h","generation\WinSDK\RecompiledIdlHeaders\um\Midles.h"
"um","mileffects.h","/um/mileffects.h","generation\WinSDK\RecompiledIdlHeaders\um\mileffects.h"
"um","mimedisp.h","/um/mimedisp.h","generation\WinSDK\RecompiledIdlHeaders\um\mimedisp.h"
"um","MimeInfo.h","/um/MimeInfo.h","generation\WinSDK\RecompiledIdlHeaders\um\MimeInfo.h"
"um","minappmodel.h","/um/minappmodel.h","generation\WinSDK\RecompiledIdlHeaders\um\minappmodel.h"
"um","mindumpdef.h","/um/mindumpdef.h","generation\WinSDK\RecompiledIdlHeaders\um\mindumpdef.h"
"um","minidrv.h","/um/minidrv.h","generation\WinSDK\RecompiledIdlHeaders\um\minidrv.h"
"um","minidumpapiset.h","/um/minidumpapiset.h","generation\WinSDK\RecompiledIdlHeaders\um\minidumpapiset.h"
"um","minschannel.h","/um/minschannel.h","generation\WinSDK\RecompiledIdlHeaders\um\minschannel.h"
"um","minwinbase.h","/um/minwinbase.h","generation\WinSDK\RecompiledIdlHeaders\um\minwinbase.h"
"um","mixerocx.h","/um/mixerocx.h","generation\WinSDK\RecompiledIdlHeaders\um\mixerocx.h"
"um","MLang.h","/um/MLang.h","generation\WinSDK\RecompiledIdlHeaders\um\MLang.h"
"um","MLOperatorAuthor.h","/um/MLOperatorAuthor.h","generation\WinSDK\RecompiledIdlHeaders\um\MLOperatorAuthor.h"
"um","MMC.h","/um/MMC.h","generation\WinSDK\RecompiledIdlHeaders\um\MMC.h"
"um","MMCObj.h","/um/MMCObj.h","generation\WinSDK\RecompiledIdlHeaders\um\MMCObj.h"
"um","mmddk.h","/um/mmddk.h","generation\WinSDK\RecompiledIdlHeaders\um\mmddk.h"
"um","mmdeviceapi.h","/um/mmdeviceapi.h","generation\WinSDK\RecompiledIdlHeaders\um\mmdeviceapi.h"
"um","mmeapi.h","/um/mmeapi.h","generation\WinSDK\RecompiledIdlHeaders\um\mmeapi.h"
"um","mmiscapi.h","/um/mmiscapi.h","generation\WinSDK\RecompiledIdlHeaders\um\mmiscapi.h"
"um","mmiscapi2.h","/um/mmiscapi2.h","generation\WinSDK\RecompiledIdlHeaders\um\mmiscapi2.h"
"um","mmstream.h","/um/mmstream.h","generation\WinSDK\RecompiledIdlHeaders\um\mmstream.h"
"um","mmsyscom.h","/um/mmsyscom.h","generation\WinSDK\RecompiledIdlHeaders\um\mmsyscom.h"
"um","mmsystem.h","/um/mmsystem.h","generation\WinSDK\RecompiledIdlHeaders\um\mmsystem.h"
"um","Mobsync.h","/um/Mobsync.h","generation\WinSDK\RecompiledIdlHeaders\um\Mobsync.h"
"um","mpconfig.h","/um/mpconfig.h","generation\WinSDK\RecompiledIdlHeaders\um\mpconfig.h"
"um","Mpeg2Bits.h","/um/Mpeg2Bits.h","generation\WinSDK\RecompiledIdlHeaders\um\Mpeg2Bits.h"
"um","mpeg2data.h","/um/mpeg2data.h","generation\WinSDK\RecompiledIdlHeaders\um\mpeg2data.h"
"um","Mpeg2Error.h","/um/Mpeg2Error.h","generation\WinSDK\RecompiledIdlHeaders\um\Mpeg2Error.h"
"um","mpeg2psiparser.h","/um/mpeg2psiparser.h","generation\WinSDK\RecompiledIdlHeaders\um\mpeg2psiparser.h"
"um","mpeg2structs.h","/um/mpeg2structs.h","generation\WinSDK\RecompiledIdlHeaders\um\mpeg2structs.h"
"um","MpegType.h","/um/MpegType.h","generation\WinSDK\RecompiledIdlHeaders\um\MpegType.h"
"um","Mprapi.h","/um/Mprapi.h","generation\WinSDK\RecompiledIdlHeaders\um\Mprapi.h"
"um","MprError.h","/um/MprError.h","generation\WinSDK\RecompiledIdlHeaders\um\MprError.h"
"um","Mq.h","/um/Mq.h","generation\WinSDK\RecompiledIdlHeaders\um\Mq.h"
"um","MqOaI.h","/um/MqOaI.h","generation\WinSDK\RecompiledIdlHeaders\um\MqOaI.h"
"um","MrmResourceIndexer.h","/um/MrmResourceIndexer.h","generation\WinSDK\RecompiledIdlHeaders\um\MrmResourceIndexer.h"
"um","MSAAText.h","/um/MSAAText.h","generation\WinSDK\RecompiledIdlHeaders\um\MSAAText.h"
"um","MSAcm.h","/um/MSAcm.h","generation\WinSDK\RecompiledIdlHeaders\um\MSAcm.h"
"um","MSAcmDlg.h","/um/MSAcmDlg.h","generation\WinSDK\RecompiledIdlHeaders\um\MSAcmDlg.h"
"um","msacmdrv.h","/um/msacmdrv.h","generation\WinSDK\RecompiledIdlHeaders\um\msacmdrv.h"
"um","msado15_Backcompat.h","/um/msado15_Backcompat.h","generation\WinSDK\RecompiledIdlHeaders\um\msado15_Backcompat.h"
"um","msado15.h","/um/msado15.h","generation\WinSDK\RecompiledIdlHeaders\um\msado15.h"
"um","MSAJTransport.h","/um/MSAJTransport.h","generation\WinSDK\RecompiledIdlHeaders\um\MSAJTransport.h"
"um","mscat.h","/um/mscat.h","generation\WinSDK\RecompiledIdlHeaders\um\mscat.h"
"um","MSChapp.h","/um/MSChapp.h","generation\WinSDK\RecompiledIdlHeaders\um\MSChapp.h"
"um","MSClus.h","/um/MSClus.h","generation\WinSDK\RecompiledIdlHeaders\um\MSClus.h"
"um","mscoree.h","/um/mscoree.h","generation\WinSDK\RecompiledIdlHeaders\um\mscoree.h"
"um","msctf.h","/um/msctf.h","generation\WinSDK\RecompiledIdlHeaders\um\msctf.h"
"um","MsCtfMonitorApi.h","/um/MsCtfMonitorApi.h","generation\WinSDK\RecompiledIdlHeaders\um\MsCtfMonitorApi.h"
"um","msdadc.h","/um/msdadc.h","generation\WinSDK\RecompiledIdlHeaders\um\msdadc.h"
"um","msdaguid.h","/um/msdaguid.h","generation\WinSDK\RecompiledIdlHeaders\um\msdaguid.h"
"um","msdaora.h","/um/msdaora.h","generation\WinSDK\RecompiledIdlHeaders\um\msdaora.h"
"um","msdaosp.h","/um/msdaosp.h","generation\WinSDK\RecompiledIdlHeaders\um\msdaosp.h"
"um","msdasc.h","/um/msdasc.h","generation\WinSDK\RecompiledIdlHeaders\um\msdasc.h"
"um","msdasql_interfaces.h","/um/msdasql_interfaces.h","generation\WinSDK\RecompiledIdlHeaders\um\msdasql_interfaces.h"
"um","msdasql.h","/um/msdasql.h","generation\WinSDK\RecompiledIdlHeaders\um\msdasql.h"
"um","msdatsrc.h","/um/msdatsrc.h","generation\WinSDK\RecompiledIdlHeaders\um\msdatsrc.h"
"um","msdelta.h","/um/msdelta.h","generation\WinSDK\RecompiledIdlHeaders\um\msdelta.h"
"um","msdrm.h","/um/msdrm.h","generation\WinSDK\RecompiledIdlHeaders\um\msdrm.h"
"um","msdrmdefs.h","/um/msdrmdefs.h","generation\WinSDK\RecompiledIdlHeaders\um\msdrmdefs.h"
"um","msdrmerror.h","/um/msdrmerror.h","generation\WinSDK\RecompiledIdlHeaders\um\msdrmerror.h"
"um","msdrmgetinfo.h","/um/msdrmgetinfo.h","generation\WinSDK\RecompiledIdlHeaders\um\msdrmgetinfo.h"
"um","msdshape.h","/um/msdshape.h","generation\WinSDK\RecompiledIdlHeaders\um\msdshape.h"
"um","msfeeds.h","/um/msfeeds.h","generation\WinSDK\RecompiledIdlHeaders\um\msfeeds.h"
"um","msfeedsid.h","/um/msfeedsid.h","generation\WinSDK\RecompiledIdlHeaders\um\msfeedsid.h"
"um","MsHtmcid.h","/um/MsHtmcid.h","generation\WinSDK\RecompiledIdlHeaders\um\MsHtmcid.h"
"um","MsHtmdid.h","/um/MsHtmdid.h","generation\WinSDK\RecompiledIdlHeaders\um\MsHtmdid.h"
"um","MsHtmHst.h","/um/MsHtmHst.h","generation\WinSDK\RecompiledIdlHeaders\um\MsHtmHst.h"
"um","MsHTML.h","/um/MsHTML.h","generation\WinSDK\RecompiledIdlHeaders\um\MsHTML.h"
"um","Mshtmlc.h","/um/Mshtmlc.h","generation\WinSDK\RecompiledIdlHeaders\um\Mshtmlc.h"
"um","mshtmldiagnostics.h","/um/mshtmldiagnostics.h","generation\WinSDK\RecompiledIdlHeaders\um\mshtmldiagnostics.h"
"um","Msi.h","/um/Msi.h","generation\WinSDK\RecompiledIdlHeaders\um\Msi.h"
"um","MsiDefs.h","/um/MsiDefs.h","generation\WinSDK\RecompiledIdlHeaders\um\MsiDefs.h"
"um","msiehost.h","/um/msiehost.h","generation\WinSDK\RecompiledIdlHeaders\um\msiehost.h"
"um","msiltcfg.h","/um/msiltcfg.h","generation\WinSDK\RecompiledIdlHeaders\um\msiltcfg.h"
"um","msime.h","/um/msime.h","generation\WinSDK\RecompiledIdlHeaders\um\msime.h"
"um","msimeapi.h","/um/msimeapi.h","generation\WinSDK\RecompiledIdlHeaders\um\msimeapi.h"
"um","msinkaut.h","/um/msinkaut.h","generation\WinSDK\RecompiledIdlHeaders\um\msinkaut.h"
"um","msinkaut15.h","/um/msinkaut15.h","generation\WinSDK\RecompiledIdlHeaders\um\msinkaut15.h"
"um","MsiQuery.h","/um/MsiQuery.h","generation\WinSDK\RecompiledIdlHeaders\um\MsiQuery.h"
"um","msoav.h","/um/msoav.h","generation\WinSDK\RecompiledIdlHeaders\um\msoav.h"
"um","msopc.h","/um/msopc.h","generation\WinSDK\RecompiledIdlHeaders\um\msopc.h"
"um","Msp.h","/um/Msp.h","generation\WinSDK\RecompiledIdlHeaders\um\Msp.h"
"um","MspAddr.h","/um/MspAddr.h","generation\WinSDK\RecompiledIdlHeaders\um\MspAddr.h"
"um","MspCall.h","/um/MspCall.h","generation\WinSDK\RecompiledIdlHeaders\um\MspCall.h"
"um","Mspcoll.h","/um/Mspcoll.h","generation\WinSDK\RecompiledIdlHeaders\um\Mspcoll.h"
"um","MspEnum.h","/um/MspEnum.h","generation\WinSDK\RecompiledIdlHeaders\um\MspEnum.h"
"um","Msplog.h","/um/Msplog.h","generation\WinSDK\RecompiledIdlHeaders\um\Msplog.h"
"um","msports.h","/um/msports.h","generation\WinSDK\RecompiledIdlHeaders\um\msports.h"
"um","MSPST.h","/um/MSPST.h","generation\WinSDK\RecompiledIdlHeaders\um\MSPST.h"
"um","MspStrm.h","/um/MspStrm.h","generation\WinSDK\RecompiledIdlHeaders\um\MspStrm.h"
"um","Mspterm.h","/um/Mspterm.h","generation\WinSDK\RecompiledIdlHeaders\um\Mspterm.h"
"um","Mspthrd.h","/um/Mspthrd.h","generation\WinSDK\RecompiledIdlHeaders\um\Mspthrd.h"
"um","Msptrmac.h","/um/Msptrmac.h","generation\WinSDK\RecompiledIdlHeaders\um\Msptrmac.h"
"um","Msptrmar.h","/um/Msptrmar.h","generation\WinSDK\RecompiledIdlHeaders\um\Msptrmar.h"
"um","Msptrmvc.h","/um/Msptrmvc.h","generation\WinSDK\RecompiledIdlHeaders\um\Msptrmvc.h"
"um","Msputils.h","/um/Msputils.h","generation\WinSDK\RecompiledIdlHeaders\um\Msputils.h"
"um","msrdc.h","/um/msrdc.h","generation\WinSDK\RecompiledIdlHeaders\um\msrdc.h"
"um","msremote.h","/um/msremote.h","generation\WinSDK\RecompiledIdlHeaders\um\msremote.h"
"um","mssign.h","/um/mssign.h","generation\WinSDK\RecompiledIdlHeaders\um\mssign.h"
"um","mssip.h","/um/mssip.h","generation\WinSDK\RecompiledIdlHeaders\um\mssip.h"
"um","msstkppg.h","/um/msstkppg.h","generation\WinSDK\RecompiledIdlHeaders\um\msstkppg.h"
"um","MSTask.h","/um/MSTask.h","generation\WinSDK\RecompiledIdlHeaders\um\MSTask.h"
"um","MSTErr.h","/um/MSTErr.h","generation\WinSDK\RecompiledIdlHeaders\um\MSTErr.h"
"um","msvidctl.h","/um/msvidctl.h","generation\WinSDK\RecompiledIdlHeaders\um\msvidctl.h"
"um","mswmdm.h","/um/mswmdm.h","generation\WinSDK\RecompiledIdlHeaders\um\mswmdm.h"
"um","MSWSock.h","/um/MSWSock.h","generation\WinSDK\RecompiledIdlHeaders\um\MSWSock.h"
"um","msxml.h","/um/msxml.h","generation\WinSDK\RecompiledIdlHeaders\um\msxml.h"
"um","MsXml2.h","/um/MsXml2.h","generation\WinSDK\RecompiledIdlHeaders\um\MsXml2.h"
"um","MsXml2DId.h","/um/MsXml2DId.h","generation\WinSDK\RecompiledIdlHeaders\um\MsXml2DId.h"
"um","MsXml6.h","/um/MsXml6.h","generation\WinSDK\RecompiledIdlHeaders\um\MsXml6.h"
"um","msxml6did.h","/um/msxml6did.h","generation\WinSDK\RecompiledIdlHeaders\um\msxml6did.h"
"um","MsXmlDId.h","/um/MsXmlDId.h","generation\WinSDK\RecompiledIdlHeaders\um\MsXmlDId.h"
"um","mtpext.h","/um/mtpext.h","generation\WinSDK\RecompiledIdlHeaders\um\mtpext.h"
"um","MtsAdmin.h","/um/MtsAdmin.h","generation\WinSDK\RecompiledIdlHeaders\um\MtsAdmin.h"
"um","MtsEvents.h","/um/MtsEvents.h","generation\WinSDK\RecompiledIdlHeaders\um\MtsEvents.h"
"um","MtsGrp.h","/um/MtsGrp.h","generation\WinSDK\RecompiledIdlHeaders\um\MtsGrp.h"
"um","Mtx.h","/um/Mtx.h","generation\WinSDK\RecompiledIdlHeaders\um\Mtx.h"
"um","MtxAdmin.h","/um/MtxAdmin.h","generation\WinSDK\RecompiledIdlHeaders\um\MtxAdmin.h"
"um","MtxAttr.h","/um/MtxAttr.h","generation\WinSDK\RecompiledIdlHeaders\um\MtxAttr.h"
"um","Mtxdm.h","/um/Mtxdm.h","generation\WinSDK\RecompiledIdlHeaders\um\Mtxdm.h"
"um","muiload.h","/um/muiload.h","generation\WinSDK\RecompiledIdlHeaders\um\muiload.h"
"um","MultiMon.h","/um/MultiMon.h","generation\WinSDK\RecompiledIdlHeaders\um\MultiMon.h"
"um","mxdc.h","/um/mxdc.h","generation\WinSDK\RecompiledIdlHeaders\um\mxdc.h"
"um","namedpipeapi.h","/um/namedpipeapi.h","generation\WinSDK\RecompiledIdlHeaders\um\namedpipeapi.h"
"um","namespaceapi.h","/um/namespaceapi.h","generation\WinSDK\RecompiledIdlHeaders\um\namespaceapi.h"
"um","napmicrosoftvendorids.h","/um/napmicrosoftvendorids.h","generation\WinSDK\RecompiledIdlHeaders\um\napmicrosoftvendorids.h"
"um","naptypes.h","/um/naptypes.h","generation\WinSDK\RecompiledIdlHeaders\um\naptypes.h"
"um","natupnp.h","/um/natupnp.h","generation\WinSDK\RecompiledIdlHeaders\um\natupnp.h"
"um","nb30.h","/um/nb30.h","generation\WinSDK\RecompiledIdlHeaders\um\nb30.h"
"um","ncrypt.h","/um/ncrypt.h","generation\WinSDK\RecompiledIdlHeaders\um\ncrypt.h"
"um","ncryptprotect.h","/um/ncryptprotect.h","generation\WinSDK\RecompiledIdlHeaders\um\ncryptprotect.h"
"um","ndattrib.h","/um/ndattrib.h","generation\WinSDK\RecompiledIdlHeaders\um\ndattrib.h"
"um","ndfapi.h","/um/ndfapi.h","generation\WinSDK\RecompiledIdlHeaders\um\ndfapi.h"
"um","ndhelper.h","/um/ndhelper.h","generation\WinSDK\RecompiledIdlHeaders\um\ndhelper.h"
"um","ndr64types.h","/um/ndr64types.h","generation\WinSDK\RecompiledIdlHeaders\um\ndr64types.h"
"um","netcfgn.h","/um/netcfgn.h","generation\WinSDK\RecompiledIdlHeaders\um\netcfgn.h"
"um","netcfgx.h","/um/netcfgx.h","generation\WinSDK\RecompiledIdlHeaders\um\netcfgx.h"
"um","NetCon.h","/um/NetCon.h","generation\WinSDK\RecompiledIdlHeaders\um\NetCon.h"
"um","netfw.h","/um/netfw.h","generation\WinSDK\RecompiledIdlHeaders\um\netfw.h"
"um","netlistmgr.h","/um/netlistmgr.h","generation\WinSDK\RecompiledIdlHeaders\um\netlistmgr.h"
"um","netprov.h","/um/netprov.h","generation\WinSDK\RecompiledIdlHeaders\um\netprov.h"
"um","NetSh.h","/um/NetSh.h","generation\WinSDK\RecompiledIdlHeaders\um\NetSh.h"
"um","networkisolation.h","/um/networkisolation.h","generation\WinSDK\RecompiledIdlHeaders\um\networkisolation.h"
"um","NetworkSetup.h","/um/NetworkSetup.h","generation\WinSDK\RecompiledIdlHeaders\um\NetworkSetup.h"
"um","newdev.h","/um/newdev.h","generation\WinSDK\RecompiledIdlHeaders\um\newdev.h"
"um","notesdeviceservice.h","/um/notesdeviceservice.h","generation\WinSDK\RecompiledIdlHeaders\um\notesdeviceservice.h"
"um","NotificationActivationCallback.h","/um/NotificationActivationCallback.h","generation\WinSDK\RecompiledIdlHeaders\um\NotificationActivationCallback.h"
"um","Npapi.h","/um/Npapi.h","generation\WinSDK\RecompiledIdlHeaders\um\Npapi.h"
"um","nsemail.h","/um/nsemail.h","generation\WinSDK\RecompiledIdlHeaders\um\nsemail.h"
"um","nserror.h","/um/nserror.h","generation\WinSDK\RecompiledIdlHeaders\um\nserror.h"
"um","NspAPI.h","/um/NspAPI.h","generation\WinSDK\RecompiledIdlHeaders\um\NspAPI.h"
"um","nspapip.h","/um/nspapip.h","generation\WinSDK\RecompiledIdlHeaders\um\nspapip.h"
"um","nt_vdd.h","/um/nt_vdd.h","generation\WinSDK\RecompiledIdlHeaders\um\nt_vdd.h"
"um","NtDDPSch.h","/um/NtDDPSch.h","generation\WinSDK\RecompiledIdlHeaders\um\NtDDPSch.h"
"um","NtDsAPI.h","/um/NtDsAPI.h","generation\WinSDK\RecompiledIdlHeaders\um\NtDsAPI.h"
"um","NtDsBMsg.h","/um/NtDsBMsg.h","generation\WinSDK\RecompiledIdlHeaders\um\NtDsBMsg.h"
"um","ntenclv.h","/um/ntenclv.h","generation\WinSDK\RecompiledIdlHeaders\um\ntenclv.h"
"um","ntioring_x.h","/um/ntioring_x.h","generation\WinSDK\RecompiledIdlHeaders\um\ntioring_x.h"
"um","NtLdap.h","/um/NtLdap.h","generation\WinSDK\RecompiledIdlHeaders\um\NtLdap.h"
"um","ntlsa.h","/um/ntlsa.h","generation\WinSDK\RecompiledIdlHeaders\um\ntlsa.h"
"um","NTMSAPI.h","/um/NTMSAPI.h","generation\WinSDK\RecompiledIdlHeaders\um\NTMSAPI.h"
"um","NTMSMli.h","/um/NTMSMli.h","generation\WinSDK\RecompiledIdlHeaders\um\NTMSMli.h"
"um","NTQuery.h","/um/NTQuery.h","generation\WinSDK\RecompiledIdlHeaders\um\NTQuery.h"
"um","NTSDExts.h","/um/NTSDExts.h","generation\WinSDK\RecompiledIdlHeaders\um\NTSDExts.h"
"um","NTSecAPI.h","/um/NTSecAPI.h","generation\WinSDK\RecompiledIdlHeaders\um\NTSecAPI.h"
"um","NTSecPKG.h","/um/NTSecPKG.h","generation\WinSDK\RecompiledIdlHeaders\um\NTSecPKG.h"
"um","oaidl.h","/um/oaidl.h","generation\WinSDK\RecompiledIdlHeaders\um\oaidl.h"
"um","objbase.h","/um/objbase.h","generation\WinSDK\RecompiledIdlHeaders\um\objbase.h"
"um","ObjectArray.h","/um/ObjectArray.h","generation\WinSDK\RecompiledIdlHeaders\um\ObjectArray.h"
"um","ObjError.h","/um/ObjError.h","generation\WinSDK\RecompiledIdlHeaders\um\ObjError.h"
"um","ObjIdl.h","/um/ObjIdl.h","generation\WinSDK\RecompiledIdlHeaders\um\ObjIdl.h"
"um","ObjIdlbase.h","/um/ObjIdlbase.h","generation\WinSDK\RecompiledIdlHeaders\um\ObjIdlbase.h"
"um","ObjPath.h","/um/ObjPath.h","generation\WinSDK\RecompiledIdlHeaders\um\ObjPath.h"
"um","ObjSafe.h","/um/ObjSafe.h","generation\WinSDK\RecompiledIdlHeaders\um\ObjSafe.h"
"um","ObjSel.h","/um/ObjSel.h","generation\WinSDK\RecompiledIdlHeaders\um\ObjSel.h"
"um","ocidl.h","/um/ocidl.h","generation\WinSDK\RecompiledIdlHeaders\um\ocidl.h"
"um","ocmm.h","/um/ocmm.h","generation\WinSDK\RecompiledIdlHeaders\um\ocmm.h"
"um","odbcinst.h","/um/odbcinst.h","generation\WinSDK\RecompiledIdlHeaders\um\odbcinst.h"
"um","odbcss.h","/um/odbcss.h","generation\WinSDK\RecompiledIdlHeaders\um\odbcss.h"
"um","oemupgex.h","/um/oemupgex.h","generation\WinSDK\RecompiledIdlHeaders\um\oemupgex.h"
"um","ole.h","/um/ole.h","generation\WinSDK\RecompiledIdlHeaders\um\ole.h"
"um","Ole2.h","/um/Ole2.h","generation\WinSDK\RecompiledIdlHeaders\um\Ole2.h"
"um","Ole2Ver.h","/um/Ole2Ver.h","generation\WinSDK\RecompiledIdlHeaders\um\Ole2Ver.h"
"um","oleacc.h","/um/oleacc.h","generation\WinSDK\RecompiledIdlHeaders\um\oleacc.h"
"um","OleAuto.h","/um/OleAuto.h","generation\WinSDK\RecompiledIdlHeaders\um\OleAuto.h"
"um","OleCtl.h","/um/OleCtl.h","generation\WinSDK\RecompiledIdlHeaders\um\OleCtl.h"
"um","oledb.h","/um/oledb.h","generation\WinSDK\RecompiledIdlHeaders\um\oledb.h"
"um","oledbdep.h","/um/oledbdep.h","generation\WinSDK\RecompiledIdlHeaders\um\oledbdep.h"
"um","oledberr.h","/um/oledberr.h","generation\WinSDK\RecompiledIdlHeaders\um\oledberr.h"
"um","oledbguid.h","/um/oledbguid.h","generation\WinSDK\RecompiledIdlHeaders\um\oledbguid.h"
"um","OleDlg.h","/um/OleDlg.h","generation\WinSDK\RecompiledIdlHeaders\um\OleDlg.h"
"um","oleidl.h","/um/oleidl.h","generation\WinSDK\RecompiledIdlHeaders\um\oleidl.h"
"um","oleTx2xa.h","/um/oleTx2xa.h","generation\WinSDK\RecompiledIdlHeaders\um\oleTx2xa.h"
"um","ondemandconnroutehelper.h","/um/ondemandconnroutehelper.h","generation\WinSDK\RecompiledIdlHeaders\um\ondemandconnroutehelper.h"
"um","oobenotification.h","/um/oobenotification.h","generation\WinSDK\RecompiledIdlHeaders\um\oobenotification.h"
"um","OPathLex.h","/um/OPathLex.h","generation\WinSDK\RecompiledIdlHeaders\um\OPathLex.h"
"um","openservice.h","/um/openservice.h","generation\WinSDK\RecompiledIdlHeaders\um\openservice.h"
"um","opmapi.h","/um/opmapi.h","generation\WinSDK\RecompiledIdlHeaders\um\opmapi.h"
"um","opmxbox.h","/um/opmxbox.h","generation\WinSDK\RecompiledIdlHeaders\um\opmxbox.h"
"um","overridecapabilities.h","/um/overridecapabilities.h","generation\WinSDK\RecompiledIdlHeaders\um\overridecapabilities.h"
"um","p2p.h","/um/p2p.h","generation\WinSDK\RecompiledIdlHeaders\um\p2p.h"
"um","packagevirtualizationcontext.h","/um/packagevirtualizationcontext.h","generation\WinSDK\RecompiledIdlHeaders\um\packagevirtualizationcontext.h"
"um","pacmanclientapi.h","/um/pacmanclientapi.h","generation\WinSDK\RecompiledIdlHeaders\um\pacmanclientapi.h"
"um","parser.h","/um/parser.h","generation\WinSDK\RecompiledIdlHeaders\um\parser.h"
"um","PatchApi.h","/um/PatchApi.h","generation\WinSDK\RecompiledIdlHeaders\um\PatchApi.h"
"um","PatchWiz.h","/um/PatchWiz.h","generation\WinSDK\RecompiledIdlHeaders\um\PatchWiz.h"
"um","PathCch.h","/um/PathCch.h","generation\WinSDK\RecompiledIdlHeaders\um\PathCch.h"
"um","pbdaerrors.h","/um/pbdaerrors.h","generation\WinSDK\RecompiledIdlHeaders\um\pbdaerrors.h"
"um","pchannel.h","/um/pchannel.h","generation\WinSDK\RecompiledIdlHeaders\um\pchannel.h"
"um","Pdh.h","/um/Pdh.h","generation\WinSDK\RecompiledIdlHeaders\um\Pdh.h"
"um","PdhMsg.h","/um/PdhMsg.h","generation\WinSDK\RecompiledIdlHeaders\um\PdhMsg.h"
"um","pdrvver.h","/um/pdrvver.h","generation\WinSDK\RecompiledIdlHeaders\um\pdrvver.h"
"um","PeerDist.h","/um/PeerDist.h","generation\WinSDK\RecompiledIdlHeaders\um\PeerDist.h"
"um","peninputpanel.h","/um/peninputpanel.h","generation\WinSDK\RecompiledIdlHeaders\um\peninputpanel.h"
"um","PerceptionDevice.h","/um/PerceptionDevice.h","generation\WinSDK\RecompiledIdlHeaders\um\PerceptionDevice.h"
"um","PerceptionDeviceCore.h","/um/PerceptionDeviceCore.h","generation\WinSDK\RecompiledIdlHeaders\um\PerceptionDeviceCore.h"
"um","perflib.h","/um/perflib.h","generation\WinSDK\RecompiledIdlHeaders\um\perflib.h"
"um","PerHist.h","/um/PerHist.h","generation\WinSDK\RecompiledIdlHeaders\um\PerHist.h"
"um","persist.h","/um/persist.h","generation\WinSDK\RecompiledIdlHeaders\um\persist.h"
"um","PhotoAcquire.h","/um/PhotoAcquire.h","generation\WinSDK\RecompiledIdlHeaders\um\PhotoAcquire.h"
"um","PhotoAcquireProperties.h","/um/PhotoAcquireProperties.h","generation\WinSDK\RecompiledIdlHeaders\um\PhotoAcquireProperties.h"
"um","physicalmonitorenumerationapi.h","/um/physicalmonitorenumerationapi.h","generation\WinSDK\RecompiledIdlHeaders\um\physicalmonitorenumerationapi.h"
"um","pix_win.h","/um/pix_win.h","generation\WinSDK\RecompiledIdlHeaders\um\pix_win.h"
"um","pix.h","/um/pix.h","generation\WinSDK\RecompiledIdlHeaders\um\pix.h"
"um","pla.h","/um/pla.h","generation\WinSDK\RecompiledIdlHeaders\um\pla.h"
"um","playlist.h","/um/playlist.h","generation\WinSDK\RecompiledIdlHeaders\um\playlist.h"
"um","playsoundapi.h","/um/playsoundapi.h","generation\WinSDK\RecompiledIdlHeaders\um\playsoundapi.h"
"um","playto.h","/um/playto.h","generation\WinSDK\RecompiledIdlHeaders\um\playto.h"
"um","PlayToManagerInterop.h","/um/PlayToManagerInterop.h","generation\WinSDK\RecompiledIdlHeaders\um\PlayToManagerInterop.h"
"um","pluginauthenticator.h","/um/pluginauthenticator.h","generation\WinSDK\RecompiledIdlHeaders\um\pluginauthenticator.h"
"um","PNPXAssoc.h","/um/PNPXAssoc.h","generation\WinSDK\RecompiledIdlHeaders\um\PNPXAssoc.h"
"um","pnrpdef.h","/um/pnrpdef.h","generation\WinSDK\RecompiledIdlHeaders\um\pnrpdef.h"
"um","pnrpns.h","/um/pnrpns.h","generation\WinSDK\RecompiledIdlHeaders\um\pnrpns.h"
"um","Polarity.h","/um/Polarity.h","generation\WinSDK\RecompiledIdlHeaders\um\Polarity.h"
"um","PortableDevice.h","/um/PortableDevice.h","generation\WinSDK\RecompiledIdlHeaders\um\PortableDevice.h"
"um","PortableDeviceApi.h","/um/PortableDeviceApi.h","generation\WinSDK\RecompiledIdlHeaders\um\PortableDeviceApi.h"
"um","PortableDeviceConnectApi.h","/um/PortableDeviceConnectApi.h","generation\WinSDK\RecompiledIdlHeaders\um\PortableDeviceConnectApi.h"
"um","PortableDeviceConnectImports.h","/um/PortableDeviceConnectImports.h","generation\WinSDK\RecompiledIdlHeaders\um\PortableDeviceConnectImports.h"
"um","PortableDeviceTypes.h","/um/PortableDeviceTypes.h","generation\WinSDK\RecompiledIdlHeaders\um\PortableDeviceTypes.h"
"um","powerbase.h","/um/powerbase.h","generation\WinSDK\RecompiledIdlHeaders\um\powerbase.h"
"um","powersetting.h","/um/powersetting.h","generation\WinSDK\RecompiledIdlHeaders\um\powersetting.h"
"um","powrprof.h","/um/powrprof.h","generation\WinSDK\RecompiledIdlHeaders\um\powrprof.h"
"um","prcomoem.h","/um/prcomoem.h","generation\WinSDK\RecompiledIdlHeaders\um\prcomoem.h"
"um","prdrvcom.h","/um/prdrvcom.h","generation\WinSDK\RecompiledIdlHeaders\um\prdrvcom.h"
"um","Presentation.h","/um/Presentation.h","generation\WinSDK\RecompiledIdlHeaders\um\Presentation.h"
"um","PresentationTypes.h","/um/PresentationTypes.h","generation\WinSDK\RecompiledIdlHeaders\um\PresentationTypes.h"
"um","Print3DManagerInterop.h","/um/Print3DManagerInterop.h","generation\WinSDK\RecompiledIdlHeaders\um\Print3DManagerInterop.h"
"um","PrinterExtension.h","/um/PrinterExtension.h","generation\WinSDK\RecompiledIdlHeaders\um\PrinterExtension.h"
"um","PrinterExtensionDispId.h","/um/PrinterExtensionDispId.h","generation\WinSDK\RecompiledIdlHeaders\um\PrinterExtensionDispId.h"
"um","PrintManagerInterop.h","/um/PrintManagerInterop.h","generation\WinSDK\RecompiledIdlHeaders\um\PrintManagerInterop.h"
"um","printoem.h","/um/printoem.h","generation\WinSDK\RecompiledIdlHeaders\um\printoem.h"
"um","PrintPreview.h","/um/PrintPreview.h","generation\WinSDK\RecompiledIdlHeaders\um\PrintPreview.h"
"um","prnasnot.h","/um/prnasnot.h","generation\WinSDK\RecompiledIdlHeaders\um\prnasnot.h"
"um","prnasntp.h","/um/prnasntp.h","generation\WinSDK\RecompiledIdlHeaders\um\prnasntp.h"
"um","prntfont.h","/um/prntfont.h","generation\WinSDK\RecompiledIdlHeaders\um\prntfont.h"
"um","prntvpt.h","/um/prntvpt.h","generation\WinSDK\RecompiledIdlHeaders\um\prntvpt.h"
"um","processenv.h","/um/processenv.h","generation\WinSDK\RecompiledIdlHeaders\um\processenv.h"
"um","ProcessSnapshot.h","/um/ProcessSnapshot.h","generation\WinSDK\RecompiledIdlHeaders\um\ProcessSnapshot.h"
"um","processthreadsapi.h","/um/processthreadsapi.h","generation\WinSDK\RecompiledIdlHeaders\um\processthreadsapi.h"
"um","processtopologyapi.h","/um/processtopologyapi.h","generation\WinSDK\RecompiledIdlHeaders\um\processtopologyapi.h"
"um","profileapi.h","/um/profileapi.h","generation\WinSDK\RecompiledIdlHeaders\um\profileapi.h"
"um","ProfInfo.h","/um/ProfInfo.h","generation\WinSDK\RecompiledIdlHeaders\um\ProfInfo.h"
"um","projectedfslib.h","/um/projectedfslib.h","generation\WinSDK\RecompiledIdlHeaders\um\projectedfslib.h"
"um","ProofOfPossessionCookieInfo.h","/um/ProofOfPossessionCookieInfo.h","generation\WinSDK\RecompiledIdlHeaders\um\ProofOfPossessionCookieInfo.h"
"um","propapi.h","/um/propapi.h","generation\WinSDK\RecompiledIdlHeaders\um\propapi.h"
"um","PropIdl.h","/um/PropIdl.h","generation\WinSDK\RecompiledIdlHeaders\um\PropIdl.h"
"um","PropIdlBase.h","/um/PropIdlBase.h","generation\WinSDK\RecompiledIdlHeaders\um\PropIdlBase.h"
"um","propkey.h","/um/propkey.h","generation\WinSDK\RecompiledIdlHeaders\um\propkey.h"
"um","propkeydef.h","/um/propkeydef.h","generation\WinSDK\RecompiledIdlHeaders\um\propkeydef.h"
"um","propsys.h","/um/propsys.h","generation\WinSDK\RecompiledIdlHeaders\um\propsys.h"
"um","propvarutil.h","/um/propvarutil.h","generation\WinSDK\RecompiledIdlHeaders\um\propvarutil.h"
"um","ProvExce.h","/um/ProvExce.h","generation\WinSDK\RecompiledIdlHeaders\um\ProvExce.h"
"um","Provider.h","/um/Provider.h","generation\WinSDK\RecompiledIdlHeaders\um\Provider.h"
"um","prsht.h","/um/prsht.h","generation\WinSDK\RecompiledIdlHeaders\um\prsht.h"
"um","Psapi.h","/um/Psapi.h","generation\WinSDK\RecompiledIdlHeaders\um\Psapi.h"
"um","platform.h","/um/qcc/platform.h","generation\WinSDK\RecompiledIdlHeaders\um\qcc\platform.h"
"um","mapping.h","/um/qcc/windows/mapping.h","generation\WinSDK\RecompiledIdlHeaders\um\qcc\windows\mapping.h"
"um","platform_types.h","/um/qcc/windows/platform_types.h","generation\WinSDK\RecompiledIdlHeaders\um\qcc\windows\platform_types.h"
"um","qmgr.h","/um/qmgr.h","generation\WinSDK\RecompiledIdlHeaders\um\qmgr.h"
"um","qnetwork.h","/um/qnetwork.h","generation\WinSDK\RecompiledIdlHeaders\um\qnetwork.h"
"um","qos2.h","/um/qos2.h","generation\WinSDK\RecompiledIdlHeaders\um\qos2.h"
"um","QosPol.h","/um/QosPol.h","generation\WinSDK\RecompiledIdlHeaders\um\QosPol.h"
"um","Query.h","/um/Query.h","generation\WinSDK\RecompiledIdlHeaders\um\Query.h"
"um","RadialControllerInterop.h","/um/RadialControllerInterop.h","generation\WinSDK\RecompiledIdlHeaders\um\RadialControllerInterop.h"
"um","RadioMgr.h","/um/RadioMgr.h","generation\WinSDK\RecompiledIdlHeaders\um\RadioMgr.h"
"um","Ras.h","/um/Ras.h","generation\WinSDK\RecompiledIdlHeaders\um\Ras.h"
"um","RasDlg.h","/um/RasDlg.h","generation\WinSDK\RecompiledIdlHeaders\um\RasDlg.h"
"um","Raseapif.h","/um/Raseapif.h","generation\WinSDK\RecompiledIdlHeaders\um\Raseapif.h"
"um","RasError.h","/um/RasError.h","generation\WinSDK\RecompiledIdlHeaders\um\RasError.h"
"um","RassHost.h","/um/RassHost.h","generation\WinSDK\RecompiledIdlHeaders\um\RassHost.h"
"um","Ratings.h","/um/Ratings.h","generation\WinSDK\RecompiledIdlHeaders\um\Ratings.h"
"um","rdpencomapi.h","/um/rdpencomapi.h","generation\WinSDK\RecompiledIdlHeaders\um\rdpencomapi.h"
"um","realtimeapiset.h","/um/realtimeapiset.h","generation\WinSDK\RecompiledIdlHeaders\um\realtimeapiset.h"
"um","reason.h","/um/reason.h","generation\WinSDK\RecompiledIdlHeaders\um\reason.h"
"um","recapis.h","/um/recapis.h","generation\WinSDK\RecompiledIdlHeaders\um\recapis.h"
"um","recdefs.h","/um/recdefs.h","generation\WinSDK\RecompiledIdlHeaders\um\recdefs.h"
"um","Reconcil.h","/um/Reconcil.h","generation\WinSDK\RecompiledIdlHeaders\um\Reconcil.h"
"um","rectypes.h","/um/rectypes.h","generation\WinSDK\RecompiledIdlHeaders\um\rectypes.h"
"um","RefPtrCo.h","/um/RefPtrCo.h","generation\WinSDK\RecompiledIdlHeaders\um\RefPtrCo.h"
"um","regbag.h","/um/regbag.h","generation\WinSDK\RecompiledIdlHeaders\um\regbag.h"
"um","RegStr.h","/um/RegStr.h","generation\WinSDK\RecompiledIdlHeaders\um\RegStr.h"
"um","relogger.h","/um/relogger.h","generation\WinSDK\RecompiledIdlHeaders\um\relogger.h"
"um","remotesystemadditionalinfo.h","/um/remotesystemadditionalinfo.h","generation\WinSDK\RecompiledIdlHeaders\um\remotesystemadditionalinfo.h"
"um","RemoteSystemsInterop.h","/um/RemoteSystemsInterop.h","generation\WinSDK\RecompiledIdlHeaders\um\RemoteSystemsInterop.h"
"um","REND.h","/um/REND.h","generation\WinSDK\RecompiledIdlHeaders\um\REND.h"
"um","rendezvoussession.h","/um/rendezvoussession.h","generation\WinSDK\RecompiledIdlHeaders\um\rendezvoussession.h"
"um","Resapi.h","/um/Resapi.h","generation\WinSDK\RecompiledIdlHeaders\um\Resapi.h"
"um","ResourceIndexer.h","/um/ResourceIndexer.h","generation\WinSDK\RecompiledIdlHeaders\um\ResourceIndexer.h"
"um","RestartManager.h","/um/RestartManager.h","generation\WinSDK\RecompiledIdlHeaders\um\RestartManager.h"
"um","RestrictedErrorInfo.h","/um/RestrictedErrorInfo.h","generation\WinSDK\RecompiledIdlHeaders\um\RestrictedErrorInfo.h"
"um","Richedit.h","/um/Richedit.h","generation\WinSDK\RecompiledIdlHeaders\um\Richedit.h"
"um","RichOle.h","/um/RichOle.h","generation\WinSDK\RecompiledIdlHeaders\um\RichOle.h"
"um","ringtonedeviceservice.h","/um/ringtonedeviceservice.h","generation\WinSDK\RecompiledIdlHeaders\um\ringtonedeviceservice.h"
"um","Routprot.h","/um/Routprot.h","generation\WinSDK\RecompiledIdlHeaders\um\Routprot.h"
"um","rpcnsi.h","/um/rpcnsi.h","generation\WinSDK\RecompiledIdlHeaders\um\rpcnsi.h"
"um","rpcnsip.h","/um/rpcnsip.h","generation\WinSDK\RecompiledIdlHeaders\um\rpcnsip.h"
"um","RpcProxy.h","/um/RpcProxy.h","generation\WinSDK\RecompiledIdlHeaders\um\RpcProxy.h"
"um","rpcssl.h","/um/rpcssl.h","generation\WinSDK\RecompiledIdlHeaders\um\rpcssl.h"
"um","RrasCfg.h","/um/RrasCfg.h","generation\WinSDK\RecompiledIdlHeaders\um\RrasCfg.h"
"um","rtccore.h","/um/rtccore.h","generation\WinSDK\RecompiledIdlHeaders\um\rtccore.h"
"um","rtcerr.h","/um/rtcerr.h","generation\WinSDK\RecompiledIdlHeaders\um\rtcerr.h"
"um","RTInfo.h","/um/RTInfo.h","generation\WinSDK\RecompiledIdlHeaders\um\RTInfo.h"
"um","rtlsupportapi.h","/um/rtlsupportapi.h","generation\WinSDK\RecompiledIdlHeaders\um\rtlsupportapi.h"
"um","RtmV2.h","/um/RtmV2.h","generation\WinSDK\RecompiledIdlHeaders\um\RtmV2.h"
"um","RTSCOM.h","/um/RTSCOM.h","generation\WinSDK\RecompiledIdlHeaders\um\RTSCOM.h"
"um","Rtutils.h","/um/Rtutils.h","generation\WinSDK\RecompiledIdlHeaders\um\Rtutils.h"
"um","RTWorkQ.h","/um/RTWorkQ.h","generation\WinSDK\RecompiledIdlHeaders\um\RTWorkQ.h"
"um","sac.h","/um/sac.h","generation\WinSDK\RecompiledIdlHeaders\um\sac.h"
"um","sapi.h","/um/sapi.h","generation\WinSDK\RecompiledIdlHeaders\um\sapi.h"
"um","sapi51.h","/um/sapi51.h","generation\WinSDK\RecompiledIdlHeaders\um\sapi51.h"
"um","sapi53.h","/um/sapi53.h","generation\WinSDK\RecompiledIdlHeaders\um\sapi53.h"
"um","sapiddk.h","/um/sapiddk.h","generation\WinSDK\RecompiledIdlHeaders\um\sapiddk.h"
"um","sapiddk51.h","/um/sapiddk51.h","generation\WinSDK\RecompiledIdlHeaders\um\sapiddk51.h"
"um","sas.h","/um/sas.h","generation\WinSDK\RecompiledIdlHeaders\um\sas.h"
"um","sbe.h","/um/sbe.h","generation\WinSDK\RecompiledIdlHeaders\um\sbe.h"
"um","sberrors.h","/um/sberrors.h","generation\WinSDK\RecompiledIdlHeaders\um\sberrors.h"
"um","sbtsv.h","/um/sbtsv.h","generation\WinSDK\RecompiledIdlHeaders\um\sbtsv.h"
"um","SCardErr.h","/um/SCardErr.h","generation\WinSDK\RecompiledIdlHeaders\um\SCardErr.h"
"um","scclient.h","/um/scclient.h","generation\WinSDK\RecompiledIdlHeaders\um\scclient.h"
"um","scesvc.h","/um/scesvc.h","generation\WinSDK\RecompiledIdlHeaders\um\scesvc.h"
"um","schannel.h","/um/schannel.h","generation\WinSDK\RecompiledIdlHeaders\um\schannel.h"
"um","Schedule.h","/um/Schedule.h","generation\WinSDK\RecompiledIdlHeaders\um\Schedule.h"
"um","Schemadef.h","/um/Schemadef.h","generation\WinSDK\RecompiledIdlHeaders\um\Schemadef.h"
"um","schnlsp.h","/um/schnlsp.h","generation\WinSDK\RecompiledIdlHeaders\um\schnlsp.h"
"um","ScrnSave.h","/um/ScrnSave.h","generation\WinSDK\RecompiledIdlHeaders\um\ScrnSave.h"
"um","ScrptIDs.h","/um/ScrptIDs.h","generation\WinSDK\RecompiledIdlHeaders\um\ScrptIDs.h"
"um","scserver.h","/um/scserver.h","generation\WinSDK\RecompiledIdlHeaders\um\scserver.h"
"um","sdoias.h","/um/sdoias.h","generation\WinSDK\RecompiledIdlHeaders\um\sdoias.h"
"um","SearchAPI.h","/um/SearchAPI.h","generation\WinSDK\RecompiledIdlHeaders\um\SearchAPI.h"
"um","securityappcontainer.h","/um/securityappcontainer.h","generation\WinSDK\RecompiledIdlHeaders\um\securityappcontainer.h"
"um","securitybaseapi.h","/um/securitybaseapi.h","generation\WinSDK\RecompiledIdlHeaders\um\securitybaseapi.h"
"um","segment.h","/um/segment.h","generation\WinSDK\RecompiledIdlHeaders\um\segment.h"
"um","Sens.h","/um/Sens.h","generation\WinSDK\RecompiledIdlHeaders\um\Sens.h"
"um","SensAPI.h","/um/SensAPI.h","generation\WinSDK\RecompiledIdlHeaders\um\SensAPI.h"
"um","SensEvts.h","/um/SensEvts.h","generation\WinSDK\RecompiledIdlHeaders\um\SensEvts.h"
"um","sensors.h","/um/sensors.h","generation\WinSDK\RecompiledIdlHeaders\um\sensors.h"
"um","SensorsApi.h","/um/SensorsApi.h","generation\WinSDK\RecompiledIdlHeaders\um\SensorsApi.h"
"um","servprov.h","/um/servprov.h","generation\WinSDK\RecompiledIdlHeaders\um\servprov.h"
"um","sessdirpublictypes.h","/um/sessdirpublictypes.h","generation\WinSDK\RecompiledIdlHeaders\um\sessdirpublictypes.h"
"um","SetupAPI.h","/um/SetupAPI.h","generation\WinSDK\RecompiledIdlHeaders\um\SetupAPI.h"
"um","Sfc.h","/um/Sfc.h","generation\WinSDK\RecompiledIdlHeaders\um\Sfc.h"
"um","shappmgr.h","/um/shappmgr.h","generation\WinSDK\RecompiledIdlHeaders\um\shappmgr.h"
"um","sharewindowcommandsourceinterop.h","/um/sharewindowcommandsourceinterop.h","generation\WinSDK\RecompiledIdlHeaders\um\sharewindowcommandsourceinterop.h"
"um","shdeprecated.h","/um/shdeprecated.h","generation\WinSDK\RecompiledIdlHeaders\um\shdeprecated.h"
"um","shdispid.h","/um/shdispid.h","generation\WinSDK\RecompiledIdlHeaders\um\shdispid.h"
"um","shellapi.h","/um/shellapi.h","generation\WinSDK\RecompiledIdlHeaders\um\shellapi.h"
"um","ShellScalingApi.h","/um/ShellScalingApi.h","generation\WinSDK\RecompiledIdlHeaders\um\ShellScalingApi.h"
"um","sherrors.h","/um/sherrors.h","generation\WinSDK\RecompiledIdlHeaders\um\sherrors.h"
"um","shidfact.h","/um/shidfact.h","generation\WinSDK\RecompiledIdlHeaders\um\shidfact.h"
"um","shimgdata.h","/um/shimgdata.h","generation\WinSDK\RecompiledIdlHeaders\um\shimgdata.h"
"um","ShlDisp.h","/um/ShlDisp.h","generation\WinSDK\RecompiledIdlHeaders\um\ShlDisp.h"
"um","ShlGuid.h","/um/ShlGuid.h","generation\WinSDK\RecompiledIdlHeaders\um\ShlGuid.h"
"um","ShlObj_core.h","/um/ShlObj_core.h","generation\WinSDK\RecompiledIdlHeaders\um\ShlObj_core.h"
"um","ShlObj.h","/um/ShlObj.h","generation\WinSDK\RecompiledIdlHeaders\um\ShlObj.h"
"um","Shlwapi.h","/um/Shlwapi.h","generation\WinSDK\RecompiledIdlHeaders\um\Shlwapi.h"
"um","ShObjIdl_core.h","/um/ShObjIdl_core.h","generation\WinSDK\RecompiledIdlHeaders\um\ShObjIdl_core.h"
"um","ShObjIdl.h","/um/ShObjIdl.h","generation\WinSDK\RecompiledIdlHeaders\um\ShObjIdl.h"
"um","shtypes.h","/um/shtypes.h","generation\WinSDK\RecompiledIdlHeaders\um\shtypes.h"
"um","simpdata.h","/um/simpdata.h","generation\WinSDK\RecompiledIdlHeaders\um\simpdata.h"
"um","SipBase.h","/um/SipBase.h","generation\WinSDK\RecompiledIdlHeaders\um\SipBase.h"
"um","slerror.h","/um/slerror.h","generation\WinSDK\RecompiledIdlHeaders\um\slerror.h"
"um","sliddefs.h","/um/sliddefs.h","generation\WinSDK\RecompiledIdlHeaders\um\sliddefs.h"
"um","slpublic.h","/um/slpublic.h","generation\WinSDK\RecompiledIdlHeaders\um\slpublic.h"
"um","smbclnt.h","/um/smbclnt.h","generation\WinSDK\RecompiledIdlHeaders\um\smbclnt.h"
"um","SmtpGuid.h","/um/SmtpGuid.h","generation\WinSDK\RecompiledIdlHeaders\um\SmtpGuid.h"
"um","Snmp.h","/um/Snmp.h","generation\WinSDK\RecompiledIdlHeaders\um\Snmp.h"
"um","socketapi.h","/um/socketapi.h","generation\WinSDK\RecompiledIdlHeaders\um\socketapi.h"
"um","softintrin.h","/um/softintrin.h","generation\WinSDK\RecompiledIdlHeaders\um\softintrin.h"
"um","SoftPub.h","/um/SoftPub.h","generation\WinSDK\RecompiledIdlHeaders\um\SoftPub.h"
"um","spapidef.h","/um/spapidef.h","generation\WinSDK\RecompiledIdlHeaders\um\spapidef.h"
"um","SpatialAudioClient.h","/um/SpatialAudioClient.h","generation\WinSDK\RecompiledIdlHeaders\um\SpatialAudioClient.h"
"um","SpatialAudioHrtf.h","/um/SpatialAudioHrtf.h","generation\WinSDK\RecompiledIdlHeaders\um\SpatialAudioHrtf.h"
"um","SpatialAudioMetadata.h","/um/SpatialAudioMetadata.h","generation\WinSDK\RecompiledIdlHeaders\um\SpatialAudioMetadata.h"
"um","SpatialInteractionManagerInterop.h","/um/SpatialInteractionManagerInterop.h","generation\WinSDK\RecompiledIdlHeaders\um\SpatialInteractionManagerInterop.h"
"um","spcollec.h","/um/spcollec.h","generation\WinSDK\RecompiledIdlHeaders\um\spcollec.h"
"um","spddkhlp.h","/um/spddkhlp.h","generation\WinSDK\RecompiledIdlHeaders\um\spddkhlp.h"
"um","spellcheck.h","/um/spellcheck.h","generation\WinSDK\RecompiledIdlHeaders\um\spellcheck.h"
"um","spellcheckprovider.h","/um/spellcheckprovider.h","generation\WinSDK\RecompiledIdlHeaders\um\spellcheckprovider.h"
"um","sperror.h","/um/sperror.h","generation\WinSDK\RecompiledIdlHeaders\um\sperror.h"
"um","speventq.h","/um/speventq.h","generation\WinSDK\RecompiledIdlHeaders\um\speventq.h"
"um","sphelper.h","/um/sphelper.h","generation\WinSDK\RecompiledIdlHeaders\um\sphelper.h"
"um","SpOrder.h","/um/SpOrder.h","generation\WinSDK\RecompiledIdlHeaders\um\SpOrder.h"
"um","spuihelp.h","/um/spuihelp.h","generation\WinSDK\RecompiledIdlHeaders\um\spuihelp.h"
"um","Sql_1.h","/um/Sql_1.h","generation\WinSDK\RecompiledIdlHeaders\um\Sql_1.h"
"um","sql.h","/um/sql.h","generation\WinSDK\RecompiledIdlHeaders\um\sql.h"
"um","sqlext.h","/um/sqlext.h","generation\WinSDK\RecompiledIdlHeaders\um\sqlext.h"
"um","sqloledb.h","/um/sqloledb.h","generation\WinSDK\RecompiledIdlHeaders\um\sqloledb.h"
"um","sqlspi.h","/um/sqlspi.h","generation\WinSDK\RecompiledIdlHeaders\um\sqlspi.h"
"um","sqltypes.h","/um/sqltypes.h","generation\WinSDK\RecompiledIdlHeaders\um\sqltypes.h"
"um","sqlucode.h","/um/sqlucode.h","generation\WinSDK\RecompiledIdlHeaders\um\sqlucode.h"
"um","srpapi.h","/um/srpapi.h","generation\WinSDK\RecompiledIdlHeaders\um\srpapi.h"
"um","SrRestorePtApi.h","/um/SrRestorePtApi.h","generation\WinSDK\RecompiledIdlHeaders\um\SrRestorePtApi.h"
"um","statehelpers.h","/um/statehelpers.h","generation\WinSDK\RecompiledIdlHeaders\um\statehelpers.h"
"um","statusdeviceservice.h","/um/statusdeviceservice.h","generation\WinSDK\RecompiledIdlHeaders\um\statusdeviceservice.h"
"um","StgProp.h","/um/StgProp.h","generation\WinSDK\RecompiledIdlHeaders\um\StgProp.h"
"um","Sti.h","/um/Sti.h","generation\WinSDK\RecompiledIdlHeaders\um\Sti.h"
"um","stierr.h","/um/stierr.h","generation\WinSDK\RecompiledIdlHeaders\um\stierr.h"
"um","stireg.h","/um/stireg.h","generation\WinSDK\RecompiledIdlHeaders\um\stireg.h"
"um","stiusd.h","/um/stiusd.h","generation\WinSDK\RecompiledIdlHeaders\um\stiusd.h"
"um","StlLock.h","/um/StlLock.h","generation\WinSDK\RecompiledIdlHeaders\um\StlLock.h"
"um","Stm.h","/um/Stm.h","generation\WinSDK\RecompiledIdlHeaders\um\Stm.h"
"um","StorageProvider.h","/um/StorageProvider.h","generation\WinSDK\RecompiledIdlHeaders\um\StorageProvider.h"
"um","storprop.h","/um/storprop.h","generation\WinSDK\RecompiledIdlHeaders\um\storprop.h"
"um","stringapiset.h","/um/stringapiset.h","generation\WinSDK\RecompiledIdlHeaders\um\stringapiset.h"
"um","strmif.h","/um/strmif.h","generation\WinSDK\RecompiledIdlHeaders\um\strmif.h"
"um","structuredquery.h","/um/structuredquery.h","generation\WinSDK\RecompiledIdlHeaders\um\structuredquery.h"
"um","StructuredQueryCondition.h","/um/StructuredQueryCondition.h","generation\WinSDK\RecompiledIdlHeaders\um\StructuredQueryCondition.h"
"um","SubAuth.h","/um/SubAuth.h","generation\WinSDK\RecompiledIdlHeaders\um\SubAuth.h"
"um","subscriptionservices.h","/um/subscriptionservices.h","generation\WinSDK\RecompiledIdlHeaders\um\subscriptionservices.h"
"um","SubsMgr.h","/um/SubsMgr.h","generation\WinSDK\RecompiledIdlHeaders\um\SubsMgr.h"
"um","SvcGuid.h","/um/SvcGuid.h","generation\WinSDK\RecompiledIdlHeaders\um\SvcGuid.h"
"um","swdevice.h","/um/swdevice.h","generation\WinSDK\RecompiledIdlHeaders\um\swdevice.h"
"um","swdevicedef.h","/um/swdevicedef.h","generation\WinSDK\RecompiledIdlHeaders\um\swdevicedef.h"
"um","syncdeviceservice.h","/um/syncdeviceservice.h","generation\WinSDK\RecompiledIdlHeaders\um\syncdeviceservice.h"
"um","synchapi.h","/um/synchapi.h","generation\WinSDK\RecompiledIdlHeaders\um\synchapi.h"
"um","synchronizationerrors.h","/um/synchronizationerrors.h","generation\WinSDK\RecompiledIdlHeaders\um\synchronizationerrors.h"
"um","SyncMgr.h","/um/SyncMgr.h","generation\WinSDK\RecompiledIdlHeaders\um\SyncMgr.h"
"um","syncregistration.h","/um/syncregistration.h","generation\WinSDK\RecompiledIdlHeaders\um\syncregistration.h"
"um","syncregistrationerrors.h","/um/syncregistrationerrors.h","generation\WinSDK\RecompiledIdlHeaders\um\syncregistrationerrors.h"
"um","sysinfoapi.h","/um/sysinfoapi.h","generation\WinSDK\RecompiledIdlHeaders\um\sysinfoapi.h"
"um","SystemMediaTransportControlsInterop.h","/um/SystemMediaTransportControlsInterop.h","generation\WinSDK\RecompiledIdlHeaders\um\SystemMediaTransportControlsInterop.h"
"um","systemtopologyapi.h","/um/systemtopologyapi.h","generation\WinSDK\RecompiledIdlHeaders\um\systemtopologyapi.h"
"um","t2embapi.h","/um/t2embapi.h","generation\WinSDK\RecompiledIdlHeaders\um\t2embapi.h"
"um","tabflicks.h","/um/tabflicks.h","generation\WinSDK\RecompiledIdlHeaders\um\tabflicks.h"
"um","Tapi.h","/um/Tapi.h","generation\WinSDK\RecompiledIdlHeaders\um\Tapi.h"
"um","Tapi3.h","/um/Tapi3.h","generation\WinSDK\RecompiledIdlHeaders\um\Tapi3.h"
"um","Tapi3cc.h","/um/Tapi3cc.h","generation\WinSDK\RecompiledIdlHeaders\um\Tapi3cc.h"
"um","Tapi3ds.h","/um/Tapi3ds.h","generation\WinSDK\RecompiledIdlHeaders\um\Tapi3ds.h"
"um","Tapi3Err.h","/um/Tapi3Err.h","generation\WinSDK\RecompiledIdlHeaders\um\Tapi3Err.h"
"um","Tapi3if.h","/um/Tapi3if.h","generation\WinSDK\RecompiledIdlHeaders\um\Tapi3if.h"
"um","taskdeviceservice.h","/um/taskdeviceservice.h","generation\WinSDK\RecompiledIdlHeaders\um\taskdeviceservice.h"
"um","taskschd.h","/um/taskschd.h","generation\WinSDK\RecompiledIdlHeaders\um\taskschd.h"
"um","TCError.h","/um/TCError.h","generation\WinSDK\RecompiledIdlHeaders\um\TCError.h"
"um","TCGuid.h","/um/TCGuid.h","generation\WinSDK\RecompiledIdlHeaders\um\TCGuid.h"
"um","tcpioctl.h","/um/tcpioctl.h","generation\WinSDK\RecompiledIdlHeaders\um\tcpioctl.h"
"um","tcpxcv.h","/um/tcpxcv.h","generation\WinSDK\RecompiledIdlHeaders\um\tcpxcv.h"
"um","tdh.h","/um/tdh.h","generation\WinSDK\RecompiledIdlHeaders\um\tdh.h"
"um","TermMgr.h","/um/TermMgr.h","generation\WinSDK\RecompiledIdlHeaders\um\TermMgr.h"
"um","TextServ.h","/um/TextServ.h","generation\WinSDK\RecompiledIdlHeaders\um\TextServ.h"
"um","TextStor.h","/um/TextStor.h","generation\WinSDK\RecompiledIdlHeaders\um\TextStor.h"
"um","ThrdBase.h","/um/ThrdBase.h","generation\WinSDK\RecompiledIdlHeaders\um\ThrdBase.h"
"um","threadpoolapiset.h","/um/threadpoolapiset.h","generation\WinSDK\RecompiledIdlHeaders\um\threadpoolapiset.h"
"um","threadpoollegacyapiset.h","/um/threadpoollegacyapiset.h","generation\WinSDK\RecompiledIdlHeaders\um\threadpoollegacyapiset.h"
"um","thumbcache.h","/um/thumbcache.h","generation\WinSDK\RecompiledIdlHeaders\um\thumbcache.h"
"um","thumbnailstreamcache.h","/um/thumbnailstreamcache.h","generation\WinSDK\RecompiledIdlHeaders\um\thumbnailstreamcache.h"
"um","timeapi.h","/um/timeapi.h","generation\WinSDK\RecompiledIdlHeaders\um\timeapi.h"
"um","TimeProv.h","/um/TimeProv.h","generation\WinSDK\RecompiledIdlHeaders\um\TimeProv.h"
"um","timezoneapi.h","/um/timezoneapi.h","generation\WinSDK\RecompiledIdlHeaders\um\timezoneapi.h"
"um","TipAutoComplete.h","/um/TipAutoComplete.h","generation\WinSDK\RecompiledIdlHeaders\um\TipAutoComplete.h"
"um","TlHelp32.h","/um/TlHelp32.h","generation\WinSDK\RecompiledIdlHeaders\um\TlHelp32.h"
"um","tlogstg.h","/um/tlogstg.h","generation\WinSDK\RecompiledIdlHeaders\um\tlogstg.h"
"um","TNEF.h","/um/TNEF.h","generation\WinSDK\RecompiledIdlHeaders\um\TNEF.h"
"um","tokenbinding.h","/um/tokenbinding.h","generation\WinSDK\RecompiledIdlHeaders\um\tokenbinding.h"
"um","TOM.h","/um/TOM.h","generation\WinSDK\RecompiledIdlHeaders\um\TOM.h"
"um","tpcerror.h","/um/tpcerror.h","generation\WinSDK\RecompiledIdlHeaders\um\tpcerror.h"
"um","tpcshrd.h","/um/tpcshrd.h","generation\WinSDK\RecompiledIdlHeaders\um\tpcshrd.h"
"um","tpmvscattestation.h","/um/tpmvscattestation.h","generation\WinSDK\RecompiledIdlHeaders\um\tpmvscattestation.h"
"um","tpmvscmgr.h","/um/tpmvscmgr.h","generation\WinSDK\RecompiledIdlHeaders\um\tpmvscmgr.h"
"um","tpwaitablehandle.h","/um/tpwaitablehandle.h","generation\WinSDK\RecompiledIdlHeaders\um\tpwaitablehandle.h"
"um","Transact.h","/um/Transact.h","generation\WinSDK\RecompiledIdlHeaders\um\Transact.h"
"um","transportsettings.h","/um/transportsettings.h","generation\WinSDK\RecompiledIdlHeaders\um\transportsettings.h"
"um","tsattrs.h","/um/tsattrs.h","generation\WinSDK\RecompiledIdlHeaders\um\tsattrs.h"
"um","TSGAuthenticationEngine.h","/um/TSGAuthenticationEngine.h","generation\WinSDK\RecompiledIdlHeaders\um\TSGAuthenticationEngine.h"
"um","TSGPolicyEngine.h","/um/TSGPolicyEngine.h","generation\WinSDK\RecompiledIdlHeaders\um\TSGPolicyEngine.h"
"um","TSPI.h","/um/TSPI.h","generation\WinSDK\RecompiledIdlHeaders\um\TSPI.h"
"um","tspubplugin2com.h","/um/tspubplugin2com.h","generation\WinSDK\RecompiledIdlHeaders\um\tspubplugin2com.h"
"um","tspubplugincom.h","/um/tspubplugincom.h","generation\WinSDK\RecompiledIdlHeaders\um\tspubplugincom.h"
"um","tssbx.h","/um/tssbx.h","generation\WinSDK\RecompiledIdlHeaders\um\tssbx.h"
"um","tsuserex.h","/um/tsuserex.h","generation\WinSDK\RecompiledIdlHeaders\um\tsuserex.h"
"um","tsvirtualchannels.h","/um/tsvirtualchannels.h","generation\WinSDK\RecompiledIdlHeaders\um\tsvirtualchannels.h"
"um","Tune.h","/um/Tune.h","generation\WinSDK\RecompiledIdlHeaders\um\Tune.h"
"um","tuner.h","/um/tuner.h","generation\WinSDK\RecompiledIdlHeaders\um\tuner.h"
"um","tvratings_enum.h","/um/tvratings_enum.h","generation\WinSDK\RecompiledIdlHeaders\um\tvratings_enum.h"
"um","tvratings.h","/um/tvratings.h","generation\WinSDK\RecompiledIdlHeaders\um\tvratings.h"
"um","TxCoord.h","/um/TxCoord.h","generation\WinSDK\RecompiledIdlHeaders\um\TxCoord.h"
"um","TxCtx.h","/um/TxCtx.h","generation\WinSDK\RecompiledIdlHeaders\um\TxCtx.h"
"um","TxDtc.h","/um/TxDtc.h","generation\WinSDK\RecompiledIdlHeaders\um\TxDtc.h"
"um","txfw32.h","/um/txfw32.h","generation\WinSDK\RecompiledIdlHeaders\um\txfw32.h"
"um","txlogpub.h","/um/txlogpub.h","generation\WinSDK\RecompiledIdlHeaders\um\txlogpub.h"
"um","ual.h","/um/ual.h","generation\WinSDK\RecompiledIdlHeaders\um\ual.h"
"um","UIAnimation.h","/um/UIAnimation.h","generation\WinSDK\RecompiledIdlHeaders\um\UIAnimation.h"
"um","UIAutomation.h","/um/UIAutomation.h","generation\WinSDK\RecompiledIdlHeaders\um\UIAutomation.h"
"um","UIAutomationClient.h","/um/UIAutomationClient.h","generation\WinSDK\RecompiledIdlHeaders\um\UIAutomationClient.h"
"um","UIAutomationCore.h","/um/UIAutomationCore.h","generation\WinSDK\RecompiledIdlHeaders\um\UIAutomationCore.h"
"um","UIAutomationCoreApi.h","/um/UIAutomationCoreApi.h","generation\WinSDK\RecompiledIdlHeaders\um\UIAutomationCoreApi.h"
"um","UIRibbon.h","/um/UIRibbon.h","generation\WinSDK\RecompiledIdlHeaders\um\UIRibbon.h"
"um","UIRibbonKeydef.h","/um/UIRibbonKeydef.h","generation\WinSDK\RecompiledIdlHeaders\um\UIRibbonKeydef.h"
"um","UIRibbonPropertyHelpers.h","/um/UIRibbonPropertyHelpers.h","generation\WinSDK\RecompiledIdlHeaders\um\UIRibbonPropertyHelpers.h"
"um","UIViewSettingsInterop.h","/um/UIViewSettingsInterop.h","generation\WinSDK\RecompiledIdlHeaders\um\UIViewSettingsInterop.h"
"um","Unknwn.h","/um/Unknwn.h","generation\WinSDK\RecompiledIdlHeaders\um\Unknwn.h"
"um","Unknwnbase.h","/um/Unknwnbase.h","generation\WinSDK\RecompiledIdlHeaders\um\Unknwnbase.h"
"um","UPnP.h","/um/UPnP.h","generation\WinSDK\RecompiledIdlHeaders\um\UPnP.h"
"um","upnphost.h","/um/upnphost.h","generation\WinSDK\RecompiledIdlHeaders\um\upnphost.h"
"um","UrlHist.h","/um/UrlHist.h","generation\WinSDK\RecompiledIdlHeaders\um\UrlHist.h"
"um","urlmon.h","/um/urlmon.h","generation\WinSDK\RecompiledIdlHeaders\um\urlmon.h"
"um","usbuser.h","/um/usbuser.h","generation\WinSDK\RecompiledIdlHeaders\um\usbuser.h"
"um","useractivityinterop.h","/um/useractivityinterop.h","generation\WinSDK\RecompiledIdlHeaders\um\useractivityinterop.h"
"um","UserConsentVerifierInterop.h","/um/UserConsentVerifierInterop.h","generation\WinSDK\RecompiledIdlHeaders\um\UserConsentVerifierInterop.h"
"um","UserEnv.h","/um/UserEnv.h","generation\WinSDK\RecompiledIdlHeaders\um\UserEnv.h"
"um","usp10.h","/um/usp10.h","generation\WinSDK\RecompiledIdlHeaders\um\usp10.h"
"um","utilapiset.h","/um/utilapiset.h","generation\WinSDK\RecompiledIdlHeaders\um\utilapiset.h"
"um","UtilLib.h","/um/UtilLib.h","generation\WinSDK\RecompiledIdlHeaders\um\UtilLib.h"
"um","uusbfn.h","/um/uusbfn.h","generation\WinSDK\RecompiledIdlHeaders\um\uusbfn.h"
"um","Uxtheme.h","/um/Uxtheme.h","generation\WinSDK\RecompiledIdlHeaders\um\Uxtheme.h"
"um","vbinterf.h","/um/vbinterf.h","generation\WinSDK\RecompiledIdlHeaders\um\vbinterf.h"
"um","VDDSVC.H","/um/VDDSVC.H","generation\WinSDK\RecompiledIdlHeaders\um\VDDSVC.H"
"um","vdmctxt.h","/um/vdmctxt.h","generation\WinSDK\RecompiledIdlHeaders\um\vdmctxt.h"
"um","VdmDbg.h","/um/VdmDbg.h","generation\WinSDK\RecompiledIdlHeaders\um\VdmDbg.h"
"um","vds.h","/um/vds.h","generation\WinSDK\RecompiledIdlHeaders\um\vds.h"
"um","vdserr.h","/um/vdserr.h","generation\WinSDK\RecompiledIdlHeaders\um\vdserr.h"
"um","vdshwprv.h","/um/vdshwprv.h","generation\WinSDK\RecompiledIdlHeaders\um\vdshwprv.h"
"um","vdslun.h","/um/vdslun.h","generation\WinSDK\RecompiledIdlHeaders\um\vdslun.h"
"um","vdssys.h","/um/vdssys.h","generation\WinSDK\RecompiledIdlHeaders\um\vdssys.h"
"um","veinterop_kcm.h","/um/veinterop_kcm.h","generation\WinSDK\RecompiledIdlHeaders\um\veinterop_kcm.h"
"um","veinterop.h","/um/veinterop.h","generation\WinSDK\RecompiledIdlHeaders\um\veinterop.h"
"um","verrsrc.h","/um/verrsrc.h","generation\WinSDK\RecompiledIdlHeaders\um\verrsrc.h"
"um","VersionHelpers.h","/um/VersionHelpers.h","generation\WinSDK\RecompiledIdlHeaders\um\VersionHelpers.h"
"um","Vfw.h","/um/Vfw.h","generation\WinSDK\RecompiledIdlHeaders\um\Vfw.h"
"um","vfwext.h","/um/vfwext.h","generation\WinSDK\RecompiledIdlHeaders\um\vfwext.h"
"um","vfwmsgs.h","/um/vfwmsgs.h","generation\WinSDK\RecompiledIdlHeaders\um\vfwmsgs.h"
"um","vidcap.h","/um/vidcap.h","generation\WinSDK\RecompiledIdlHeaders\um\vidcap.h"
"um","videoacc.h","/um/videoacc.h","generation\WinSDK\RecompiledIdlHeaders\um\videoacc.h"
"um","virtdisk.h","/um/virtdisk.h","generation\WinSDK\RecompiledIdlHeaders\um\virtdisk.h"
"um","vmr9.h","/um/vmr9.h","generation\WinSDK\RecompiledIdlHeaders\um\vmr9.h"
"um","vmsavedstatedump.h","/um/vmsavedstatedump.h","generation\WinSDK\RecompiledIdlHeaders\um\vmsavedstatedump.h"
"um","vmsavedstatedumpdefs.h","/um/vmsavedstatedumpdefs.h","generation\WinSDK\RecompiledIdlHeaders\um\vmsavedstatedumpdefs.h"
"um","vpconfig.h","/um/vpconfig.h","generation\WinSDK\RecompiledIdlHeaders\um\vpconfig.h"
"um","vpnotify.h","/um/vpnotify.h","generation\WinSDK\RecompiledIdlHeaders\um\vpnotify.h"
"um","vptype.h","/um/vptype.h","generation\WinSDK\RecompiledIdlHeaders\um\vptype.h"
"um","vsadmin.h","/um/vsadmin.h","generation\WinSDK\RecompiledIdlHeaders\um\vsadmin.h"
"um","vsanimation.h","/um/vsanimation.h","generation\WinSDK\RecompiledIdlHeaders\um\vsanimation.h"
"um","vsbackup.h","/um/vsbackup.h","generation\WinSDK\RecompiledIdlHeaders\um\vsbackup.h"
"um","vsmgmt.h","/um/vsmgmt.h","generation\WinSDK\RecompiledIdlHeaders\um\vsmgmt.h"
"um","vsprov.h","/um/vsprov.h","generation\WinSDK\RecompiledIdlHeaders\um\vsprov.h"
"um","vss.h","/um/vss.h","generation\WinSDK\RecompiledIdlHeaders\um\vss.h"
"um","vsserror.h","/um/vsserror.h","generation\WinSDK\RecompiledIdlHeaders\um\vsserror.h"
"um","vsstyle.h","/um/vsstyle.h","generation\WinSDK\RecompiledIdlHeaders\um\vsstyle.h"
"um","vssym32.h","/um/vssym32.h","generation\WinSDK\RecompiledIdlHeaders\um\vssym32.h"
"um","vswriter.h","/um/vswriter.h","generation\WinSDK\RecompiledIdlHeaders\um\vswriter.h"
"um","WaaSApi.h","/um/WaaSApi.h","generation\WinSDK\RecompiledIdlHeaders\um\WaaSApi.h"
"um","WaaSApiTypes.h","/um/WaaSApiTypes.h","generation\WinSDK\RecompiledIdlHeaders\um\WaaSApiTypes.h"
"um","Wab.h","/um/Wab.h","generation\WinSDK\RecompiledIdlHeaders\um\Wab.h"
"um","WabApi.h","/um/WabApi.h","generation\WinSDK\RecompiledIdlHeaders\um\WabApi.h"
"um","WabCode.h","/um/WabCode.h","generation\WinSDK\RecompiledIdlHeaders\um\WabCode.h"
"um","WabDefs.h","/um/WabDefs.h","generation\WinSDK\RecompiledIdlHeaders\um\WabDefs.h"
"um","WabIab.h","/um/WabIab.h","generation\WinSDK\RecompiledIdlHeaders\um\WabIab.h"
"um","WabMem.h","/um/WabMem.h","generation\WinSDK\RecompiledIdlHeaders\um\WabMem.h"
"um","WabNot.h","/um/WabNot.h","generation\WinSDK\RecompiledIdlHeaders\um\WabNot.h"
"um","WabTags.h","/um/WabTags.h","generation\WinSDK\RecompiledIdlHeaders\um\WabTags.h"
"um","WabUtil.h","/um/WabUtil.h","generation\WinSDK\RecompiledIdlHeaders\um\WabUtil.h"
"um","wbcl.h","/um/wbcl.h","generation\WinSDK\RecompiledIdlHeaders\um\wbcl.h"
"um","WbemAds.h","/um/WbemAds.h","generation\WinSDK\RecompiledIdlHeaders\um\WbemAds.h"
"um","WbemCli.h","/um/WbemCli.h","generation\WinSDK\RecompiledIdlHeaders\um\WbemCli.h"
"um","WbemDisp.h","/um/WbemDisp.h","generation\WinSDK\RecompiledIdlHeaders\um\WbemDisp.h"
"um","WbemGlue.h","/um/WbemGlue.h","generation\WinSDK\RecompiledIdlHeaders\um\WbemGlue.h"
"um","WbemIdl.h","/um/WbemIdl.h","generation\WinSDK\RecompiledIdlHeaders\um\WbemIdl.h"
"um","WbemProv.h","/um/WbemProv.h","generation\WinSDK\RecompiledIdlHeaders\um\WbemProv.h"
"um","WbemTime.h","/um/WbemTime.h","generation\WinSDK\RecompiledIdlHeaders\um\WbemTime.h"
"um","WbemTran.h","/um/WbemTran.h","generation\WinSDK\RecompiledIdlHeaders\um\WbemTran.h"
"um","wcmapi.h","/um/wcmapi.h","generation\WinSDK\RecompiledIdlHeaders\um\wcmapi.h"
"um","wcmconfig.h","/um/wcmconfig.h","generation\WinSDK\RecompiledIdlHeaders\um\wcmconfig.h"
"um","wcmerrors.h","/um/wcmerrors.h","generation\WinSDK\RecompiledIdlHeaders\um\wcmerrors.h"
"um","WcnApi.h","/um/WcnApi.h","generation\WinSDK\RecompiledIdlHeaders\um\WcnApi.h"
"um","WcnDevice.h","/um/WcnDevice.h","generation\WinSDK\RecompiledIdlHeaders\um\WcnDevice.h"
"um","WcnFunctionDiscoveryKeys.h","/um/WcnFunctionDiscoveryKeys.h","generation\WinSDK\RecompiledIdlHeaders\um\WcnFunctionDiscoveryKeys.h"
"um","WcnTypes.h","/um/WcnTypes.h","generation\WinSDK\RecompiledIdlHeaders\um\WcnTypes.h"
"um","wcsplugin.h","/um/wcsplugin.h","generation\WinSDK\RecompiledIdlHeaders\um\wcsplugin.h"
"um","wct.h","/um/wct.h","generation\WinSDK\RecompiledIdlHeaders\um\wct.h"
"um","WDBGEXTS.H","/um/WDBGEXTS.H","generation\WinSDK\RecompiledIdlHeaders\um\WDBGEXTS.H"
"um","wdigest.h","/um/wdigest.h","generation\WinSDK\RecompiledIdlHeaders\um\wdigest.h"
"um","WdsBp.h","/um/WdsBp.h","generation\WinSDK\RecompiledIdlHeaders\um\WdsBp.h"
"um","WdsClientApi.h","/um/WdsClientApi.h","generation\WinSDK\RecompiledIdlHeaders\um\WdsClientApi.h"
"um","WdsCpMsg.h","/um/WdsCpMsg.h","generation\WinSDK\RecompiledIdlHeaders\um\WdsCpMsg.h"
"um","wdsmcerr.h","/um/wdsmcerr.h","generation\WinSDK\RecompiledIdlHeaders\um\wdsmcerr.h"
"um","wdspxe.h","/um/wdspxe.h","generation\WinSDK\RecompiledIdlHeaders\um\wdspxe.h"
"um","wdstci.h","/um/wdstci.h","generation\WinSDK\RecompiledIdlHeaders\um\wdstci.h"
"um","wdstpdi.h","/um/wdstpdi.h","generation\WinSDK\RecompiledIdlHeaders\um\wdstpdi.h"
"um","WdsTptMgmt.h","/um/WdsTptMgmt.h","generation\WinSDK\RecompiledIdlHeaders\um\WdsTptMgmt.h"
"um","WdsTptMgmtMsg.h","/um/WdsTptMgmtMsg.h","generation\WinSDK\RecompiledIdlHeaders\um\WdsTptMgmtMsg.h"
"um","WebAuthenticationCoreManagerInterop.h","/um/WebAuthenticationCoreManagerInterop.h","generation\WinSDK\RecompiledIdlHeaders\um\WebAuthenticationCoreManagerInterop.h"
"um","webauthn.h","/um/webauthn.h","generation\WinSDK\RecompiledIdlHeaders\um\webauthn.h"
"um","webauthnplugin.h","/um/webauthnplugin.h","generation\WinSDK\RecompiledIdlHeaders\um\webauthnplugin.h"
"um","WebEvnts.h","/um/WebEvnts.h","generation\WinSDK\RecompiledIdlHeaders\um\WebEvnts.h"
"um","webhost.h","/um/webhost.h","generation\WinSDK\RecompiledIdlHeaders\um\webhost.h"
"um","WebServices.h","/um/WebServices.h","generation\WinSDK\RecompiledIdlHeaders\um\WebServices.h"
"um","websocket.h","/um/websocket.h","generation\WinSDK\RecompiledIdlHeaders\um\websocket.h"
"um","WerApi.h","/um/WerApi.h","generation\WinSDK\RecompiledIdlHeaders\um\WerApi.h"
"um","wheadef.h","/um/wheadef.h","generation\WinSDK\RecompiledIdlHeaders\um\wheadef.h"
"um","wia_lh.h","/um/wia_lh.h","generation\WinSDK\RecompiledIdlHeaders\um\wia_lh.h"
"um","wia_xp.h","/um/wia_xp.h","generation\WinSDK\RecompiledIdlHeaders\um\wia_xp.h"
"um","Wia.h","/um/Wia.h","generation\WinSDK\RecompiledIdlHeaders\um\Wia.h"
"um","WiaDef.h","/um/WiaDef.h","generation\WinSDK\RecompiledIdlHeaders\um\WiaDef.h"
"um","WiaDevD.h","/um/WiaDevD.h","generation\WinSDK\RecompiledIdlHeaders\um\WiaDevD.h"
"um","wiaintfc.h","/um/wiaintfc.h","generation\WinSDK\RecompiledIdlHeaders\um\wiaintfc.h"
"um","wiamdef.h","/um/wiamdef.h","generation\WinSDK\RecompiledIdlHeaders\um\wiamdef.h"
"um","wiamicro.h","/um/wiamicro.h","generation\WinSDK\RecompiledIdlHeaders\um\wiamicro.h"
"um","wiamindr_lh.h","/um/wiamindr_lh.h","generation\WinSDK\RecompiledIdlHeaders\um\wiamindr_lh.h"
"um","wiamindr_xp.h","/um/wiamindr_xp.h","generation\WinSDK\RecompiledIdlHeaders\um\wiamindr_xp.h"
"um","wiamindr.h","/um/wiamindr.h","generation\WinSDK\RecompiledIdlHeaders\um\wiamindr.h"
"um","wiatwcmp.h","/um/wiatwcmp.h","generation\WinSDK\RecompiledIdlHeaders\um\wiatwcmp.h"
"um","wiautil.h","/um/wiautil.h","generation\WinSDK\RecompiledIdlHeaders\um\wiautil.h"
"um","WiaVideo.h","/um/WiaVideo.h","generation\WinSDK\RecompiledIdlHeaders\um\WiaVideo.h"
"um","wiawsdsc.h","/um/wiawsdsc.h","generation\WinSDK\RecompiledIdlHeaders\um\wiawsdsc.h"
"um","widemath.h","/um/widemath.h","generation\WinSDK\RecompiledIdlHeaders\um\widemath.h"
"um","win32metadata_annotations.h","/um/win32metadata_annotations.h","generation\WinSDK\RecompiledIdlHeaders\um\win32metadata_annotations.h"
"um","WinBase.h","/um/WinBase.h","generation\WinSDK\RecompiledIdlHeaders\um\WinBase.h"
"um","WinBer.h","/um/WinBer.h","generation\WinSDK\RecompiledIdlHeaders\um\WinBer.h"
"um","winbio_adapter.h","/um/winbio_adapter.h","generation\WinSDK\RecompiledIdlHeaders\um\winbio_adapter.h"
"um","WinBio.h","/um/WinBio.h","generation\WinSDK\RecompiledIdlHeaders\um\WinBio.h"
"um","wincodec.h","/um/wincodec.h","generation\WinSDK\RecompiledIdlHeaders\um\wincodec.h"
"um","wincodecsdk.h","/um/wincodecsdk.h","generation\WinSDK\RecompiledIdlHeaders\um\wincodecsdk.h"
"um","wincon.h","/um/wincon.h","generation\WinSDK\RecompiledIdlHeaders\um\wincon.h"
"um","winconp.h","/um/winconp.h","generation\WinSDK\RecompiledIdlHeaders\um\winconp.h"
"um","wincontypes.h","/um/wincontypes.h","generation\WinSDK\RecompiledIdlHeaders\um\wincontypes.h"
"um","wincred.h","/um/wincred.h","generation\WinSDK\RecompiledIdlHeaders\um\wincred.h"
"um","wincrypt.h","/um/wincrypt.h","generation\WinSDK\RecompiledIdlHeaders\um\wincrypt.h"
"um","winddi.h","/um/winddi.h","generation\WinSDK\RecompiledIdlHeaders\um\winddi.h"
"um","winddiui.h","/um/winddiui.h","generation\WinSDK\RecompiledIdlHeaders\um\winddiui.h"
"um","WinDNS.h","/um/WinDNS.h","generation\WinSDK\RecompiledIdlHeaders\um\WinDNS.h"
"um","windows.ai.machinelearning.native.h","/um/windows.ai.machinelearning.native.h","generation\WinSDK\RecompiledIdlHeaders\um\windows.ai.machinelearning.native.h"
"um","windows.data.pdf.interop.h","/um/windows.data.pdf.interop.h","generation\WinSDK\RecompiledIdlHeaders\um\windows.data.pdf.interop.h"
"um","windows.devices.alljoyn.interop.h","/um/windows.devices.alljoyn.interop.h","generation\WinSDK\RecompiledIdlHeaders\um\windows.devices.alljoyn.interop.h"
"um","Windows.Devices.Display.Core.Interop.h","/um/Windows.Devices.Display.Core.Interop.h","generation\WinSDK\RecompiledIdlHeaders\um\Windows.Devices.Display.Core.Interop.h"
"um","Windows.Graphics.Capture.Interop.h","/um/Windows.Graphics.Capture.Interop.h","generation\WinSDK\RecompiledIdlHeaders\um\Windows.Graphics.Capture.Interop.h"
"um","windows.graphics.directx.direct3d11.interop.h","/um/windows.graphics.directx.direct3d11.interop.h","generation\WinSDK\RecompiledIdlHeaders\um\windows.graphics.directx.direct3d11.interop.h"
"um","Windows.Graphics.Display.DisplayEnhancementOverride.Interop.h","/um/Windows.Graphics.Display.DisplayEnhancementOverride.Interop.h","generation\WinSDK\RecompiledIdlHeaders\um\Windows.Graphics.Display.DisplayEnhancementOverride.Interop.h"
"um","windows.graphics.display.interop.h","/um/windows.graphics.display.interop.h","generation\WinSDK\RecompiledIdlHeaders\um\windows.graphics.display.interop.h"
"um","Windows.Graphics.Holographic.Interop.h","/um/Windows.Graphics.Holographic.Interop.h","generation\WinSDK\RecompiledIdlHeaders\um\Windows.Graphics.Holographic.Interop.h"
"um","windows.graphics.imaging.interop.h","/um/windows.graphics.imaging.interop.h","generation\WinSDK\RecompiledIdlHeaders\um\windows.graphics.imaging.interop.h"
"um","windows.graphics.printing.workflow.native.h","/um/windows.graphics.printing.workflow.native.h","generation\WinSDK\RecompiledIdlHeaders\um\windows.graphics.printing.workflow.native.h"
"um","Windows.h","/um/Windows.h","generation\WinSDK\RecompiledIdlHeaders\um\Windows.h"
"um","windows.media.core.interop.h","/um/windows.media.core.interop.h","generation\WinSDK\RecompiledIdlHeaders\um\windows.media.core.interop.h"
"um","windows.security.isolation.isolatedenvironmentinterop.h","/um/windows.security.isolation.isolatedenvironmentinterop.h","generation\WinSDK\RecompiledIdlHeaders\um\windows.security.isolation.isolatedenvironmentinterop.h"
"um","windows.ui.interop.h","/um/windows.ui.interop.h","generation\WinSDK\RecompiledIdlHeaders\um\windows.ui.interop.h"
"um","windows.ui.viewmanagement.core.coreframeworkinputviewinterop.h","/um/windows.ui.viewmanagement.core.coreframeworkinputviewinterop.h","generation\WinSDK\RecompiledIdlHeaders\um\windows.ui.viewmanagement.core.coreframeworkinputviewinterop.h"
"um","windows.ui.xaml.hosting.desktopwindowxamlsource.h","/um/windows.ui.xaml.hosting.desktopwindowxamlsource.h","generation\WinSDK\RecompiledIdlHeaders\um\windows.ui.xaml.hosting.desktopwindowxamlsource.h"
"um","windows.ui.xaml.hosting.referencetracker.h","/um/windows.ui.xaml.hosting.referencetracker.h","generation\WinSDK\RecompiledIdlHeaders\um\windows.ui.xaml.hosting.referencetracker.h"
"um","windows.ui.xaml.media.dxinterop.h","/um/windows.ui.xaml.media.dxinterop.h","generation\WinSDK\RecompiledIdlHeaders\um\windows.ui.xaml.media.dxinterop.h"
"um","WindowsCeip.h","/um/WindowsCeip.h","generation\WinSDK\RecompiledIdlHeaders\um\WindowsCeip.h"
"um","WindowsDefender.h","/um/WindowsDefender.h","generation\WinSDK\RecompiledIdlHeaders\um\WindowsDefender.h"
"um","WindowsNumerics.h","/um/WindowsNumerics.h","generation\WinSDK\RecompiledIdlHeaders\um\WindowsNumerics.h"
"um","WindowsNumerics.impl.h","/um/WindowsNumerics.impl.h","generation\WinSDK\RecompiledIdlHeaders\um\WindowsNumerics.impl.h"
"um","WindowsSearchErrors.h","/um/WindowsSearchErrors.h","generation\WinSDK\RecompiledIdlHeaders\um\WindowsSearchErrors.h"
"um","WindowsSideShow.h","/um/WindowsSideShow.h","generation\WinSDK\RecompiledIdlHeaders\um\WindowsSideShow.h"
"um","WindowsSideShowAPI.h","/um/WindowsSideShowAPI.h","generation\WinSDK\RecompiledIdlHeaders\um\WindowsSideShowAPI.h"
"um","windowssideshowdriverevents.h","/um/windowssideshowdriverevents.h","generation\WinSDK\RecompiledIdlHeaders\um\windowssideshowdriverevents.h"
"um","WindowsStorageCOM.h","/um/WindowsStorageCOM.h","generation\WinSDK\RecompiledIdlHeaders\um\WindowsStorageCOM.h"
"um","winefs.h","/um/winefs.h","generation\WinSDK\RecompiledIdlHeaders\um\winefs.h"
"um","winenclave.h","/um/winenclave.h","generation\WinSDK\RecompiledIdlHeaders\um\winenclave.h"
"um","winenclaveapi.h","/um/winenclaveapi.h","generation\WinSDK\RecompiledIdlHeaders\um\winenclaveapi.h"
"um","winevt.h","/um/winevt.h","generation\WinSDK\RecompiledIdlHeaders\um\winevt.h"
"um","WinFax.h","/um/WinFax.h","generation\WinSDK\RecompiledIdlHeaders\um\WinFax.h"
"um","wingdi.h","/um/wingdi.h","generation\WinSDK\RecompiledIdlHeaders\um\wingdi.h"
"um","winhttp.h","/um/winhttp.h","generation\WinSDK\RecompiledIdlHeaders\um\winhttp.h"
"um","WinHvEmulation.h","/um/WinHvEmulation.h","generation\WinSDK\RecompiledIdlHeaders\um\WinHvEmulation.h"
"um","WinHvPlatform.h","/um/WinHvPlatform.h","generation\WinSDK\RecompiledIdlHeaders\um\WinHvPlatform.h"
"um","WinHvPlatformDefs.h","/um/WinHvPlatformDefs.h","generation\WinSDK\RecompiledIdlHeaders\um\WinHvPlatformDefs.h"
"um","WinInet.h","/um/WinInet.h","generation\WinSDK\RecompiledIdlHeaders\um\WinInet.h"
"um","Winineti.h","/um/Winineti.h","generation\WinSDK\RecompiledIdlHeaders\um\Winineti.h"
"um","winioctl.h","/um/winioctl.h","generation\WinSDK\RecompiledIdlHeaders\um\winioctl.h"
"um","Winldap.h","/um/Winldap.h","generation\WinSDK\RecompiledIdlHeaders\um\Winldap.h"
"um","winmeta.h","/um/winmeta.h","generation\WinSDK\RecompiledIdlHeaders\um\winmeta.h"
"um","winml.h","/um/winml.h","generation\WinSDK\RecompiledIdlHeaders\um\winml.h"
"um","winnetwk.h","/um/winnetwk.h","generation\WinSDK\RecompiledIdlHeaders\um\winnetwk.h"
"um","WinNls.h","/um/WinNls.h","generation\WinSDK\RecompiledIdlHeaders\um\WinNls.h"
"um","WinNls32.h","/um/WinNls32.h","generation\WinSDK\RecompiledIdlHeaders\um\WinNls32.h"
"um","winnt.h","/um/winnt.h","generation\WinSDK\RecompiledIdlHeaders\um\winnt.h"
"um","winperf.h","/um/winperf.h","generation\WinSDK\RecompiledIdlHeaders\um\winperf.h"
"um","WinPhoneInput.h","/um/WinPhoneInput.h","generation\WinSDK\RecompiledIdlHeaders\um\WinPhoneInput.h"
"um","winppi.h","/um/winppi.h","generation\WinSDK\RecompiledIdlHeaders\um\winppi.h"
"um","winreg.h","/um/winreg.h","generation\WinSDK\RecompiledIdlHeaders\um\winreg.h"
"um","winres.h","/um/winres.h","generation\WinSDK\RecompiledIdlHeaders\um\winres.h"
"um","winresrc.h","/um/winresrc.h","generation\WinSDK\RecompiledIdlHeaders\um\winresrc.h"
"um","winsafer.h","/um/winsafer.h","generation\WinSDK\RecompiledIdlHeaders\um\winsafer.h"
"um","winsatcominterfacei.h","/um/winsatcominterfacei.h","generation\WinSDK\RecompiledIdlHeaders\um\winsatcominterfacei.h"
"um","winscard.h","/um/winscard.h","generation\WinSDK\RecompiledIdlHeaders\um\winscard.h"
"um","winsdkver.h","/um/winsdkver.h","generation\WinSDK\RecompiledIdlHeaders\um\winsdkver.h"
"um","WinSnmp.h","/um/WinSnmp.h","generation\WinSDK\RecompiledIdlHeaders\um\WinSnmp.h"
"um","winsock.h","/um/winsock.h","generation\WinSDK\RecompiledIdlHeaders\um\winsock.h"
"um","WinSock2.h","/um/WinSock2.h","generation\WinSDK\RecompiledIdlHeaders\um\WinSock2.h"
"um","winsplp.h","/um/winsplp.h","generation\WinSDK\RecompiledIdlHeaders\um\winsplp.h"
"um","winspool.h","/um/winspool.h","generation\WinSDK\RecompiledIdlHeaders\um\winspool.h"
"um","winsqlite3.h","/um/winsqlite/winsqlite3.h","generation\WinSDK\RecompiledIdlHeaders\um\winsqlite\winsqlite3.h"
"um","winsqlite3ext.h","/um/winsqlite/winsqlite3ext.h","generation\WinSDK\RecompiledIdlHeaders\um\winsqlite\winsqlite3ext.h"
"um","winsvc.h","/um/winsvc.h","generation\WinSDK\RecompiledIdlHeaders\um\winsvc.h"
"um","winsxs.h","/um/winsxs.h","generation\WinSDK\RecompiledIdlHeaders\um\winsxs.h"
"um","winsync.h","/um/winsync.h","generation\WinSDK\RecompiledIdlHeaders\um\winsync.h"
"um","winternl.h","/um/winternl.h","generation\WinSDK\RecompiledIdlHeaders\um\winternl.h"
"um","WinTrust.h","/um/WinTrust.h","generation\WinSDK\RecompiledIdlHeaders\um\WinTrust.h"
"um","winusb.h","/um/winusb.h","generation\WinSDK\RecompiledIdlHeaders\um\winusb.h"
"um","WinUser.h","/um/WinUser.h","generation\WinSDK\RecompiledIdlHeaders\um\WinUser.h"
"um","winver.h","/um/winver.h","generation\WinSDK\RecompiledIdlHeaders\um\winver.h"
"um","WinWlx.h","/um/WinWlx.h","generation\WinSDK\RecompiledIdlHeaders\um\WinWlx.h"
"um","wkspbkax.h","/um/wkspbkax.h","generation\WinSDK\RecompiledIdlHeaders\um\wkspbkax.h"
"um","wlanapi.h","/um/wlanapi.h","generation\WinSDK\RecompiledIdlHeaders\um\wlanapi.h"
"um","wlanihv.h","/um/wlanihv.h","generation\WinSDK\RecompiledIdlHeaders\um\wlanihv.h"
"um","wlanihvtypes.h","/um/wlanihvtypes.h","generation\WinSDK\RecompiledIdlHeaders\um\wlanihvtypes.h"
"um","wlclient.h","/um/wlclient.h","generation\WinSDK\RecompiledIdlHeaders\um\wlclient.h"
"um","wldp.h","/um/wldp.h","generation\WinSDK\RecompiledIdlHeaders\um\wldp.h"
"um","wmcodecdsp.h","/um/wmcodecdsp.h","generation\WinSDK\RecompiledIdlHeaders\um\wmcodecdsp.h"
"um","wmcontainer.h","/um/wmcontainer.h","generation\WinSDK\RecompiledIdlHeaders\um\wmcontainer.h"
"um","wmdm.h","/um/wmdm.h","generation\WinSDK\RecompiledIdlHeaders\um\wmdm.h"
"um","wmdmlog.h","/um/wmdmlog.h","generation\WinSDK\RecompiledIdlHeaders\um\wmdmlog.h"
"um","wmdxva.h","/um/wmdxva.h","generation\WinSDK\RecompiledIdlHeaders\um\wmdxva.h"
"um","WMIUtils.h","/um/WMIUtils.h","generation\WinSDK\RecompiledIdlHeaders\um\WMIUtils.h"
"um","wmlss.h","/um/wmlss.h","generation\WinSDK\RecompiledIdlHeaders\um\wmlss.h"
"um","wmnetsourcecreator.h","/um/wmnetsourcecreator.h","generation\WinSDK\RecompiledIdlHeaders\um\wmnetsourcecreator.h"
"um","wmp.h","/um/wmp.h","generation\WinSDK\RecompiledIdlHeaders\um\wmp.h"
"um","wmpdevices.h","/um/wmpdevices.h","generation\WinSDK\RecompiledIdlHeaders\um\wmpdevices.h"
"um","wmpids.h","/um/wmpids.h","generation\WinSDK\RecompiledIdlHeaders\um\wmpids.h"
"um","wmpplug.h","/um/wmpplug.h","generation\WinSDK\RecompiledIdlHeaders\um\wmpplug.h"
"um","wmprealestate.h","/um/wmprealestate.h","generation\WinSDK\RecompiledIdlHeaders\um\wmprealestate.h"
"um","wmpservices.h","/um/wmpservices.h","generation\WinSDK\RecompiledIdlHeaders\um\wmpservices.h"
"um","wmsbuffer.h","/um/wmsbuffer.h","generation\WinSDK\RecompiledIdlHeaders\um\wmsbuffer.h"
"um","wmsdk.h","/um/wmsdk.h","generation\WinSDK\RecompiledIdlHeaders\um\wmsdk.h"
"um","wmsdkidl.h","/um/wmsdkidl.h","generation\WinSDK\RecompiledIdlHeaders\um\wmsdkidl.h"
"um","wmsdkvalidate.h","/um/wmsdkvalidate.h","generation\WinSDK\RecompiledIdlHeaders\um\wmsdkvalidate.h"
"um","wmsecure.h","/um/wmsecure.h","generation\WinSDK\RecompiledIdlHeaders\um\wmsecure.h"
"um","wmsinternaladminnetsource.h","/um/wmsinternaladminnetsource.h","generation\WinSDK\RecompiledIdlHeaders\um\wmsinternaladminnetsource.h"
"um","wmsysprf.h","/um/wmsysprf.h","generation\WinSDK\RecompiledIdlHeaders\um\wmsysprf.h"
"um","wnvapi.h","/um/wnvapi.h","generation\WinSDK\RecompiledIdlHeaders\um\wnvapi.h"
"um","wofapi.h","/um/wofapi.h","generation\WinSDK\RecompiledIdlHeaders\um\wofapi.h"
"um","workspaceax.h","/um/workspaceax.h","generation\WinSDK\RecompiledIdlHeaders\um\workspaceax.h"
"um","workspaceruntime.h","/um/workspaceruntime.h","generation\WinSDK\RecompiledIdlHeaders\um\workspaceruntime.h"
"um","workspaceruntimeclientext.h","/um/workspaceruntimeclientext.h","generation\WinSDK\RecompiledIdlHeaders\um\workspaceruntimeclientext.h"
"um","wow64apiset.h","/um/wow64apiset.h","generation\WinSDK\RecompiledIdlHeaders\um\wow64apiset.h"
"um","WowNT16.h","/um/WowNT16.h","generation\WinSDK\RecompiledIdlHeaders\um\WowNT16.h"
"um","WowNT32.h","/um/WowNT32.h","generation\WinSDK\RecompiledIdlHeaders\um\WowNT32.h"
"um","wpc.h","/um/wpc.h","generation\WinSDK\RecompiledIdlHeaders\um\wpc.h"
"um","wpcapi.h","/um/wpcapi.h","generation\WinSDK\RecompiledIdlHeaders\um\wpcapi.h"
"um","wpcevent.h","/um/wpcevent.h","generation\WinSDK\RecompiledIdlHeaders\um\wpcevent.h"
"um","WpdMtpExtensions.h","/um/WpdMtpExtensions.h","generation\WinSDK\RecompiledIdlHeaders\um\WpdMtpExtensions.h"
"um","WpdShellExtension.h","/um/WpdShellExtension.h","generation\WinSDK\RecompiledIdlHeaders\um\WpdShellExtension.h"
"um","wpframework.h","/um/wpframework.h","generation\WinSDK\RecompiledIdlHeaders\um\wpframework.h"
"um","WRdsGraphicsChannels.h","/um/WRdsGraphicsChannels.h","generation\WinSDK\RecompiledIdlHeaders\um\WRdsGraphicsChannels.h"
"um","WS2atm.h","/um/WS2atm.h","generation\WinSDK\RecompiledIdlHeaders\um\WS2atm.h"
"um","ws2bth.h","/um/ws2bth.h","generation\WinSDK\RecompiledIdlHeaders\um\ws2bth.h"
"um","WS2spi.h","/um/WS2spi.h","generation\WinSDK\RecompiledIdlHeaders\um\WS2spi.h"
"um","WS2tcpip.h","/um/WS2tcpip.h","generation\WinSDK\RecompiledIdlHeaders\um\WS2tcpip.h"
"um","wsbapp.h","/um/wsbapp.h","generation\WinSDK\RecompiledIdlHeaders\um\wsbapp.h"
"um","wsbapperror.h","/um/wsbapperror.h","generation\WinSDK\RecompiledIdlHeaders\um\wsbapperror.h"
"um","wsbonline.h","/um/wsbonline.h","generation\WinSDK\RecompiledIdlHeaders\um\wsbonline.h"
"um","wsbonlineerror.h","/um/wsbonlineerror.h","generation\WinSDK\RecompiledIdlHeaders\um\wsbonlineerror.h"
"um","Wscapi.h","/um/Wscapi.h","generation\WinSDK\RecompiledIdlHeaders\um\Wscapi.h"
"um","Wsdapi.h","/um/Wsdapi.h","generation\WinSDK\RecompiledIdlHeaders\um\Wsdapi.h"
"um","Wsdattachment.h","/um/Wsdattachment.h","generation\WinSDK\RecompiledIdlHeaders\um\Wsdattachment.h"
"um","Wsdbase.h","/um/Wsdbase.h","generation\WinSDK\RecompiledIdlHeaders\um\Wsdbase.h"
"um","Wsdclient.h","/um/Wsdclient.h","generation\WinSDK\RecompiledIdlHeaders\um\Wsdclient.h"
"um","Wsddisco.h","/um/Wsddisco.h","generation\WinSDK\RecompiledIdlHeaders\um\Wsddisco.h"
"um","wsdemolicensing.h","/um/wsdemolicensing.h","generation\WinSDK\RecompiledIdlHeaders\um\wsdemolicensing.h"
"um","Wsdhost.h","/um/Wsdhost.h","generation\WinSDK\RecompiledIdlHeaders\um\Wsdhost.h"
"um","Wsdns.h","/um/Wsdns.h","generation\WinSDK\RecompiledIdlHeaders\um\Wsdns.h"
"um","Wsdtypes.h","/um/Wsdtypes.h","generation\WinSDK\RecompiledIdlHeaders\um\Wsdtypes.h"
"um","Wsdutil.h","/um/Wsdutil.h","generation\WinSDK\RecompiledIdlHeaders\um\Wsdutil.h"
"um","Wsdxml.h","/um/Wsdxml.h","generation\WinSDK\RecompiledIdlHeaders\um\Wsdxml.h"
"um","Wsdxmldom.h","/um/Wsdxmldom.h","generation\WinSDK\RecompiledIdlHeaders\um\Wsdxmldom.h"
"um","WShisotp.h","/um/WShisotp.h","generation\WinSDK\RecompiledIdlHeaders\um\WShisotp.h"
"um","wsipv6ok.h","/um/wsipv6ok.h","generation\WinSDK\RecompiledIdlHeaders\um\wsipv6ok.h"
"um","WSipx.h","/um/WSipx.h","generation\WinSDK\RecompiledIdlHeaders\um\WSipx.h"
"um","wslapi.h","/um/wslapi.h","generation\WinSDK\RecompiledIdlHeaders\um\wslapi.h"
"um","wsman.h","/um/wsman.h","generation\WinSDK\RecompiledIdlHeaders\um\wsman.h"
"um","wsmandisp.h","/um/wsmandisp.h","generation\WinSDK\RecompiledIdlHeaders\um\wsmandisp.h"
"um","wsmerror.h","/um/wsmerror.h","generation\WinSDK\RecompiledIdlHeaders\um\wsmerror.h"
"um","WSnetbs.h","/um/WSnetbs.h","generation\WinSDK\RecompiledIdlHeaders\um\WSnetbs.h"
"um","WSNwLink.h","/um/WSNwLink.h","generation\WinSDK\RecompiledIdlHeaders\um\WSNwLink.h"
"um","WSPiApi.h","/um/WSPiApi.h","generation\WinSDK\RecompiledIdlHeaders\um\WSPiApi.h"
"um","wsrm.h","/um/wsrm.h","generation\WinSDK\RecompiledIdlHeaders\um\wsrm.h"
"um","WSvns.h","/um/WSvns.h","generation\WinSDK\RecompiledIdlHeaders\um\WSvns.h"
"um","WtsApi32.h","/um/WtsApi32.h","generation\WinSDK\RecompiledIdlHeaders\um\WtsApi32.h"
"um","wtsdefs.h","/um/wtsdefs.h","generation\WinSDK\RecompiledIdlHeaders\um\wtsdefs.h"
"um","wtshintapi.h","/um/wtshintapi.h","generation\WinSDK\RecompiledIdlHeaders\um\wtshintapi.h"
"um","wtsprotocol.h","/um/wtsprotocol.h","generation\WinSDK\RecompiledIdlHeaders\um\wtsprotocol.h"
"um","wuapi.h","/um/wuapi.h","generation\WinSDK\RecompiledIdlHeaders\um\wuapi.h"
"um","wuerror.h","/um/wuerror.h","generation\WinSDK\RecompiledIdlHeaders\um\wuerror.h"
"um","x3daudio.h","/um/x3daudio.h","generation\WinSDK\RecompiledIdlHeaders\um\x3daudio.h"
"um","xa.h","/um/xa.h","generation\WinSDK\RecompiledIdlHeaders\um\xa.h"
"um","xamlOM.h","/um/xamlOM.h","generation\WinSDK\RecompiledIdlHeaders\um\xamlOM.h"
"um","xapo.h","/um/xapo.h","generation\WinSDK\RecompiledIdlHeaders\um\xapo.h"
"um","xapobase.h","/um/xapobase.h","generation\WinSDK\RecompiledIdlHeaders\um\xapobase.h"
"um","xapofx.h","/um/xapofx.h","generation\WinSDK\RecompiledIdlHeaders\um\xapofx.h"
"um","xaudio2.h","/um/xaudio2.h","generation\WinSDK\RecompiledIdlHeaders\um\xaudio2.h"
"um","xaudio2fx.h","/um/xaudio2fx.h","generation\WinSDK\RecompiledIdlHeaders\um\xaudio2fx.h"
"um","XblIdpAuthManager.h","/um/XblIdpAuthManager.h","generation\WinSDK\RecompiledIdlHeaders\um\XblIdpAuthManager.h"
"um","xenroll.h","/um/xenroll.h","generation\WinSDK\RecompiledIdlHeaders\um\xenroll.h"
"um","Xinput.h","/um/Xinput.h","generation\WinSDK\RecompiledIdlHeaders\um\Xinput.h"
"um","XmlDomDid.h","/um/XmlDomDid.h","generation\WinSDK\RecompiledIdlHeaders\um\XmlDomDid.h"
"um","XmlDsodid.h","/um/XmlDsodid.h","generation\WinSDK\RecompiledIdlHeaders\um\XmlDsodid.h"
"um","xmllite.h","/um/xmllite.h","generation\WinSDK\RecompiledIdlHeaders\um\xmllite.h"
"um","xoleHlp.h","/um/xoleHlp.h","generation\WinSDK\RecompiledIdlHeaders\um\xoleHlp.h"
"um","xprtdefs.h","/um/xprtdefs.h","generation\WinSDK\RecompiledIdlHeaders\um\xprtdefs.h"
"um","xpsdigitalsignature.h","/um/xpsdigitalsignature.h","generation\WinSDK\RecompiledIdlHeaders\um\xpsdigitalsignature.h"
"um","xpsobjectmodel_1.h","/um/xpsobjectmodel_1.h","generation\WinSDK\RecompiledIdlHeaders\um\xpsobjectmodel_1.h"
"um","xpsobjectmodel_2.h","/um/xpsobjectmodel_2.h","generation\WinSDK\RecompiledIdlHeaders\um\xpsobjectmodel_2.h"
"um","xpsobjectmodel.h","/um/xpsobjectmodel.h","generation\WinSDK\RecompiledIdlHeaders\um\xpsobjectmodel.h"
"um","xpsprint.h","/um/xpsprint.h","generation\WinSDK\RecompiledIdlHeaders\um\xpsprint.h"
"um","xpsrassvc.h","/um/xpsrassvc.h","generation\WinSDK\RecompiledIdlHeaders\um\xpsrassvc.h"
"um","zmouse.h","/um/zmouse.h","generation\WinSDK\RecompiledIdlHeaders\um\zmouse.h"
"winrt","activation.h","/winrt/activation.h","generation\WinSDK\RecompiledIdlHeaders\winrt\activation.h"
"winrt","activationregistration.h","/winrt/activationregistration.h","generation\WinSDK\RecompiledIdlHeaders\winrt\activationregistration.h"
"winrt","asyncinfo.h","/winrt/asyncinfo.h","generation\WinSDK\RecompiledIdlHeaders\winrt\asyncinfo.h"
"winrt","CoreWindow.h","/winrt/CoreWindow.h","generation\WinSDK\RecompiledIdlHeaders\winrt\CoreWindow.h"
"winrt","dlnaerror.h","/winrt/dlnaerror.h","generation\WinSDK\RecompiledIdlHeaders\winrt\dlnaerror.h"
"winrt","DocumentSource.h","/winrt/DocumentSource.h","generation\WinSDK\RecompiledIdlHeaders\winrt\DocumentSource.h"
"winrt","EventToken.h","/winrt/EventToken.h","generation\WinSDK\RecompiledIdlHeaders\winrt\EventToken.h"
"winrt","hstring.h","/winrt/hstring.h","generation\WinSDK\RecompiledIdlHeaders\winrt\hstring.h"
"winrt","inspectable.h","/winrt/inspectable.h","generation\WinSDK\RecompiledIdlHeaders\winrt\inspectable.h"
"winrt","ivectorchangedeventargs.h","/winrt/ivectorchangedeventargs.h","generation\WinSDK\RecompiledIdlHeaders\winrt\ivectorchangedeventargs.h"
"winrt","MemoryBuffer.h","/winrt/MemoryBuffer.h","generation\WinSDK\RecompiledIdlHeaders\winrt\MemoryBuffer.h"
"winrt","MessageDispatcherApi.h","/winrt/MessageDispatcherApi.h","generation\WinSDK\RecompiledIdlHeaders\winrt\MessageDispatcherApi.h"
"winrt","midlbase.h","/winrt/midlbase.h","generation\WinSDK\RecompiledIdlHeaders\winrt\midlbase.h"
"winrt","rdpappcontainerclient.h","/winrt/rdpappcontainerclient.h","generation\WinSDK\RecompiledIdlHeaders\winrt\rdpappcontainerclient.h"
"winrt","roapi.h","/winrt/roapi.h","generation\WinSDK\RecompiledIdlHeaders\winrt\roapi.h"
"winrt","robuffer.h","/winrt/robuffer.h","generation\WinSDK\RecompiledIdlHeaders\winrt\robuffer.h"
"winrt","roerrorapi.h","/winrt/roerrorapi.h","generation\WinSDK\RecompiledIdlHeaders\winrt\roerrorapi.h"
"winrt","rometadata.h","/winrt/rometadata.h","generation\WinSDK\RecompiledIdlHeaders\winrt\rometadata.h"
"winrt","RoMetadataApi.h","/winrt/RoMetadataApi.h","generation\WinSDK\RecompiledIdlHeaders\winrt\RoMetadataApi.h"
"winrt","rometadataresolution.h","/winrt/rometadataresolution.h","generation\WinSDK\RecompiledIdlHeaders\winrt\rometadataresolution.h"
"winrt","roparameterizediid.h","/winrt/roparameterizediid.h","generation\WinSDK\RecompiledIdlHeaders\winrt\roparameterizediid.h"
"winrt","roregistrationapi.h","/winrt/roregistrationapi.h","generation\WinSDK\RecompiledIdlHeaders\winrt\roregistrationapi.h"
"winrt","shcore.h","/winrt/shcore.h","generation\WinSDK\RecompiledIdlHeaders\winrt\shcore.h"
"winrt","systemmanagementcontract.h","/winrt/systemmanagementcontract.h","generation\WinSDK\RecompiledIdlHeaders\winrt\systemmanagementcontract.h"
"winrt","typeresolution.h","/winrt/typeresolution.h","generation\WinSDK\RecompiledIdlHeaders\winrt\typeresolution.h"
"winrt","WeakReference.h","/winrt/WeakReference.h","generation\WinSDK\RecompiledIdlHeaders\winrt\WeakReference.h"
"winrt","webapplication.h","/winrt/webapplication.h","generation\WinSDK\RecompiledIdlHeaders\winrt\webapplication.h"
"winrt","windows.ai.actions.h","/winrt/windows.ai.actions.h","generation\WinSDK\RecompiledIdlHeaders\winrt\windows.ai.actions.h"
"winrt","windows.ai.actions.hosting.h","/winrt/windows.ai.actions.hosting.h","generation\WinSDK\RecompiledIdlHeaders\winrt\windows.ai.actions.hosting.h"
"winrt","windows.ai.actions.provider.h","/winrt/windows.ai.actions.provider.h","generation\WinSDK\RecompiledIdlHeaders\winrt\windows.ai.actions.provider.h"
"winrt","windows.ai.agents.h","/winrt/windows.ai.agents.h","generation\WinSDK\RecompiledIdlHeaders\winrt\windows.ai.agents.h"
"winrt","windows.ai.agents.mcp.h","/winrt/windows.ai.agents.mcp.h","generation\WinSDK\RecompiledIdlHeaders\winrt\windows.ai.agents.mcp.h"
"winrt","Windows.AI.MachineLearning.h","/winrt/Windows.AI.MachineLearning.h","generation\WinSDK\RecompiledIdlHeaders\winrt\Windows.AI.MachineLearning.h"
"winrt","Windows.AI.MachineLearning.Preview.h","/winrt/Windows.AI.MachineLearning.Preview.h","generation\WinSDK\RecompiledIdlHeaders\winrt\Windows.AI.MachineLearning.Preview.h"
"winrt","Windows.Applicationmodel.Activation.h","/winrt/Windows.Applicationmodel.Activation.h","generation\WinSDK\RecompiledIdlHeaders\winrt\Windows.Applicationmodel.Activation.h"
"winrt","Windows.ApplicationModel.AppExtensions.h","/winrt/Windows.ApplicationModel.AppExtensions.h","generation\WinSDK\RecompiledIdlHeaders\winrt\Windows.ApplicationModel.AppExtensions.h"
"winrt","Windows.ApplicationModel.appointments.appointmentsprovider.h","/winrt/Windows.ApplicationModel.appointments.appointmentsprovider.h","generation\WinSDK\RecompiledIdlHeaders\winrt\Windows.ApplicationModel.appointments.appointmentsprovider.h"
"winrt","Windows.ApplicationModel.appointments.dataprovider.h","/winrt/Windows.ApplicationModel.appointments.dataprovider.h","generation\WinSDK\RecompiledIdlHeaders\winrt\Windows.ApplicationModel.appointments.dataprovider.h"
"winrt","Windows.ApplicationModel.appointments.h","/winrt/Windows.ApplicationModel.appointments.h","generation\WinSDK\RecompiledIdlHeaders\winrt\Windows.ApplicationModel.appointments.h"
"winrt","Windows.ApplicationModel.AppService.h","/winrt/Windows.ApplicationModel.AppService.h","generation\WinSDK\RecompiledIdlHeaders\winrt\Windows.ApplicationModel.AppService.h"
"winrt","Windows.ApplicationModel.background.h","/winrt/Windows.ApplicationModel.background.h","generation\WinSDK\RecompiledIdlHeaders\winrt\Windows.ApplicationModel.background.h"
"winrt","Windows.Applicationmodel.Calls.Background.h","/winrt/Windows.Applicationmodel.Calls.Background.h","generation\WinSDK\RecompiledIdlHeaders\winrt\Windows.Applicationmodel.Calls.Background.h"
"winrt","Windows.Applicationmodel.Calls.h","/winrt/Windows.Applicationmodel.Calls.h","generation\WinSDK\RecompiledIdlHeaders\winrt\Windows.Applicationmodel.Calls.h"
"winrt","windows.applicationmodel.calls.provider.h","/winrt/windows.applicationmodel.calls.provider.h","generation\WinSDK\RecompiledIdlHeaders\winrt\windows.applicationmodel.calls.provider.h"
"winrt","Windows.Applicationmodel.Chat.h","/winrt/Windows.Applicationmodel.Chat.h","generation\WinSDK\RecompiledIdlHeaders\winrt\Windows.Applicationmodel.Chat.h"
"winrt","windows.applicationmodel.communicationblocking.h","/winrt/windows.applicationmodel.communicationblocking.h","generation\WinSDK\RecompiledIdlHeaders\winrt\windows.applicationmodel.communicationblocking.h"
"winrt","Windows.ApplicationModel.contacts.dataprovider.h","/winrt/Windows.ApplicationModel.contacts.dataprovider.h","generation\WinSDK\RecompiledIdlHeaders\winrt\Windows.ApplicationModel.contacts.dataprovider.h"
"winrt","Windows.ApplicationModel.contacts.h","/winrt/Windows.ApplicationModel.contacts.h","generation\WinSDK\RecompiledIdlHeaders\winrt\Windows.ApplicationModel.contacts.h"
"winrt","Windows.ApplicationModel.contacts.provider.h","/winrt/Windows.ApplicationModel.contacts.provider.h","generation\WinSDK\RecompiledIdlHeaders\winrt\Windows.ApplicationModel.contacts.provider.h"
"winrt","Windows.ApplicationModel.ConversationalAgent.h","/winrt/Windows.ApplicationModel.ConversationalAgent.h","generation\WinSDK\RecompiledIdlHeaders\winrt\Windows.ApplicationModel.ConversationalAgent.h"
"winrt","Windows.ApplicationModel.core.h","/winrt/Windows.ApplicationModel.core.h","generation\WinSDK\RecompiledIdlHeaders\winrt\Windows.ApplicationModel.core.h"
"winrt","Windows.ApplicationModel.datatransfer.dragdrop.core.h","/winrt/Windows.ApplicationModel.datatransfer.dragdrop.core.h","generation\WinSDK\RecompiledIdlHeaders\winrt\Windows.ApplicationModel.datatransfer.dragdrop.core.h"
"winrt","Windows.ApplicationModel.datatransfer.dragdrop.h","/winrt/Windows.ApplicationModel.datatransfer.dragdrop.h","generation\WinSDK\RecompiledIdlHeaders\winrt\Windows.ApplicationModel.datatransfer.dragdrop.h"
"winrt","Windows.ApplicationModel.datatransfer.h","/winrt/Windows.ApplicationModel.datatransfer.h","generation\WinSDK\RecompiledIdlHeaders\winrt\Windows.ApplicationModel.datatransfer.h"
"winrt","Windows.ApplicationModel.datatransfer.sharetarget.h","/winrt/Windows.ApplicationModel.datatransfer.sharetarget.h","generation\WinSDK\RecompiledIdlHeaders\winrt\Windows.ApplicationModel.datatransfer.sharetarget.h"
"winrt","Windows.ApplicationModel.email.dataprovider.h","/winrt/Windows.ApplicationModel.email.dataprovider.h","generation\WinSDK\RecompiledIdlHeaders\winrt\Windows.ApplicationModel.email.dataprovider.h"
"winrt","Windows.ApplicationModel.email.h","/winrt/Windows.ApplicationModel.email.h","generation\WinSDK\RecompiledIdlHeaders\winrt\Windows.ApplicationModel.email.h"
"winrt","Windows.ApplicationModel.ExtendedExecution.Foreground.h","/winrt/Windows.ApplicationModel.ExtendedExecution.Foreground.h","generation\WinSDK\RecompiledIdlHeaders\winrt\Windows.ApplicationModel.ExtendedExecution.Foreground.h"
"winrt","Windows.ApplicationModel.ExtendedExecution.h","/winrt/Windows.ApplicationModel.ExtendedExecution.h","generation\WinSDK\RecompiledIdlHeaders\winrt\Windows.ApplicationModel.ExtendedExecution.h"
"winrt","Windows.ApplicationModel.h","/winrt/Windows.ApplicationModel.h","generation\WinSDK\RecompiledIdlHeaders\winrt\Windows.ApplicationModel.h"
"winrt","windows.applicationmodel.holographic.h","/winrt/windows.applicationmodel.holographic.h","generation\WinSDK\RecompiledIdlHeaders\winrt\windows.applicationmodel.holographic.h"
"winrt","Windows.ApplicationModel.Infrastructure.h","/winrt/Windows.ApplicationModel.Infrastructure.h","generation\WinSDK\RecompiledIdlHeaders\winrt\Windows.ApplicationModel.Infrastructure.h"
"winrt","Windows.ApplicationModel.LockScreen.h","/winrt/Windows.ApplicationModel.LockScreen.h","generation\WinSDK\RecompiledIdlHeaders\winrt\Windows.ApplicationModel.LockScreen.h"
"winrt","windows.applicationmodel.packageextensions.h","/winrt/windows.applicationmodel.packageextensions.h","generation\WinSDK\RecompiledIdlHeaders\winrt\windows.applicationmodel.packageextensions.h"
"winrt","windows.Applicationmodel.Payments.h","/winrt/windows.Applicationmodel.Payments.h","generation\WinSDK\RecompiledIdlHeaders\winrt\windows.Applicationmodel.Payments.h"
"winrt","windows.Applicationmodel.Payments.Provider.h","/winrt/windows.Applicationmodel.Payments.Provider.h","generation\WinSDK\RecompiledIdlHeaders\winrt\windows.Applicationmodel.Payments.Provider.h"
"winrt","windows.applicationmodel.preview.h","/winrt/windows.applicationmodel.preview.h","generation\WinSDK\RecompiledIdlHeaders\winrt\windows.applicationmodel.preview.h"
"winrt","Windows.ApplicationModel.Preview.Holographic.h","/winrt/Windows.ApplicationModel.Preview.Holographic.h","generation\WinSDK\RecompiledIdlHeaders\winrt\Windows.ApplicationModel.Preview.Holographic.h"
"winrt","Windows.ApplicationModel.Preview.InkWorkspace.h","/winrt/Windows.ApplicationModel.Preview.InkWorkspace.h","generation\WinSDK\RecompiledIdlHeaders\winrt\Windows.ApplicationModel.Preview.InkWorkspace.h"
"winrt","Windows.ApplicationModel.Preview.Notes.h","/winrt/Windows.ApplicationModel.Preview.Notes.h","generation\WinSDK\RecompiledIdlHeaders\winrt\Windows.ApplicationModel.Preview.Notes.h"
"winrt","Windows.ApplicationModel.resources.core.h","/winrt/Windows.ApplicationModel.resources.core.h","generation\WinSDK\RecompiledIdlHeaders\winrt\Windows.ApplicationModel.resources.core.h"
"winrt","Windows.ApplicationModel.resources.h","/winrt/Windows.ApplicationModel.resources.h","generation\WinSDK\RecompiledIdlHeaders\winrt\Windows.ApplicationModel.resources.h"
"winrt","Windows.ApplicationModel.resources.management.h","/winrt/Windows.ApplicationModel.resources.management.h","generation\WinSDK\RecompiledIdlHeaders\winrt\Windows.ApplicationModel.resources.management.h"
"winrt","windows.applicationmodel.search.core.h","/winrt/windows.applicationmodel.search.core.h","generation\WinSDK\RecompiledIdlHeaders\winrt\windows.applicationmodel.search.core.h"
"winrt","Windows.ApplicationModel.search.h","/winrt/Windows.ApplicationModel.search.h","generation\WinSDK\RecompiledIdlHeaders\winrt\Windows.ApplicationModel.search.h"
"winrt","Windows.ApplicationModel.socialinfo.h","/winrt/Windows.ApplicationModel.socialinfo.h","generation\WinSDK\RecompiledIdlHeaders\winrt\Windows.ApplicationModel.socialinfo.h"
"winrt","Windows.ApplicationModel.socialinfo.provider.h","/winrt/Windows.ApplicationModel.socialinfo.provider.h","generation\WinSDK\RecompiledIdlHeaders\winrt\Windows.ApplicationModel.socialinfo.provider.h"
"winrt","Windows.ApplicationModel.store.h","/winrt/Windows.ApplicationModel.store.h","generation\WinSDK\RecompiledIdlHeaders\winrt\Windows.ApplicationModel.store.h"
"winrt","Windows.ApplicationModel.store.licensemanagement.h","/winrt/Windows.ApplicationModel.store.licensemanagement.h","generation\WinSDK\RecompiledIdlHeaders\winrt\Windows.ApplicationModel.store.licensemanagement.h"
"winrt","Windows.ApplicationModel.store.preview.h","/winrt/Windows.ApplicationModel.store.preview.h","generation\WinSDK\RecompiledIdlHeaders\winrt\Windows.ApplicationModel.store.preview.h"
"winrt","Windows.ApplicationModel.store.preview.installcontrol.h","/winrt/Windows.ApplicationModel.store.preview.installcontrol.h","generation\WinSDK\RecompiledIdlHeaders\winrt\Windows.ApplicationModel.store.preview.installcontrol.h"
"winrt","windows.applicationmodel.useractivities.Core.h","/winrt/windows.applicationmodel.useractivities.Core.h","generation\WinSDK\RecompiledIdlHeaders\winrt\windows.applicationmodel.useractivities.Core.h"
"winrt","windows.applicationmodel.useractivities.h","/winrt/windows.applicationmodel.useractivities.h","generation\WinSDK\RecompiledIdlHeaders\winrt\windows.applicationmodel.useractivities.h"
"winrt","Windows.Applicationmodel.UserDataAccounts.h","/winrt/Windows.Applicationmodel.UserDataAccounts.h","generation\WinSDK\RecompiledIdlHeaders\winrt\Windows.Applicationmodel.UserDataAccounts.h"
"winrt","Windows.Applicationmodel.UserDataAccounts.Provider.h","/winrt/Windows.Applicationmodel.UserDataAccounts.Provider.h","generation\WinSDK\RecompiledIdlHeaders\winrt\Windows.Applicationmodel.UserDataAccounts.Provider.h"
"winrt","Windows.ApplicationModel.UserDataAccounts.SystemAccess.h","/winrt/Windows.ApplicationModel.UserDataAccounts.SystemAccess.h","generation\WinSDK\RecompiledIdlHeaders\winrt\Windows.ApplicationModel.UserDataAccounts.SystemAccess.h"
"winrt","Windows.ApplicationModel.userdatatasks.dataprovider.h","/winrt/Windows.ApplicationModel.userdatatasks.dataprovider.h","generation\WinSDK\RecompiledIdlHeaders\winrt\Windows.ApplicationModel.userdatatasks.dataprovider.h"
"winrt","Windows.ApplicationModel.userdatatasks.h","/winrt/Windows.ApplicationModel.userdatatasks.h","generation\WinSDK\RecompiledIdlHeaders\winrt\Windows.ApplicationModel.userdatatasks.h"
"winrt","Windows.ApplicationModel.VoiceCommands.h","/winrt/Windows.ApplicationModel.VoiceCommands.h","generation\WinSDK\RecompiledIdlHeaders\winrt\Windows.ApplicationModel.VoiceCommands.h"
"winrt","Windows.Applicationmodel.Wallet.h","/winrt/Windows.Applicationmodel.Wallet.h","generation\WinSDK\RecompiledIdlHeaders\winrt\Windows.Applicationmodel.Wallet.h"
"winrt","Windows.Applicationmodel.Wallet.System.h","/winrt/Windows.Applicationmodel.Wallet.System.h","generation\WinSDK\RecompiledIdlHeaders\winrt\Windows.Applicationmodel.Wallet.System.h"
"winrt","windows.data.html.h","/winrt/windows.data.html.h","generation\WinSDK\RecompiledIdlHeaders\winrt\windows.data.html.h"
"winrt","windows.data.json.h","/winrt/windows.data.json.h","generation\WinSDK\RecompiledIdlHeaders\winrt\windows.data.json.h"
"winrt","windows.data.pdf.h","/winrt/windows.data.pdf.h","generation\WinSDK\RecompiledIdlHeaders\winrt\windows.data.pdf.h"
"winrt","windows.data.text.h","/winrt/windows.data.text.h","generation\WinSDK\RecompiledIdlHeaders\winrt\windows.data.text.h"
"winrt","windows.data.xml.dom.h","/winrt/windows.data.xml.dom.h","generation\WinSDK\RecompiledIdlHeaders\winrt\windows.data.xml.dom.h"
"winrt","windows.data.xml.xsl.h","/winrt/windows.data.xml.xsl.h","generation\WinSDK\RecompiledIdlHeaders\winrt\windows.data.xml.xsl.h"
"winrt","windows.devices.adc.h","/winrt/windows.devices.adc.h","generation\WinSDK\RecompiledIdlHeaders\winrt\windows.devices.adc.h"
"winrt","windows.devices.adc.provider.h","/winrt/windows.devices.adc.provider.h","generation\WinSDK\RecompiledIdlHeaders\winrt\windows.devices.adc.provider.h"
"winrt","windows.devices.alljoyn.h","/winrt/windows.devices.alljoyn.h","generation\WinSDK\RecompiledIdlHeaders\winrt\windows.devices.alljoyn.h"
"winrt","windows.devices.background.h","/winrt/windows.devices.background.h","generation\WinSDK\RecompiledIdlHeaders\winrt\windows.devices.background.h"
"winrt","windows.devices.bluetooth.advertisement.h","/winrt/windows.devices.bluetooth.advertisement.h","generation\WinSDK\RecompiledIdlHeaders\winrt\windows.devices.bluetooth.advertisement.h"
"winrt","windows.devices.bluetooth.background.h","/winrt/windows.devices.bluetooth.background.h","generation\WinSDK\RecompiledIdlHeaders\winrt\windows.devices.bluetooth.background.h"
"winrt","windows.devices.bluetooth.genericattributeprofile.h","/winrt/windows.devices.bluetooth.genericattributeprofile.h","generation\WinSDK\RecompiledIdlHeaders\winrt\windows.devices.bluetooth.genericattributeprofile.h"
"winrt","windows.devices.bluetooth.h","/winrt/windows.devices.bluetooth.h","generation\WinSDK\RecompiledIdlHeaders\winrt\windows.devices.bluetooth.h"
"winrt","windows.devices.bluetooth.rfcomm.h","/winrt/windows.devices.bluetooth.rfcomm.h","generation\WinSDK\RecompiledIdlHeaders\winrt\windows.devices.bluetooth.rfcomm.h"
"winrt","windows.devices.custom.h","/winrt/windows.devices.custom.h","generation\WinSDK\RecompiledIdlHeaders\winrt\windows.devices.custom.h"
"winrt","windows.devices.display.core.h","/winrt/windows.devices.display.core.h","generation\WinSDK\RecompiledIdlHeaders\winrt\windows.devices.display.core.h"
"winrt","windows.devices.display.h","/winrt/windows.devices.display.h","generation\WinSDK\RecompiledIdlHeaders\winrt\windows.devices.display.h"
"winrt","windows.devices.enumeration.h","/winrt/windows.devices.enumeration.h","generation\WinSDK\RecompiledIdlHeaders\winrt\windows.devices.enumeration.h"
"winrt","windows.devices.enumeration.pnp.h","/winrt/windows.devices.enumeration.pnp.h","generation\WinSDK\RecompiledIdlHeaders\winrt\windows.devices.enumeration.pnp.h"
"winrt","windows.devices.geolocation.geofencing.h","/winrt/windows.devices.geolocation.geofencing.h","generation\WinSDK\RecompiledIdlHeaders\winrt\windows.devices.geolocation.geofencing.h"
"winrt","windows.devices.geolocation.h","/winrt/windows.devices.geolocation.h","generation\WinSDK\RecompiledIdlHeaders\winrt\windows.devices.geolocation.h"
"winrt","windows.devices.geolocation.provider.h","/winrt/windows.devices.geolocation.provider.h","generation\WinSDK\RecompiledIdlHeaders\winrt\windows.devices.geolocation.provider.h"
"winrt","windows.devices.gpio.h","/winrt/windows.devices.gpio.h","generation\WinSDK\RecompiledIdlHeaders\winrt\windows.devices.gpio.h"
"winrt","windows.devices.gpio.provider.h","/winrt/windows.devices.gpio.provider.h","generation\WinSDK\RecompiledIdlHeaders\winrt\windows.devices.gpio.provider.h"
"winrt","windows.devices.h","/winrt/windows.devices.h","generation\WinSDK\RecompiledIdlHeaders\winrt\windows.devices.h"
"winrt","windows.devices.haptics.h","/winrt/windows.devices.haptics.h","generation\WinSDK\RecompiledIdlHeaders\winrt\windows.devices.haptics.h"
"winrt","windows.devices.humaninterfacedevice.h","/winrt/windows.devices.humaninterfacedevice.h","generation\WinSDK\RecompiledIdlHeaders\winrt\windows.devices.humaninterfacedevice.h"
"winrt","windows.devices.i2c.h","/winrt/windows.devices.i2c.h","generation\WinSDK\RecompiledIdlHeaders\winrt\windows.devices.i2c.h"
"winrt","windows.devices.i2c.provider.h","/winrt/windows.devices.i2c.provider.h","generation\WinSDK\RecompiledIdlHeaders\winrt\windows.devices.i2c.provider.h"
"winrt","windows.devices.input.h","/winrt/windows.devices.input.h","generation\WinSDK\RecompiledIdlHeaders\winrt\windows.devices.input.h"
"winrt","windows.devices.input.preview.h","/winrt/windows.devices.input.preview.h","generation\WinSDK\RecompiledIdlHeaders\winrt\windows.devices.input.preview.h"
"winrt","windows.devices.lights.effects.h","/winrt/windows.devices.lights.effects.h","generation\WinSDK\RecompiledIdlHeaders\winrt\windows.devices.lights.effects.h"
"winrt","windows.devices.lights.h","/winrt/windows.devices.lights.h","generation\WinSDK\RecompiledIdlHeaders\winrt\windows.devices.lights.h"
"winrt","windows.devices.midi.h","/winrt/windows.devices.midi.h","generation\WinSDK\RecompiledIdlHeaders\winrt\windows.devices.midi.h"
"winrt","windows.devices.perception.h","/winrt/windows.devices.perception.h","generation\WinSDK\RecompiledIdlHeaders\winrt\windows.devices.perception.h"
"winrt","windows.devices.perception.provider.h","/winrt/windows.devices.perception.provider.h","generation\WinSDK\RecompiledIdlHeaders\winrt\windows.devices.perception.provider.h"
"winrt","windows.devices.pointofservice.h","/winrt/windows.devices.pointofservice.h","generation\WinSDK\RecompiledIdlHeaders\winrt\windows.devices.pointofservice.h"
"winrt","windows.devices.pointofservice.provider.h","/winrt/windows.devices.pointofservice.provider.h","generation\WinSDK\RecompiledIdlHeaders\winrt\windows.devices.pointofservice.provider.h"
"winrt","windows.devices.portable.h","/winrt/windows.devices.portable.h","generation\WinSDK\RecompiledIdlHeaders\winrt\windows.devices.portable.h"
"winrt","windows.devices.power.h","/winrt/windows.devices.power.h","generation\WinSDK\RecompiledIdlHeaders\winrt\windows.devices.power.h"
"winrt","windows.devices.printers.extensions.h","/winrt/windows.devices.printers.extensions.h","generation\WinSDK\RecompiledIdlHeaders\winrt\windows.devices.printers.extensions.h"
"winrt","windows.devices.printers.h","/winrt/windows.devices.printers.h","generation\WinSDK\RecompiledIdlHeaders\winrt\windows.devices.printers.h"
"winrt","windows.devices.pwm.h","/winrt/windows.devices.pwm.h","generation\WinSDK\RecompiledIdlHeaders\winrt\windows.devices.pwm.h"
"winrt","windows.devices.pwm.provider.h","/winrt/windows.devices.pwm.provider.h","generation\WinSDK\RecompiledIdlHeaders\winrt\windows.devices.pwm.provider.h"
"winrt","windows.devices.radios.h","/winrt/windows.devices.radios.h","generation\WinSDK\RecompiledIdlHeaders\winrt\windows.devices.radios.h"
"winrt","windows.devices.scanners.h","/winrt/windows.devices.scanners.h","generation\WinSDK\RecompiledIdlHeaders\winrt\windows.devices.scanners.h"
"winrt","windows.devices.sensors.custom.h","/winrt/windows.devices.sensors.custom.h","generation\WinSDK\RecompiledIdlHeaders\winrt\windows.devices.sensors.custom.h"
"winrt","windows.devices.sensors.h","/winrt/windows.devices.sensors.h","generation\WinSDK\RecompiledIdlHeaders\winrt\windows.devices.sensors.h"
"winrt","windows.devices.serialcommunication.h","/winrt/windows.devices.serialcommunication.h","generation\WinSDK\RecompiledIdlHeaders\winrt\windows.devices.serialcommunication.h"
"winrt","windows.devices.smartcards.h","/winrt/windows.devices.smartcards.h","generation\WinSDK\RecompiledIdlHeaders\winrt\windows.devices.smartcards.h"
"winrt","windows.devices.sms.h","/winrt/windows.devices.sms.h","generation\WinSDK\RecompiledIdlHeaders\winrt\windows.devices.sms.h"
"winrt","windows.devices.spi.h","/winrt/windows.devices.spi.h","generation\WinSDK\RecompiledIdlHeaders\winrt\windows.devices.spi.h"
"winrt","windows.devices.spi.provider.h","/winrt/windows.devices.spi.provider.h","generation\WinSDK\RecompiledIdlHeaders\winrt\windows.devices.spi.provider.h"
"winrt","windows.devices.usb.h","/winrt/windows.devices.usb.h","generation\WinSDK\RecompiledIdlHeaders\winrt\windows.devices.usb.h"
"winrt","windows.devices.wifi.h","/winrt/windows.devices.wifi.h","generation\WinSDK\RecompiledIdlHeaders\winrt\windows.devices.wifi.h"
"winrt","windows.devices.wifidirect.h","/winrt/windows.devices.wifidirect.h","generation\WinSDK\RecompiledIdlHeaders\winrt\windows.devices.wifidirect.h"
"winrt","windows.devices.wifidirect.services.h","/winrt/windows.devices.wifidirect.services.h","generation\WinSDK\RecompiledIdlHeaders\winrt\windows.devices.wifidirect.services.h"
"winrt","windows.foundation.collections.h","/winrt/windows.foundation.collections.h","generation\WinSDK\RecompiledIdlHeaders\winrt\windows.foundation.collections.h"
"winrt","windows.foundation.diagnostics.h","/winrt/windows.foundation.diagnostics.h","generation\WinSDK\RecompiledIdlHeaders\winrt\windows.foundation.diagnostics.h"
"winrt","windows.foundation.h","/winrt/windows.foundation.h","generation\WinSDK\RecompiledIdlHeaders\winrt\windows.foundation.h"
"winrt","windows.foundation.metadata.h","/winrt/windows.foundation.metadata.h","generation\WinSDK\RecompiledIdlHeaders\winrt\windows.foundation.metadata.h"
"winrt","windows.foundation.numerics.h","/winrt/windows.foundation.numerics.h","generation\WinSDK\RecompiledIdlHeaders\winrt\windows.foundation.numerics.h"
"winrt","windows.gaming.input.custom.h","/winrt/windows.gaming.input.custom.h","generation\WinSDK\RecompiledIdlHeaders\winrt\windows.gaming.input.custom.h"
"winrt","windows.gaming.input.forcefeedback.h","/winrt/windows.gaming.input.forcefeedback.h","generation\WinSDK\RecompiledIdlHeaders\winrt\windows.gaming.input.forcefeedback.h"
"winrt","windows.gaming.input.h","/winrt/windows.gaming.input.h","generation\WinSDK\RecompiledIdlHeaders\winrt\windows.gaming.input.h"
"winrt","windows.gaming.input.preview.h","/winrt/windows.gaming.input.preview.h","generation\WinSDK\RecompiledIdlHeaders\winrt\windows.gaming.input.preview.h"
"winrt","windows.gaming.preview.gamesenumeration.h","/winrt/windows.gaming.preview.gamesenumeration.h","generation\WinSDK\RecompiledIdlHeaders\winrt\windows.gaming.preview.gamesenumeration.h"
"winrt","windows.gaming.preview.h","/winrt/windows.gaming.preview.h","generation\WinSDK\RecompiledIdlHeaders\winrt\windows.gaming.preview.h"
"winrt","windows.gaming.ui.h","/winrt/windows.gaming.ui.h","generation\WinSDK\RecompiledIdlHeaders\winrt\windows.gaming.ui.h"
"winrt","windows.gaming.xboxlive.h","/winrt/windows.gaming.xboxlive.h","generation\WinSDK\RecompiledIdlHeaders\winrt\windows.gaming.xboxlive.h"
"winrt","windows.gaming.xboxlive.storage.h","/winrt/windows.gaming.xboxlive.storage.h","generation\WinSDK\RecompiledIdlHeaders\winrt\windows.gaming.xboxlive.storage.h"
"winrt","windows.globalization.collation.h","/winrt/windows.globalization.collation.h","generation\WinSDK\RecompiledIdlHeaders\winrt\windows.globalization.collation.h"
"winrt","windows.globalization.datetimeformatting.h","/winrt/windows.globalization.datetimeformatting.h","generation\WinSDK\RecompiledIdlHeaders\winrt\windows.globalization.datetimeformatting.h"
"winrt","windows.globalization.fonts.h","/winrt/windows.globalization.fonts.h","generation\WinSDK\RecompiledIdlHeaders\winrt\windows.globalization.fonts.h"
"winrt","windows.globalization.h","/winrt/windows.globalization.h","generation\WinSDK\RecompiledIdlHeaders\winrt\windows.globalization.h"
"winrt","windows.globalization.numberformatting.h","/winrt/windows.globalization.numberformatting.h","generation\WinSDK\RecompiledIdlHeaders\winrt\windows.globalization.numberformatting.h"
"winrt","windows.globalization.phoneNumberFormatting.h","/winrt/windows.globalization.phoneNumberFormatting.h","generation\WinSDK\RecompiledIdlHeaders\winrt\windows.globalization.phoneNumberFormatting.h"
"winrt","windows.graphics.capture.h","/winrt/windows.graphics.capture.h","generation\WinSDK\RecompiledIdlHeaders\winrt\windows.graphics.capture.h"
"winrt","windows.graphics.directx.direct3d11.h","/winrt/windows.graphics.directx.direct3d11.h","generation\WinSDK\RecompiledIdlHeaders\winrt\windows.graphics.directx.direct3d11.h"
"winrt","windows.graphics.directx.h","/winrt/windows.graphics.directx.h","generation\WinSDK\RecompiledIdlHeaders\winrt\windows.graphics.directx.h"
"winrt","windows.graphics.display.core.h","/winrt/windows.graphics.display.core.h","generation\WinSDK\RecompiledIdlHeaders\winrt\windows.graphics.display.core.h"
"winrt","windows.graphics.display.h","/winrt/windows.graphics.display.h","generation\WinSDK\RecompiledIdlHeaders\winrt\windows.graphics.display.h"
"winrt","windows.graphics.effects.h","/winrt/windows.graphics.effects.h","generation\WinSDK\RecompiledIdlHeaders\winrt\windows.graphics.effects.h"
"winrt","windows.graphics.effects.interop.h","/winrt/windows.graphics.effects.interop.h","generation\WinSDK\RecompiledIdlHeaders\winrt\windows.graphics.effects.interop.h"
"winrt","windows.graphics.h","/winrt/windows.graphics.h","generation\WinSDK\RecompiledIdlHeaders\winrt\windows.graphics.h"
"winrt","windows.graphics.holographic.h","/winrt/windows.graphics.holographic.h","generation\WinSDK\RecompiledIdlHeaders\winrt\windows.graphics.holographic.h"
"winrt","windows.graphics.imaging.h","/winrt/windows.graphics.imaging.h","generation\WinSDK\RecompiledIdlHeaders\winrt\windows.graphics.imaging.h"
"winrt","windows.graphics.interop.h","/winrt/windows.graphics.interop.h","generation\WinSDK\RecompiledIdlHeaders\winrt\windows.graphics.interop.h"
"winrt","windows.graphics.printing.h","/winrt/windows.graphics.printing.h","generation\WinSDK\RecompiledIdlHeaders\winrt\windows.graphics.printing.h"
"winrt","windows.graphics.printing.optiondetails.h","/winrt/windows.graphics.printing.optiondetails.h","generation\WinSDK\RecompiledIdlHeaders\winrt\windows.graphics.printing.optiondetails.h"
"winrt","windows.graphics.printing.printsupport.h","/winrt/windows.graphics.printing.printsupport.h","generation\WinSDK\RecompiledIdlHeaders\winrt\windows.graphics.printing.printsupport.h"
"winrt","windows.graphics.printing.PrintTicket.h","/winrt/windows.graphics.printing.PrintTicket.h","generation\WinSDK\RecompiledIdlHeaders\winrt\windows.graphics.printing.PrintTicket.h"
"winrt","windows.graphics.printing.protectedprint.h","/winrt/windows.graphics.printing.protectedprint.h","generation\WinSDK\RecompiledIdlHeaders\winrt\windows.graphics.printing.protectedprint.h"
"winrt","windows.graphics.printing.workflow.h","/winrt/windows.graphics.printing.workflow.h","generation\WinSDK\RecompiledIdlHeaders\winrt\windows.graphics.printing.workflow.h"
"winrt","windows.graphics.printing3d.h","/winrt/windows.graphics.printing3d.h","generation\WinSDK\RecompiledIdlHeaders\winrt\windows.graphics.printing3d.h"
"winrt","windows.management.core.h","/winrt/windows.management.core.h","generation\WinSDK\RecompiledIdlHeaders\winrt\windows.management.core.h"
"winrt","windows.management.deployment.h","/winrt/windows.management.deployment.h","generation\WinSDK\RecompiledIdlHeaders\winrt\windows.management.deployment.h"
"winrt","windows.management.deployment.Preview.h","/winrt/windows.management.deployment.Preview.h","generation\WinSDK\RecompiledIdlHeaders\winrt\windows.management.deployment.Preview.h"
"winrt","windows.management.h","/winrt/windows.management.h","generation\WinSDK\RecompiledIdlHeaders\winrt\windows.management.h"
"winrt","windows.management.policies.h","/winrt/windows.management.policies.h","generation\WinSDK\RecompiledIdlHeaders\winrt\windows.management.policies.h"
"winrt","windows.management.setup.h","/winrt/windows.management.setup.h","generation\WinSDK\RecompiledIdlHeaders\winrt\windows.management.setup.h"
"winrt","windows.management.update.h","/winrt/windows.management.update.h","generation\WinSDK\RecompiledIdlHeaders\winrt\windows.management.update.h"
"winrt","windows.management.workplace.h","/winrt/windows.management.workplace.h","generation\WinSDK\RecompiledIdlHeaders\winrt\windows.management.workplace.h"
"winrt","windows.media.appbroadcasting.h","/winrt/windows.media.appbroadcasting.h","generation\WinSDK\RecompiledIdlHeaders\winrt\windows.media.appbroadcasting.h"
"winrt","windows.media.apprecording.h","/winrt/windows.media.apprecording.h","generation\WinSDK\RecompiledIdlHeaders\winrt\windows.media.apprecording.h"
"winrt","windows.media.audio.h","/winrt/windows.media.audio.h","generation\WinSDK\RecompiledIdlHeaders\winrt\windows.media.audio.h"
"winrt","windows.media.capture.core.h","/winrt/windows.media.capture.core.h","generation\WinSDK\RecompiledIdlHeaders\winrt\windows.media.capture.core.h"
"winrt","windows.media.capture.frames.h","/winrt/windows.media.capture.frames.h","generation\WinSDK\RecompiledIdlHeaders\winrt\windows.media.capture.frames.h"
"winrt","windows.media.capture.h","/winrt/windows.media.capture.h","generation\WinSDK\RecompiledIdlHeaders\winrt\windows.media.capture.h"
"winrt","windows.media.casting.h","/winrt/windows.media.casting.h","generation\WinSDK\RecompiledIdlHeaders\winrt\windows.media.casting.h"
"winrt","windows.media.closedcaptioning.h","/winrt/windows.media.closedcaptioning.h","generation\WinSDK\RecompiledIdlHeaders\winrt\windows.media.closedcaptioning.h"
"winrt","windows.media.contentrestrictions.h","/winrt/windows.media.contentrestrictions.h","generation\WinSDK\RecompiledIdlHeaders\winrt\windows.media.contentrestrictions.h"
"winrt","windows.media.control.h","/winrt/windows.media.control.h","generation\WinSDK\RecompiledIdlHeaders\winrt\windows.media.control.h"
"winrt","windows.media.core.h","/winrt/windows.media.core.h","generation\WinSDK\RecompiledIdlHeaders\winrt\windows.media.core.h"
"winrt","windows.media.core.preview.h","/winrt/windows.media.core.preview.h","generation\WinSDK\RecompiledIdlHeaders\winrt\windows.media.core.preview.h"
"winrt","windows.media.devices.core.h","/winrt/windows.media.devices.core.h","generation\WinSDK\RecompiledIdlHeaders\winrt\windows.media.devices.core.h"
"winrt","windows.media.devices.h","/winrt/windows.media.devices.h","generation\WinSDK\RecompiledIdlHeaders\winrt\windows.media.devices.h"
"winrt","windows.media.dialprotocol.h","/winrt/windows.media.dialprotocol.h","generation\WinSDK\RecompiledIdlHeaders\winrt\windows.media.dialprotocol.h"
"winrt","windows.media.editing.h","/winrt/windows.media.editing.h","generation\WinSDK\RecompiledIdlHeaders\winrt\windows.media.editing.h"
"winrt","windows.media.effects.h","/winrt/windows.media.effects.h","generation\WinSDK\RecompiledIdlHeaders\winrt\windows.media.effects.h"
"winrt","windows.media.faceanalysis.h","/winrt/windows.media.faceanalysis.h","generation\WinSDK\RecompiledIdlHeaders\winrt\windows.media.faceanalysis.h"
"winrt","windows.media.h","/winrt/windows.media.h","generation\WinSDK\RecompiledIdlHeaders\winrt\windows.media.h"
"winrt","windows.media.import.h","/winrt/windows.media.import.h","generation\WinSDK\RecompiledIdlHeaders\winrt\windows.media.import.h"
"winrt","windows.media.mediaproperties.h","/winrt/windows.media.mediaproperties.h","generation\WinSDK\RecompiledIdlHeaders\winrt\windows.media.mediaproperties.h"
"winrt","windows.media.miracast.h","/winrt/windows.media.miracast.h","generation\WinSDK\RecompiledIdlHeaders\winrt\windows.media.miracast.h"
"winrt","windows.media.ocr.h","/winrt/windows.media.ocr.h","generation\WinSDK\RecompiledIdlHeaders\winrt\windows.media.ocr.h"
"winrt","windows.media.playback.h","/winrt/windows.media.playback.h","generation\WinSDK\RecompiledIdlHeaders\winrt\windows.media.playback.h"
"winrt","windows.media.playlists.h","/winrt/windows.media.playlists.h","generation\WinSDK\RecompiledIdlHeaders\winrt\windows.media.playlists.h"
"winrt","windows.media.playto.h","/winrt/windows.media.playto.h","generation\WinSDK\RecompiledIdlHeaders\winrt\windows.media.playto.h"
"winrt","windows.media.protection.h","/winrt/windows.media.protection.h","generation\WinSDK\RecompiledIdlHeaders\winrt\windows.media.protection.h"
"winrt","Windows.Media.Protection.PlayReady.h","/winrt/Windows.Media.Protection.PlayReady.h","generation\WinSDK\RecompiledIdlHeaders\winrt\Windows.Media.Protection.PlayReady.h"
"winrt","Windows.Media.Protection.PlayReadyErrors.h","/winrt/Windows.Media.Protection.PlayReadyErrors.h","generation\WinSDK\RecompiledIdlHeaders\winrt\Windows.Media.Protection.PlayReadyErrors.h"
"winrt","Windows.Media.Protection.PlayReadyResults.h","/winrt/Windows.Media.Protection.PlayReadyResults.h","generation\WinSDK\RecompiledIdlHeaders\winrt\Windows.Media.Protection.PlayReadyResults.h"
"winrt","windows.media.render.h","/winrt/windows.media.render.h","generation\WinSDK\RecompiledIdlHeaders\winrt\windows.media.render.h"
"winrt","windows.media.speechrecognition.h","/winrt/windows.media.speechrecognition.h","generation\WinSDK\RecompiledIdlHeaders\winrt\windows.media.speechrecognition.h"
"winrt","windows.media.speechsynthesis.h","/winrt/windows.media.speechsynthesis.h","generation\WinSDK\RecompiledIdlHeaders\winrt\windows.media.speechsynthesis.h"
"winrt","windows.media.streaming.adaptive.h","/winrt/windows.media.streaming.adaptive.h","generation\WinSDK\RecompiledIdlHeaders\winrt\windows.media.streaming.adaptive.h"
"winrt","Windows.Media.Streaming.Devices.h","/winrt/Windows.Media.Streaming.Devices.h","generation\WinSDK\RecompiledIdlHeaders\winrt\Windows.Media.Streaming.Devices.h"
"winrt","Windows.Media.Streaming.h","/winrt/Windows.Media.Streaming.h","generation\WinSDK\RecompiledIdlHeaders\winrt\Windows.Media.Streaming.h"
"winrt","Windows.Media.Streaming.Internal.h","/winrt/Windows.Media.Streaming.Internal.h","generation\WinSDK\RecompiledIdlHeaders\winrt\Windows.Media.Streaming.Internal.h"
"winrt","windows.media.transcoding.h","/winrt/windows.media.transcoding.h","generation\WinSDK\RecompiledIdlHeaders\winrt\windows.media.transcoding.h"
"winrt","windows.networking.backgroundtransfer.h","/winrt/windows.networking.backgroundtransfer.h","generation\WinSDK\RecompiledIdlHeaders\winrt\windows.networking.backgroundtransfer.h"
"winrt","windows.networking.connectivity.h","/winrt/windows.networking.connectivity.h","generation\WinSDK\RecompiledIdlHeaders\winrt\windows.networking.connectivity.h"
"winrt","windows.networking.h","/winrt/windows.networking.h","generation\WinSDK\RecompiledIdlHeaders\winrt\windows.networking.h"
"winrt","windows.networking.networkoperators.h","/winrt/windows.networking.networkoperators.h","generation\WinSDK\RecompiledIdlHeaders\winrt\windows.networking.networkoperators.h"
"winrt","windows.networking.proximity.h","/winrt/windows.networking.proximity.h","generation\WinSDK\RecompiledIdlHeaders\winrt\windows.networking.proximity.h"
"winrt","windows.networking.pushnotifications.h","/winrt/windows.networking.pushnotifications.h","generation\WinSDK\RecompiledIdlHeaders\winrt\windows.networking.pushnotifications.h"
"winrt","windows.networking.servicediscovery.dnssd.h","/winrt/windows.networking.servicediscovery.dnssd.h","generation\WinSDK\RecompiledIdlHeaders\winrt\windows.networking.servicediscovery.dnssd.h"
"winrt","windows.networking.sockets.h","/winrt/windows.networking.sockets.h","generation\WinSDK\RecompiledIdlHeaders\winrt\windows.networking.sockets.h"
"winrt","windows.networking.vpn.h","/winrt/windows.networking.vpn.h","generation\WinSDK\RecompiledIdlHeaders\winrt\windows.networking.vpn.h"
"winrt","Windows.networking.xboxlive.h","/winrt/Windows.networking.xboxlive.h","generation\WinSDK\RecompiledIdlHeaders\winrt\Windows.networking.xboxlive.h"
"winrt","windows.perception.automation.core.h","/winrt/windows.perception.automation.core.h","generation\WinSDK\RecompiledIdlHeaders\winrt\windows.perception.automation.core.h"
"winrt","windows.perception.h","/winrt/windows.perception.h","generation\WinSDK\RecompiledIdlHeaders\winrt\windows.perception.h"
"winrt","windows.perception.people.h","/winrt/windows.perception.people.h","generation\WinSDK\RecompiledIdlHeaders\winrt\windows.perception.people.h"
"winrt","windows.perception.spatial.h","/winrt/windows.perception.spatial.h","generation\WinSDK\RecompiledIdlHeaders\winrt\windows.perception.spatial.h"
"winrt","windows.perception.spatial.preview.h","/winrt/windows.perception.spatial.preview.h","generation\WinSDK\RecompiledIdlHeaders\winrt\windows.perception.spatial.preview.h"
"winrt","windows.perception.spatial.surfaces.h","/winrt/windows.perception.spatial.surfaces.h","generation\WinSDK\RecompiledIdlHeaders\winrt\windows.perception.spatial.surfaces.h"
"winrt","windows.phone.h","/winrt/windows.phone.h","generation\WinSDK\RecompiledIdlHeaders\winrt\windows.phone.h"
"winrt","windows.phone.networking.voip.h","/winrt/windows.phone.networking.voip.h","generation\WinSDK\RecompiledIdlHeaders\winrt\windows.phone.networking.voip.h"
"winrt","windows.phone.startscreen.h","/winrt/windows.phone.startscreen.h","generation\WinSDK\RecompiledIdlHeaders\winrt\windows.phone.startscreen.h"
"winrt","windows.phone.ui.core.h","/winrt/windows.phone.ui.core.h","generation\WinSDK\RecompiledIdlHeaders\winrt\windows.phone.ui.core.h"
"winrt","windows.security.authentication.identity.core.h","/winrt/windows.security.authentication.identity.core.h","generation\WinSDK\RecompiledIdlHeaders\winrt\windows.security.authentication.identity.core.h"
"winrt","windows.security.authentication.identity.h","/winrt/windows.security.authentication.identity.h","generation\WinSDK\RecompiledIdlHeaders\winrt\windows.security.authentication.identity.h"
"winrt","windows.security.authentication.identity.provider.h","/winrt/windows.security.authentication.identity.provider.h","generation\WinSDK\RecompiledIdlHeaders\winrt\windows.security.authentication.identity.provider.h"
"winrt","windows.security.authentication.onlineid.h","/winrt/windows.security.authentication.onlineid.h","generation\WinSDK\RecompiledIdlHeaders\winrt\windows.security.authentication.onlineid.h"
"winrt","windows.security.authentication.web.core.h","/winrt/windows.security.authentication.web.core.h","generation\WinSDK\RecompiledIdlHeaders\winrt\windows.security.authentication.web.core.h"
"winrt","windows.security.authentication.web.h","/winrt/windows.security.authentication.web.h","generation\WinSDK\RecompiledIdlHeaders\winrt\windows.security.authentication.web.h"
"winrt","windows.security.authentication.web.provider.h","/winrt/windows.security.authentication.web.provider.h","generation\WinSDK\RecompiledIdlHeaders\winrt\windows.security.authentication.web.provider.h"
"winrt","Windows.Security.Authorization.AppCapabilityAccess.h","/winrt/Windows.Security.Authorization.AppCapabilityAccess.h","generation\WinSDK\RecompiledIdlHeaders\winrt\Windows.Security.Authorization.AppCapabilityAccess.h"
"winrt","windows.security.credentials.h","/winrt/windows.security.credentials.h","generation\WinSDK\RecompiledIdlHeaders\winrt\windows.security.credentials.h"
"winrt","windows.security.credentials.ui.h","/winrt/windows.security.credentials.ui.h","generation\WinSDK\RecompiledIdlHeaders\winrt\windows.security.credentials.ui.h"
"winrt","windows.security.cryptography.certificates.h","/winrt/windows.security.cryptography.certificates.h","generation\WinSDK\RecompiledIdlHeaders\winrt\windows.security.cryptography.certificates.h"
"winrt","windows.security.cryptography.core.h","/winrt/windows.security.cryptography.core.h","generation\WinSDK\RecompiledIdlHeaders\winrt\windows.security.cryptography.core.h"
"winrt","windows.security.cryptography.dataprotection.h","/winrt/windows.security.cryptography.dataprotection.h","generation\WinSDK\RecompiledIdlHeaders\winrt\windows.security.cryptography.dataprotection.h"
"winrt","windows.security.cryptography.h","/winrt/windows.security.cryptography.h","generation\WinSDK\RecompiledIdlHeaders\winrt\windows.security.cryptography.h"
"winrt","Windows.Security.DataProtection.h","/winrt/Windows.Security.DataProtection.h","generation\WinSDK\RecompiledIdlHeaders\winrt\Windows.Security.DataProtection.h"
"winrt","Windows.Security.EnterpriseData.h","/winrt/Windows.Security.EnterpriseData.h","generation\WinSDK\RecompiledIdlHeaders\winrt\Windows.Security.EnterpriseData.h"
"winrt","windows.security.exchangeactivesyncprovisioning.h","/winrt/windows.security.exchangeactivesyncprovisioning.h","generation\WinSDK\RecompiledIdlHeaders\winrt\windows.security.exchangeactivesyncprovisioning.h"
"winrt","windows.security.isolation.h","/winrt/windows.security.isolation.h","generation\WinSDK\RecompiledIdlHeaders\winrt\windows.security.isolation.h"
"winrt","windows.services.cortana.h","/winrt/windows.services.cortana.h","generation\WinSDK\RecompiledIdlHeaders\winrt\windows.services.cortana.h"
"winrt","windows.services.maps.guidance.h","/winrt/windows.services.maps.guidance.h","generation\WinSDK\RecompiledIdlHeaders\winrt\windows.services.maps.guidance.h"
"winrt","windows.services.maps.h","/winrt/windows.services.maps.h","generation\WinSDK\RecompiledIdlHeaders\winrt\windows.services.maps.h"
"winrt","windows.services.maps.localsearch.h","/winrt/windows.services.maps.localsearch.h","generation\WinSDK\RecompiledIdlHeaders\winrt\windows.services.maps.localsearch.h"
"winrt","windows.services.maps.offlinemaps.h","/winrt/windows.services.maps.offlinemaps.h","generation\WinSDK\RecompiledIdlHeaders\winrt\windows.services.maps.offlinemaps.h"
"winrt","windows.services.store.h","/winrt/windows.services.store.h","generation\WinSDK\RecompiledIdlHeaders\winrt\windows.services.store.h"
"winrt","Windows.Services.TargetedContent.h","/winrt/Windows.Services.TargetedContent.h","generation\WinSDK\RecompiledIdlHeaders\winrt\Windows.Services.TargetedContent.h"
"winrt","windows.storage.accesscache.h","/winrt/windows.storage.accesscache.h","generation\WinSDK\RecompiledIdlHeaders\winrt\windows.storage.accesscache.h"
"winrt","windows.storage.bulkaccess.h","/winrt/windows.storage.bulkaccess.h","generation\WinSDK\RecompiledIdlHeaders\winrt\windows.storage.bulkaccess.h"
"winrt","windows.storage.compression.h","/winrt/windows.storage.compression.h","generation\WinSDK\RecompiledIdlHeaders\winrt\windows.storage.compression.h"
"winrt","windows.storage.fileproperties.h","/winrt/windows.storage.fileproperties.h","generation\WinSDK\RecompiledIdlHeaders\winrt\windows.storage.fileproperties.h"
"winrt","windows.storage.h","/winrt/windows.storage.h","generation\WinSDK\RecompiledIdlHeaders\winrt\windows.storage.h"
"winrt","windows.storage.pickers.h","/winrt/windows.storage.pickers.h","generation\WinSDK\RecompiledIdlHeaders\winrt\windows.storage.pickers.h"
"winrt","windows.storage.pickers.provider.h","/winrt/windows.storage.pickers.provider.h","generation\WinSDK\RecompiledIdlHeaders\winrt\windows.storage.pickers.provider.h"
"winrt","windows.storage.provider.h","/winrt/windows.storage.provider.h","generation\WinSDK\RecompiledIdlHeaders\winrt\windows.storage.provider.h"
"winrt","windows.storage.search.h","/winrt/windows.storage.search.h","generation\WinSDK\RecompiledIdlHeaders\winrt\windows.storage.search.h"
"winrt","windows.storage.streams.h","/winrt/windows.storage.streams.h","generation\WinSDK\RecompiledIdlHeaders\winrt\windows.storage.streams.h"
"winrt","windows.system.diagnostics.deviceportal.h","/winrt/windows.system.diagnostics.deviceportal.h","generation\WinSDK\RecompiledIdlHeaders\winrt\windows.system.diagnostics.deviceportal.h"
"winrt","windows.system.diagnostics.h","/winrt/windows.system.diagnostics.h","generation\WinSDK\RecompiledIdlHeaders\winrt\windows.system.diagnostics.h"
"winrt","windows.system.diagnostics.telemetry.h","/winrt/windows.system.diagnostics.telemetry.h","generation\WinSDK\RecompiledIdlHeaders\winrt\windows.system.diagnostics.telemetry.h"
"winrt","windows.system.diagnostics.tracereporting.h","/winrt/windows.system.diagnostics.tracereporting.h","generation\WinSDK\RecompiledIdlHeaders\winrt\windows.system.diagnostics.tracereporting.h"
"winrt","windows.system.display.h","/winrt/windows.system.display.h","generation\WinSDK\RecompiledIdlHeaders\winrt\windows.system.display.h"
"winrt","windows.system.h","/winrt/windows.system.h","generation\WinSDK\RecompiledIdlHeaders\winrt\windows.system.h"
"winrt","windows.system.implementation.fileexplorer.h","/winrt/windows.system.implementation.fileexplorer.h","generation\WinSDK\RecompiledIdlHeaders\winrt\windows.system.implementation.fileexplorer.h"
"winrt","windows.system.inventory.h","/winrt/windows.system.inventory.h","generation\WinSDK\RecompiledIdlHeaders\winrt\windows.system.inventory.h"
"winrt","windows.system.power.diagnostics.h","/winrt/windows.system.power.diagnostics.h","generation\WinSDK\RecompiledIdlHeaders\winrt\windows.system.power.diagnostics.h"
"winrt","windows.system.power.h","/winrt/windows.system.power.h","generation\WinSDK\RecompiledIdlHeaders\winrt\windows.system.power.h"
"winrt","windows.system.power.thermal.h","/winrt/windows.system.power.thermal.h","generation\WinSDK\RecompiledIdlHeaders\winrt\windows.system.power.thermal.h"
"winrt","windows.system.preview.h","/winrt/windows.system.preview.h","generation\WinSDK\RecompiledIdlHeaders\winrt\windows.system.preview.h"
"winrt","windows.system.profile.h","/winrt/windows.system.profile.h","generation\WinSDK\RecompiledIdlHeaders\winrt\windows.system.profile.h"
"winrt","windows.system.profile.systemmanufacturers.h","/winrt/windows.system.profile.systemmanufacturers.h","generation\WinSDK\RecompiledIdlHeaders\winrt\windows.system.profile.systemmanufacturers.h"
"winrt","windows.system.remotedesktop.h","/winrt/windows.system.remotedesktop.h","generation\WinSDK\RecompiledIdlHeaders\winrt\windows.system.remotedesktop.h"
"winrt","windows.system.remotedesktop.input.h","/winrt/windows.system.remotedesktop.input.h","generation\WinSDK\RecompiledIdlHeaders\winrt\windows.system.remotedesktop.input.h"
"winrt","windows.system.remotedesktop.provider.h","/winrt/windows.system.remotedesktop.provider.h","generation\WinSDK\RecompiledIdlHeaders\winrt\windows.system.remotedesktop.provider.h"
"winrt","Windows.System.RemoteSystems.h","/winrt/Windows.System.RemoteSystems.h","generation\WinSDK\RecompiledIdlHeaders\winrt\Windows.System.RemoteSystems.h"
"winrt","windows.system.systemmanagement.h","/winrt/windows.system.systemmanagement.h","generation\WinSDK\RecompiledIdlHeaders\winrt\windows.system.systemmanagement.h"
"winrt","windows.system.threading.core.h","/winrt/windows.system.threading.core.h","generation\WinSDK\RecompiledIdlHeaders\winrt\windows.system.threading.core.h"
"winrt","windows.system.threading.h","/winrt/windows.system.threading.h","generation\WinSDK\RecompiledIdlHeaders\winrt\windows.system.threading.h"
"winrt","windows.system.update.h","/winrt/windows.system.update.h","generation\WinSDK\RecompiledIdlHeaders\winrt\windows.system.update.h"
"winrt","windows.system.userprofile.h","/winrt/windows.system.userprofile.h","generation\WinSDK\RecompiledIdlHeaders\winrt\windows.system.userprofile.h"
"winrt","windows.ui.accessibility.h","/winrt/windows.ui.accessibility.h","generation\WinSDK\RecompiledIdlHeaders\winrt\windows.ui.accessibility.h"
"winrt","windows.ui.applicationsettings.h","/winrt/windows.ui.applicationsettings.h","generation\WinSDK\RecompiledIdlHeaders\winrt\windows.ui.applicationsettings.h"
"winrt","windows.ui.composition.core.h","/winrt/windows.ui.composition.core.h","generation\WinSDK\RecompiledIdlHeaders\winrt\windows.ui.composition.core.h"
"winrt","windows.ui.composition.desktop.h","/winrt/windows.ui.composition.desktop.h","generation\WinSDK\RecompiledIdlHeaders\winrt\windows.ui.composition.desktop.h"
"winrt","windows.ui.composition.diagnostics.h","/winrt/windows.ui.composition.diagnostics.h","generation\WinSDK\RecompiledIdlHeaders\winrt\windows.ui.composition.diagnostics.h"
"winrt","windows.ui.composition.effects.h","/winrt/windows.ui.composition.effects.h","generation\WinSDK\RecompiledIdlHeaders\winrt\windows.ui.composition.effects.h"
"winrt","windows.ui.composition.h","/winrt/windows.ui.composition.h","generation\WinSDK\RecompiledIdlHeaders\winrt\windows.ui.composition.h"
"winrt","windows.ui.composition.interactions.h","/winrt/windows.ui.composition.interactions.h","generation\WinSDK\RecompiledIdlHeaders\winrt\windows.ui.composition.interactions.h"
"winrt","windows.ui.composition.interop.h","/winrt/windows.ui.composition.interop.h","generation\WinSDK\RecompiledIdlHeaders\winrt\windows.ui.composition.interop.h"
"winrt","windows.ui.composition.scenes.h","/winrt/windows.ui.composition.scenes.h","generation\WinSDK\RecompiledIdlHeaders\winrt\windows.ui.composition.scenes.h"
"winrt","windows.ui.core.animationmetrics.h","/winrt/windows.ui.core.animationmetrics.h","generation\WinSDK\RecompiledIdlHeaders\winrt\windows.ui.core.animationmetrics.h"
"winrt","Windows.UI.Core.CoreWindowFactory.h","/winrt/Windows.UI.Core.CoreWindowFactory.h","generation\WinSDK\RecompiledIdlHeaders\winrt\Windows.UI.Core.CoreWindowFactory.h"
"winrt","windows.ui.core.h","/winrt/windows.ui.core.h","generation\WinSDK\RecompiledIdlHeaders\winrt\windows.ui.core.h"
"winrt","windows.ui.core.preview.h","/winrt/windows.ui.core.preview.h","generation\WinSDK\RecompiledIdlHeaders\winrt\windows.ui.core.preview.h"
"winrt","windows.ui.h","/winrt/windows.ui.h","generation\WinSDK\RecompiledIdlHeaders\winrt\windows.ui.h"
"winrt","windows.ui.input.core.h","/winrt/windows.ui.input.core.h","generation\WinSDK\RecompiledIdlHeaders\winrt\windows.ui.input.core.h"
"winrt","windows.ui.input.h","/winrt/windows.ui.input.h","generation\WinSDK\RecompiledIdlHeaders\winrt\windows.ui.input.h"
"winrt","windows.ui.input.inking.analysis.h","/winrt/windows.ui.input.inking.analysis.h","generation\WinSDK\RecompiledIdlHeaders\winrt\windows.ui.input.inking.analysis.h"
"winrt","windows.ui.input.inking.core.h","/winrt/windows.ui.input.inking.core.h","generation\WinSDK\RecompiledIdlHeaders\winrt\windows.ui.input.inking.core.h"
"winrt","windows.ui.input.inking.h","/winrt/windows.ui.input.inking.h","generation\WinSDK\RecompiledIdlHeaders\winrt\windows.ui.input.inking.h"
"winrt","windows.ui.input.inking.preview.h","/winrt/windows.ui.input.inking.preview.h","generation\WinSDK\RecompiledIdlHeaders\winrt\windows.ui.input.inking.preview.h"
"winrt","windows.ui.input.preview.h","/winrt/windows.ui.input.preview.h","generation\WinSDK\RecompiledIdlHeaders\winrt\windows.ui.input.preview.h"
"winrt","windows.ui.input.preview.injection.h","/winrt/windows.ui.input.preview.injection.h","generation\WinSDK\RecompiledIdlHeaders\winrt\windows.ui.input.preview.injection.h"
"winrt","windows.ui.input.preview.text.h","/winrt/windows.ui.input.preview.text.h","generation\WinSDK\RecompiledIdlHeaders\winrt\windows.ui.input.preview.text.h"
"winrt","windows.ui.input.spatial.h","/winrt/windows.ui.input.spatial.h","generation\WinSDK\RecompiledIdlHeaders\winrt\windows.ui.input.spatial.h"
"winrt","windows.ui.notifications.h","/winrt/windows.ui.notifications.h","generation\WinSDK\RecompiledIdlHeaders\winrt\windows.ui.notifications.h"
"winrt","windows.ui.notifications.management.h","/winrt/windows.ui.notifications.management.h","generation\WinSDK\RecompiledIdlHeaders\winrt\windows.ui.notifications.management.h"
"winrt","windows.ui.notifications.preview.h","/winrt/windows.ui.notifications.preview.h","generation\WinSDK\RecompiledIdlHeaders\winrt\windows.ui.notifications.preview.h"
"winrt","windows.ui.popups.h","/winrt/windows.ui.popups.h","generation\WinSDK\RecompiledIdlHeaders\winrt\windows.ui.popups.h"
"winrt","windows.ui.shell.companionwindows.h","/winrt/windows.ui.shell.companionwindows.h","generation\WinSDK\RecompiledIdlHeaders\winrt\windows.ui.shell.companionwindows.h"
"winrt","windows.ui.shell.h","/winrt/windows.ui.shell.h","generation\WinSDK\RecompiledIdlHeaders\winrt\windows.ui.shell.h"
"winrt","windows.ui.shell.tasks.h","/winrt/windows.ui.shell.tasks.h","generation\WinSDK\RecompiledIdlHeaders\winrt\windows.ui.shell.tasks.h"
"winrt","windows.ui.startscreen.h","/winrt/windows.ui.startscreen.h","generation\WinSDK\RecompiledIdlHeaders\winrt\windows.ui.startscreen.h"
"winrt","windows.ui.text.core.h","/winrt/windows.ui.text.core.h","generation\WinSDK\RecompiledIdlHeaders\winrt\windows.ui.text.core.h"
"winrt","windows.ui.text.h","/winrt/windows.ui.text.h","generation\WinSDK\RecompiledIdlHeaders\winrt\windows.ui.text.h"
"winrt","windows.ui.uiautomation.core.h","/winrt/windows.ui.uiautomation.core.h","generation\WinSDK\RecompiledIdlHeaders\winrt\windows.ui.uiautomation.core.h"
"winrt","windows.ui.uiautomation.h","/winrt/windows.ui.uiautomation.h","generation\WinSDK\RecompiledIdlHeaders\winrt\windows.ui.uiautomation.h"
"winrt","windows.ui.viewmanagement.core.h","/winrt/windows.ui.viewmanagement.core.h","generation\WinSDK\RecompiledIdlHeaders\winrt\windows.ui.viewmanagement.core.h"
"winrt","windows.ui.viewmanagement.h","/winrt/windows.ui.viewmanagement.h","generation\WinSDK\RecompiledIdlHeaders\winrt\windows.ui.viewmanagement.h"
"winrt","windows.ui.webui.h","/winrt/windows.ui.webui.h","generation\WinSDK\RecompiledIdlHeaders\winrt\windows.ui.webui.h"
"winrt","windows.ui.windowmanagement.h","/winrt/windows.ui.windowmanagement.h","generation\WinSDK\RecompiledIdlHeaders\winrt\windows.ui.windowmanagement.h"
"winrt","windows.ui.windowmanagement.preview.h","/winrt/windows.ui.windowmanagement.preview.h","generation\WinSDK\RecompiledIdlHeaders\winrt\windows.ui.windowmanagement.preview.h"
"winrt","windows.ui.xaml.automation.h","/winrt/windows.ui.xaml.automation.h","generation\WinSDK\RecompiledIdlHeaders\winrt\windows.ui.xaml.automation.h"
"winrt","windows.ui.xaml.automation.peers.h","/winrt/windows.ui.xaml.automation.peers.h","generation\WinSDK\RecompiledIdlHeaders\winrt\windows.ui.xaml.automation.peers.h"
"winrt","windows.ui.xaml.automation.provider.h","/winrt/windows.ui.xaml.automation.provider.h","generation\WinSDK\RecompiledIdlHeaders\winrt\windows.ui.xaml.automation.provider.h"
"winrt","windows.ui.xaml.automation.text.h","/winrt/windows.ui.xaml.automation.text.h","generation\WinSDK\RecompiledIdlHeaders\winrt\windows.ui.xaml.automation.text.h"
"winrt","windows.ui.xaml.controls.h","/winrt/windows.ui.xaml.controls.h","generation\WinSDK\RecompiledIdlHeaders\winrt\windows.ui.xaml.controls.h"
"winrt","windows.ui.xaml.controls.maps.h","/winrt/windows.ui.xaml.controls.maps.h","generation\WinSDK\RecompiledIdlHeaders\winrt\windows.ui.xaml.controls.maps.h"
"winrt","windows.ui.xaml.controls.primitives.h","/winrt/windows.ui.xaml.controls.primitives.h","generation\WinSDK\RecompiledIdlHeaders\winrt\windows.ui.xaml.controls.primitives.h"
"winrt","windows.ui.xaml.core.direct.h","/winrt/windows.ui.xaml.core.direct.h","generation\WinSDK\RecompiledIdlHeaders\winrt\windows.ui.xaml.core.direct.h"
"winrt","windows.ui.xaml.data.h","/winrt/windows.ui.xaml.data.h","generation\WinSDK\RecompiledIdlHeaders\winrt\windows.ui.xaml.data.h"
"winrt","windows.ui.xaml.documents.h","/winrt/windows.ui.xaml.documents.h","generation\WinSDK\RecompiledIdlHeaders\winrt\windows.ui.xaml.documents.h"
"winrt","windows.ui.xaml.h","/winrt/windows.ui.xaml.h","generation\WinSDK\RecompiledIdlHeaders\winrt\windows.ui.xaml.h"
"winrt","windows.ui.xaml.hosting.h","/winrt/windows.ui.xaml.hosting.h","generation\WinSDK\RecompiledIdlHeaders\winrt\windows.ui.xaml.hosting.h"
"winrt","windows.ui.xaml.input.h","/winrt/windows.ui.xaml.input.h","generation\WinSDK\RecompiledIdlHeaders\winrt\windows.ui.xaml.input.h"
"winrt","windows.ui.xaml.interop.h","/winrt/windows.ui.xaml.interop.h","generation\WinSDK\RecompiledIdlHeaders\winrt\windows.ui.xaml.interop.h"
"winrt","windows.ui.xaml.markup.h","/winrt/windows.ui.xaml.markup.h","generation\WinSDK\RecompiledIdlHeaders\winrt\windows.ui.xaml.markup.h"
"winrt","windows.ui.xaml.media.animation.h","/winrt/windows.ui.xaml.media.animation.h","generation\WinSDK\RecompiledIdlHeaders\winrt\windows.ui.xaml.media.animation.h"
"winrt","windows.ui.xaml.media.h","/winrt/windows.ui.xaml.media.h","generation\WinSDK\RecompiledIdlHeaders\winrt\windows.ui.xaml.media.h"
"winrt","windows.ui.xaml.media.imaging.h","/winrt/windows.ui.xaml.media.imaging.h","generation\WinSDK\RecompiledIdlHeaders\winrt\windows.ui.xaml.media.imaging.h"
"winrt","windows.ui.xaml.media.media3d.h","/winrt/windows.ui.xaml.media.media3d.h","generation\WinSDK\RecompiledIdlHeaders\winrt\windows.ui.xaml.media.media3d.h"
"winrt","windows.ui.xaml.navigation.h","/winrt/windows.ui.xaml.navigation.h","generation\WinSDK\RecompiledIdlHeaders\winrt\windows.ui.xaml.navigation.h"
"winrt","windows.ui.xaml.printing.h","/winrt/windows.ui.xaml.printing.h","generation\WinSDK\RecompiledIdlHeaders\winrt\windows.ui.xaml.printing.h"
"winrt","windows.ui.xaml.resources.h","/winrt/windows.ui.xaml.resources.h","generation\WinSDK\RecompiledIdlHeaders\winrt\windows.ui.xaml.resources.h"
"winrt","windows.ui.xaml.shapes.h","/winrt/windows.ui.xaml.shapes.h","generation\WinSDK\RecompiledIdlHeaders\winrt\windows.ui.xaml.shapes.h"
"winrt","windows.web.atompub.h","/winrt/windows.web.atompub.h","generation\WinSDK\RecompiledIdlHeaders\winrt\windows.web.atompub.h"
"winrt","windows.web.h","/winrt/windows.web.h","generation\WinSDK\RecompiledIdlHeaders\winrt\windows.web.h"
"winrt","windows.web.http.diagnostics.h","/winrt/windows.web.http.diagnostics.h","generation\WinSDK\RecompiledIdlHeaders\winrt\windows.web.http.diagnostics.h"
"winrt","windows.web.http.filters.h","/winrt/windows.web.http.filters.h","generation\WinSDK\RecompiledIdlHeaders\winrt\windows.web.http.filters.h"
"winrt","windows.web.http.h","/winrt/windows.web.http.h","generation\WinSDK\RecompiledIdlHeaders\winrt\windows.web.http.h"
"winrt","windows.web.http.headers.h","/winrt/windows.web.http.headers.h","generation\WinSDK\RecompiledIdlHeaders\winrt\windows.web.http.headers.h"
"winrt","windows.web.syndication.h","/winrt/windows.web.syndication.h","generation\WinSDK\RecompiledIdlHeaders\winrt\windows.web.syndication.h"
"winrt","Windows.Web.UI.h","/winrt/Windows.Web.UI.h","generation\WinSDK\RecompiledIdlHeaders\winrt\Windows.Web.UI.h"
"winrt","Windows.Web.UI.Interop.h","/winrt/Windows.Web.UI.Interop.h","generation\WinSDK\RecompiledIdlHeaders\winrt\Windows.Web.UI.Interop.h"
"winrt","WindowsContracts.h","/winrt/WindowsContracts.h","generation\WinSDK\RecompiledIdlHeaders\winrt\WindowsContracts.h"
"winrt","WinRTBase.h","/winrt/WinRTBase.h","generation\WinSDK\RecompiledIdlHeaders\winrt\WinRTBase.h"
"winrt","WinRTRTTI.h","/winrt/WinRTRTTI.h","generation\WinSDK\RecompiledIdlHeaders\winrt\WinRTRTTI.h"
"winrt","winstring.h","/winrt/winstring.h","generation\WinSDK\RecompiledIdlHeaders\winrt\winstring.h"
"winrt","wrl.h","/winrt/wrl.h","generation\WinSDK\RecompiledIdlHeaders\winrt\wrl.h"
"winrt","async.h","/winrt/wrl/async.h","generation\WinSDK\RecompiledIdlHeaders\winrt\wrl\async.h"
"winrt","client.h","/winrt/wrl/client.h","generation\WinSDK\RecompiledIdlHeaders\winrt\wrl\client.h"
"winrt","def.h","/winrt/wrl/def.h","generation\WinSDK\RecompiledIdlHeaders\winrt\wrl\def.h"
"winrt","event.h","/winrt/wrl/event.h","generation\WinSDK\RecompiledIdlHeaders\winrt\wrl\event.h"
"winrt","ftm.h","/winrt/wrl/ftm.h","generation\WinSDK\RecompiledIdlHeaders\winrt\wrl\ftm.h"
"winrt","implements.h","/winrt/wrl/implements.h","generation\WinSDK\RecompiledIdlHeaders\winrt\wrl\implements.h"
"winrt","internal.h","/winrt/wrl/internal.h","generation\WinSDK\RecompiledIdlHeaders\winrt\wrl\internal.h"
"winrt","module.h","/winrt/wrl/module.h","generation\WinSDK\RecompiledIdlHeaders\winrt\wrl\module.h"
"winrt","corewrappers.h","/winrt/wrl/wrappers/corewrappers.h","generation\WinSDK\RecompiledIdlHeaders\winrt\wrl\wrappers\corewrappers.h"
"winrt","Wsdevlicensing.h","/winrt/Wsdevlicensing.h","generation\WinSDK\RecompiledIdlHeaders\winrt\Wsdevlicensing.h"
